cuenta,trade_id,created_at,ancla,estado_alcance,precio_partida,tf_partida,evp,si,tesis,calc_edge,bias_original,segmento,s1_estado,s1_nivel,verdad,toque_hora,toque_tf,horas_al_toque,s4,overlap,overlap_b,p2_disc,modelo,cubierto,faltan_tf,pesos,score,reescalado,prediccion,acierto,senal_1W,senal_1D,senal_12H,senal_4H,senal_2H,senal_1H,senal_30M,senal_15M,senal_5M,velas_1W,velas_1D,velas_12H,velas_4H,velas_2H,velas_1H,velas_30M,velas_15M,velas_5M
XAUUSD,2834cbeb-b65f-4cad-97ca-1807e3193b23,2026-05-18 07:00:00.000000,2026-05-18 06:40:00.000000,in_scope,4561.66,1M,4584.0,4520.0,long,0.225,Choppy / Neutral,Choppy,resolved,validation,1.0,2026-05-18 07:54:00,1M,1.2333,dentro,False,,0,A,True,,1W=0.3 1D=0.25 12H=0.2 4H=0.15 1H=0.1,-0.15,0.0,0.0,,0.0,0.0,-0.0,-1.0,,0.0,,,,1465.0,1132.0,1137.0,1155.0,,1141.0,,,
XAUUSD,2834cbeb-b65f-4cad-97ca-1807e3193b23,2026-05-18 07:00:00.000000,2026-05-18 06:40:00.000000,in_scope,4561.66,1M,4584.0,4520.0,long,0.225,Choppy / Neutral,Choppy,resolved,validation,1.0,2026-05-18 07:54:00,1M,1.2333,dentro,False,,0,B,True,,1W=0.15 1D=0.2 12H=0.3 4H=0.2 1H=0.15,-0.2,0.0,0.0,,0.0,0.0,0.0,-1.0,,0.0,,,,1465.0,1132.0,1137.0,1155.0,,1141.0,,,
XAUUSD,2834cbeb-b65f-4cad-97ca-1807e3193b23,2026-05-18 07:00:00.000000,2026-05-18 06:40:00.000000,in_scope,4561.66,1M,4584.0,4520.0,long,0.225,Choppy / Neutral,Choppy,resolved,validation,1.0,2026-05-18 07:54:00,1M,1.2333,dentro,False,,0,C,True,,1W=0.15 1D=0.2 12H=0.3 4H=0.2 1H=0.15,-0.2,0.0,0.0,,0.0,0.0,0.0,-1.0,,0.0,,,,1465.0,1132.0,1137.0,1155.0,,1141.0,,,
XAUUSD,2834cbeb-b65f-4cad-97ca-1807e3193b23,2026-05-18 07:00:00.000000,2026-05-18 06:40:00.000000,in_scope,4561.66,1M,4584.0,4520.0,long,0.225,Choppy / Neutral,Choppy,resolved,validation,1.0,2026-05-18 07:54:00,1M,1.2333,dentro,False,,0,D,True,,1W=0.08 1D=0.12 12H=0.17 4H=0.22 1H=0.26 30M=0.15,-0.22,0.0,0.0,,0.0,0.0,0.0,-1.0,,0.0,0.0,,,1465.0,1132.0,1137.0,1155.0,,1141.0,1303.0,,
XAUUSD,2834cbeb-b65f-4cad-97ca-1807e3193b23,2026-05-18 07:00:00.000000,2026-05-18 06:40:00.000000,in_scope,4561.66,1M,4584.0,4520.0,long,0.225,Choppy / Neutral,Choppy,resolved,validation,1.0,2026-05-18 07:54:00,1M,1.2333,dentro,False,,0,E,True,,1W=0.07 1D=0.1 12H=0.14 4H=0.19 1H=0.24 30M=0.16 15M=0.1,-0.19,0.0,0.0,,0.0,0.0,0.0,-1.0,,0.0,0.0,0.0,,1465.0,1132.0,1137.0,1155.0,,1141.0,1303.0,1438.0,
XAUUSD,2834cbeb-b65f-4cad-97ca-1807e3193b23,2026-05-18 07:00:00.000000,2026-05-18 06:40:00.000000,in_scope,4561.66,1M,4584.0,4520.0,long,0.225,Choppy / Neutral,Choppy,resolved,validation,1.0,2026-05-18 07:54:00,1M,1.2333,dentro,False,,0,F,True,,1W=0.09412 1D=0.1412 12H=0.2 4H=0.2588 1H=0.3059,-0.25882352941176473,-1.0,-1.0,0.0,0.0,0.0,0.0,-1.0,,0.0,,,,1465.0,1132.0,1137.0,1155.0,,1141.0,,,
XAUUSD,2834cbeb-b65f-4cad-97ca-1807e3193b23,2026-05-18 07:00:00.000000,2026-05-18 06:40:00.000000,in_scope,4561.66,1M,4584.0,4520.0,long,0.225,Choppy / Neutral,Choppy,resolved,validation,1.0,2026-05-18 07:54:00,1M,1.2333,dentro,False,,0,G,True,,1W=0.1 1D=0.1 12H=0.1 4H=0.1 1H=0.2 30M=0.2 15M=0.2,-0.1,0.0,0.0,,0.0,0.0,0.0,-1.0,,0.0,0.0,0.0,,1465.0,1132.0,1137.0,1155.0,,1141.0,1303.0,1438.0,
XAUUSD,2834cbeb-b65f-4cad-97ca-1807e3193b23,2026-05-18 07:00:00.000000,2026-05-18 06:40:00.000000,in_scope,4561.66,1M,4584.0,4520.0,long,0.225,Choppy / Neutral,Choppy,resolved,validation,1.0,2026-05-18 07:54:00,1M,1.2333,dentro,False,,0,D-EQ,True,,1W=0.1667 1D=0.1667 12H=0.1667 4H=0.1667 1H=0.1667 30M=0.1667,-0.16666666666666666,0.0,0.0,,0.0,0.0,0.0,-1.0,,0.0,0.0,,,1465.0,1132.0,1137.0,1155.0,,1141.0,1303.0,,
XAUUSD,2834cbeb-b65f-4cad-97ca-1807e3193b23,2026-05-18 07:00:00.000000,2026-05-18 06:40:00.000000,in_scope,4561.66,1M,4584.0,4520.0,long,0.225,Choppy / Neutral,Choppy,resolved,validation,1.0,2026-05-18 07:54:00,1M,1.2333,dentro,False,,0,2A,True,,1D=0.2 2H=0.2 1H=0.2 30M=0.2 5M=0.2,-0.2,0.0,0.0,,,0.0,,,-1.0,0.0,0.0,,0.0,,1132.0,,,1177.0,1141.0,1303.0,,2364.0
XAUUSD,2834cbeb-b65f-4cad-97ca-1807e3193b23,2026-05-18 07:00:00.000000,2026-05-18 06:40:00.000000,in_scope,4561.66,1M,4584.0,4520.0,long,0.225,Choppy / Neutral,Choppy,resolved,validation,1.0,2026-05-18 07:54:00,1M,1.2333,dentro,False,,0,2B,True,,1D=0.1 2H=0.25 1H=0.25 30M=0.2 5M=0.2,-0.25,-1.0,-1.0,0.0,,0.0,,,-1.0,0.0,0.0,,0.0,,1132.0,,,1177.0,1141.0,1303.0,,2364.0
XAUUSD,2834cbeb-b65f-4cad-97ca-1807e3193b23,2026-05-18 07:00:00.000000,2026-05-18 06:40:00.000000,in_scope,4561.66,1M,4584.0,4520.0,long,0.225,Choppy / Neutral,Choppy,resolved,validation,1.0,2026-05-18 07:54:00,1M,1.2333,dentro,False,,0,2C,True,,1D=0.2 2H=0.2 1H=0.2 30M=0.3 5M=0.1,-0.2,0.0,0.0,,,0.0,,,-1.0,0.0,0.0,,0.0,,1132.0,,,1177.0,1141.0,1303.0,,2364.0
XAUUSD,2834cbeb-b65f-4cad-97ca-1807e3193b23,2026-05-18 07:00:00.000000,2026-05-18 06:40:00.000000,in_scope,4561.66,1M,4584.0,4520.0,long,0.225,Choppy / Neutral,Choppy,resolved,validation,1.0,2026-05-18 07:54:00,1M,1.2333,dentro,False,,0,2D,True,,1D=0.15 2H=0.3 1H=0.25 30M=0.2 5M=0.1,-0.3,-1.0,-1.0,0.0,,0.0,,,-1.0,0.0,0.0,,0.0,,1132.0,,,1177.0,1141.0,1303.0,,2364.0
XAUUSD,2834cbeb-b65f-4cad-97ca-1807e3193b23,2026-05-18 07:00:00.000000,2026-05-18 06:40:00.000000,in_scope,4561.66,1M,4584.0,4520.0,long,0.225,Choppy / Neutral,Choppy,resolved,validation,1.0,2026-05-18 07:54:00,1M,1.2333,dentro,False,,0,2E,True,,1D=0.1 2H=0.25 1H=0.3 30M=0.25 5M=0.1,-0.25,-1.0,-1.0,0.0,,0.0,,,-1.0,0.0,0.0,,0.0,,1132.0,,,1177.0,1141.0,1303.0,,2364.0
XAUUSD,2834cbeb-b65f-4cad-97ca-1807e3193b23,2026-05-18 07:00:00.000000,2026-05-18 06:40:00.000000,in_scope,4561.66,1M,4584.0,4520.0,long,0.225,Choppy / Neutral,Choppy,resolved,validation,1.0,2026-05-18 07:54:00,1M,1.2333,dentro,False,,0,P2-DISC,True,,,0.0,,0.0,,,,,,,,,,,,,,,,,,,
XAUUSD,2834cbeb-b65f-4cad-97ca-1807e3193b23,2026-05-18 07:00:00.000000,2026-05-18 06:40:00.000000,in_scope,4561.66,1M,4584.0,4520.0,long,0.225,Choppy / Neutral,Choppy,resolved,validation,1.0,2026-05-18 07:54:00,1M,1.2333,dentro,False,,0,2F-LOO,True,,1D=0 2H=0.5 1H=0 30M=0.25 5M=0.25,,,-1.0,0.0,,0.0,,,-1.0,0.0,0.0,,0.0,,,,,,,,,
XAUUSD,1998959d-7ea9-4d3e-8f82-1ec007021143,2026-05-19 06:55:18.918597,,missing_levels,,,,,,0.0,Choppy / Neutral,Choppy,,,,,,,,,,-1,(fuera de alcance),,,,,,,,,,,,,,,,,,,,,,,,,
XAUUSD,0a68d499-0175-4048-acc4-8412edbb51c4,2026-05-20 06:44:53.658023,2026-05-20 06:24:53.658023,in_scope,4494.84,1M,4520.0,4455.0,long,0.075,Choppy / Neutral,Choppy,resolved,validation,1.0,2026-05-20 08:30:00,1M,2.0851,dentro,False,,1,A,True,,1W=0.3 1D=0.25 12H=0.2 4H=0.15 1H=0.1,-0.25,-1.0,-1.0,0.0,0.0,0.0,-0.5,-1.0,,0.0,,,,1465.0,1134.0,1141.0,1167.0,,1187.0,,,
XAUUSD,0a68d499-0175-4048-acc4-8412edbb51c4,2026-05-20 06:44:53.658023,2026-05-20 06:24:53.658023,in_scope,4494.84,1M,4520.0,4455.0,long,0.075,Choppy / Neutral,Choppy,resolved,validation,1.0,2026-05-20 08:30:00,1M,2.0851,dentro,False,,1,B,True,,1W=0.15 1D=0.2 12H=0.3 4H=0.2 1H=0.15,-0.2,0.0,0.0,,0.0,0.0,0.0,-1.0,,0.0,,,,1465.0,1134.0,1141.0,1167.0,,1187.0,,,
XAUUSD,0a68d499-0175-4048-acc4-8412edbb51c4,2026-05-20 06:44:53.658023,2026-05-20 06:24:53.658023,in_scope,4494.84,1M,4520.0,4455.0,long,0.075,Choppy / Neutral,Choppy,resolved,validation,1.0,2026-05-20 08:30:00,1M,2.0851,dentro,False,,1,C,True,,1W=0.15 1D=0.2 12H=0.3 4H=0.2 1H=0.15,-0.2,0.0,0.0,,0.0,0.0,0.0,-1.0,,0.0,,,,1465.0,1134.0,1141.0,1167.0,,1187.0,,,
XAUUSD,0a68d499-0175-4048-acc4-8412edbb51c4,2026-05-20 06:44:53.658023,2026-05-20 06:24:53.658023,in_scope,4494.84,1M,4520.0,4455.0,long,0.075,Choppy / Neutral,Choppy,resolved,validation,1.0,2026-05-20 08:30:00,1M,2.0851,dentro,False,,1,D,True,,1W=0.08 1D=0.12 12H=0.17 4H=0.22 1H=0.26 30M=0.15,-0.22,0.0,0.0,,0.0,0.0,0.0,-1.0,,0.0,0.0,,,1465.0,1134.0,1141.0,1167.0,,1187.0,1394.0,,
XAUUSD,0a68d499-0175-4048-acc4-8412edbb51c4,2026-05-20 06:44:53.658023,2026-05-20 06:24:53.658023,in_scope,4494.84,1M,4520.0,4455.0,long,0.075,Choppy / Neutral,Choppy,resolved,validation,1.0,2026-05-20 08:30:00,1M,2.0851,dentro,False,,1,E,True,,1W=0.07 1D=0.1 12H=0.14 4H=0.19 1H=0.24 30M=0.16 15M=0.1,-0.19,0.0,0.0,,0.0,0.0,0.0,-1.0,,0.0,0.0,0.0,,1465.0,1134.0,1141.0,1167.0,,1187.0,1394.0,1621.0,
XAUUSD,0a68d499-0175-4048-acc4-8412edbb51c4,2026-05-20 06:44:53.658023,2026-05-20 06:24:53.658023,in_scope,4494.84,1M,4520.0,4455.0,long,0.075,Choppy / Neutral,Choppy,resolved,validation,1.0,2026-05-20 08:30:00,1M,2.0851,dentro,False,,1,F,True,,1W=0.09412 1D=0.1412 12H=0.2 4H=0.2588 1H=0.3059,-0.25882352941176473,-1.0,-1.0,0.0,0.0,0.0,0.0,-1.0,,0.0,,,,1465.0,1134.0,1141.0,1167.0,,1187.0,,,
XAUUSD,0a68d499-0175-4048-acc4-8412edbb51c4,2026-05-20 06:44:53.658023,2026-05-20 06:24:53.658023,in_scope,4494.84,1M,4520.0,4455.0,long,0.075,Choppy / Neutral,Choppy,resolved,validation,1.0,2026-05-20 08:30:00,1M,2.0851,dentro,False,,1,G,True,,1W=0.1 1D=0.1 12H=0.1 4H=0.1 1H=0.2 30M=0.2 15M=0.2,-0.1,0.0,0.0,,0.0,0.0,0.0,-1.0,,0.0,0.0,0.0,,1465.0,1134.0,1141.0,1167.0,,1187.0,1394.0,1621.0,
XAUUSD,0a68d499-0175-4048-acc4-8412edbb51c4,2026-05-20 06:44:53.658023,2026-05-20 06:24:53.658023,in_scope,4494.84,1M,4520.0,4455.0,long,0.075,Choppy / Neutral,Choppy,resolved,validation,1.0,2026-05-20 08:30:00,1M,2.0851,dentro,False,,1,D-EQ,True,,1W=0.1667 1D=0.1667 12H=0.1667 4H=0.1667 1H=0.1667 30M=0.1667,-0.16666666666666666,0.0,0.0,,0.0,0.0,0.0,-1.0,,0.0,0.0,,,1465.0,1134.0,1141.0,1167.0,,1187.0,1394.0,,
XAUUSD,0a68d499-0175-4048-acc4-8412edbb51c4,2026-05-20 06:44:53.658023,2026-05-20 06:24:53.658023,in_scope,4494.84,1M,4520.0,4455.0,long,0.075,Choppy / Neutral,Choppy,resolved,validation,1.0,2026-05-20 08:30:00,1M,2.0851,dentro,False,,1,2A,True,,1D=0.2 2H=0.2 1H=0.2 30M=0.2 5M=0.2,-0.2,0.0,0.0,,,0.0,,,-1.0,0.0,0.0,,0.0,,1134.0,,,1201.0,1187.0,1394.0,,2912.0
XAUUSD,0a68d499-0175-4048-acc4-8412edbb51c4,2026-05-20 06:44:53.658023,2026-05-20 06:24:53.658023,in_scope,4494.84,1M,4520.0,4455.0,long,0.075,Choppy / Neutral,Choppy,resolved,validation,1.0,2026-05-20 08:30:00,1M,2.0851,dentro,False,,1,2B,True,,1D=0.1 2H=0.25 1H=0.25 30M=0.2 5M=0.2,-0.25,-1.0,-1.0,0.0,,0.0,,,-1.0,0.0,0.0,,0.0,,1134.0,,,1201.0,1187.0,1394.0,,2912.0
XAUUSD,0a68d499-0175-4048-acc4-8412edbb51c4,2026-05-20 06:44:53.658023,2026-05-20 06:24:53.658023,in_scope,4494.84,1M,4520.0,4455.0,long,0.075,Choppy / Neutral,Choppy,resolved,validation,1.0,2026-05-20 08:30:00,1M,2.0851,dentro,False,,1,2C,True,,1D=0.2 2H=0.2 1H=0.2 30M=0.3 5M=0.1,-0.2,0.0,0.0,,,0.0,,,-1.0,0.0,0.0,,0.0,,1134.0,,,1201.0,1187.0,1394.0,,2912.0
XAUUSD,0a68d499-0175-4048-acc4-8412edbb51c4,2026-05-20 06:44:53.658023,2026-05-20 06:24:53.658023,in_scope,4494.84,1M,4520.0,4455.0,long,0.075,Choppy / Neutral,Choppy,resolved,validation,1.0,2026-05-20 08:30:00,1M,2.0851,dentro,False,,1,2D,True,,1D=0.15 2H=0.3 1H=0.25 30M=0.2 5M=0.1,-0.3,-1.0,-1.0,0.0,,0.0,,,-1.0,0.0,0.0,,0.0,,1134.0,,,1201.0,1187.0,1394.0,,2912.0
XAUUSD,0a68d499-0175-4048-acc4-8412edbb51c4,2026-05-20 06:44:53.658023,2026-05-20 06:24:53.658023,in_scope,4494.84,1M,4520.0,4455.0,long,0.075,Choppy / Neutral,Choppy,resolved,validation,1.0,2026-05-20 08:30:00,1M,2.0851,dentro,False,,1,2E,True,,1D=0.1 2H=0.25 1H=0.3 30M=0.25 5M=0.1,-0.25,-1.0,-1.0,0.0,,0.0,,,-1.0,0.0,0.0,,0.0,,1134.0,,,1201.0,1187.0,1394.0,,2912.0
XAUUSD,0a68d499-0175-4048-acc4-8412edbb51c4,2026-05-20 06:44:53.658023,2026-05-20 06:24:53.658023,in_scope,4494.84,1M,4520.0,4455.0,long,0.075,Choppy / Neutral,Choppy,resolved,validation,1.0,2026-05-20 08:30:00,1M,2.0851,dentro,False,,1,P2-DISC,True,,,1.0,,1.0,1.0,,,,,,,,,,,,,,,,,,
XAUUSD,0a68d499-0175-4048-acc4-8412edbb51c4,2026-05-20 06:44:53.658023,2026-05-20 06:24:53.658023,in_scope,4494.84,1M,4520.0,4455.0,long,0.075,Choppy / Neutral,Choppy,resolved,validation,1.0,2026-05-20 08:30:00,1M,2.0851,dentro,False,,1,2F-LOO,True,,1D=0 2H=0.5 1H=0 30M=0.25 5M=0.25,,,-1.0,0.0,,0.0,,,-1.0,0.0,0.0,,0.0,,,,,,,,,
XAUUSD,b9c076bf-85fc-450f-a7d2-48917c1652f4,2026-05-22 06:55:15.135212,,missing_levels,,,,,,-0.025,Choppy / Neutral,Choppy,,,,,,,,,,0,(fuera de alcance),,,,,,,,,,,,,,,,,,,,,,,,,
XAUUSD,35be0fc7-b3ba-42d7-9571-63ef2e8100af,2026-05-25 06:51:45.509490,2026-05-25 06:31:45.509490,in_scope,4560.65,1M,4620.0,4523.0,long,0.175,Choppy / Neutral,Choppy,resolved,invalidation,-1.0,2026-05-25 23:01:00,1M,16.4874,dentro,False,,1,A,True,,1W=0.3 1D=0.25 12H=0.2 4H=0.15 1H=0.1,-0.1,0.0,0.0,,0.0,0.0,-0.5,0.0,,0.0,,,,1466.0,1137.0,1147.0,1185.0,,1256.0,,,
XAUUSD,35be0fc7-b3ba-42d7-9571-63ef2e8100af,2026-05-25 06:51:45.509490,2026-05-25 06:31:45.509490,in_scope,4560.65,1M,4620.0,4523.0,long,0.175,Choppy / Neutral,Choppy,resolved,invalidation,-1.0,2026-05-25 23:01:00,1M,16.4874,dentro,False,,1,B,True,,1W=0.15 1D=0.2 12H=0.3 4H=0.2 1H=0.15,0.0,0.0,0.0,,0.0,0.0,0.0,0.0,,0.0,,,,1466.0,1137.0,1147.0,1185.0,,1256.0,,,
XAUUSD,35be0fc7-b3ba-42d7-9571-63ef2e8100af,2026-05-25 06:51:45.509490,2026-05-25 06:31:45.509490,in_scope,4560.65,1M,4620.0,4523.0,long,0.175,Choppy / Neutral,Choppy,resolved,invalidation,-1.0,2026-05-25 23:01:00,1M,16.4874,dentro,False,,1,C,True,,1W=0.15 1D=0.2 12H=0.3 4H=0.2 1H=0.15,0.0,0.0,0.0,,0.0,0.0,0.0,0.0,,0.0,,,,1466.0,1137.0,1147.0,1185.0,,1256.0,,,
XAUUSD,35be0fc7-b3ba-42d7-9571-63ef2e8100af,2026-05-25 06:51:45.509490,2026-05-25 06:31:45.509490,in_scope,4560.65,1M,4620.0,4523.0,long,0.175,Choppy / Neutral,Choppy,resolved,invalidation,-1.0,2026-05-25 23:01:00,1M,16.4874,dentro,False,,1,D,True,,1W=0.08 1D=0.12 12H=0.17 4H=0.22 1H=0.26 30M=0.15,0.0,0.0,0.0,,0.0,0.0,0.0,0.0,,0.0,0.0,,,1466.0,1137.0,1147.0,1185.0,,1256.0,1533.0,,
XAUUSD,35be0fc7-b3ba-42d7-9571-63ef2e8100af,2026-05-25 06:51:45.509490,2026-05-25 06:31:45.509490,in_scope,4560.65,1M,4620.0,4523.0,long,0.175,Choppy / Neutral,Choppy,resolved,invalidation,-1.0,2026-05-25 23:01:00,1M,16.4874,dentro,False,,1,E,True,,1W=0.07 1D=0.1 12H=0.14 4H=0.19 1H=0.24 30M=0.16 15M=0.1,0.0,0.0,0.0,,0.0,0.0,0.0,0.0,,0.0,0.0,0.0,,1466.0,1137.0,1147.0,1185.0,,1256.0,1533.0,1898.0,
XAUUSD,35be0fc7-b3ba-42d7-9571-63ef2e8100af,2026-05-25 06:51:45.509490,2026-05-25 06:31:45.509490,in_scope,4560.65,1M,4620.0,4523.0,long,0.175,Choppy / Neutral,Choppy,resolved,invalidation,-1.0,2026-05-25 23:01:00,1M,16.4874,dentro,False,,1,F,True,,1W=0.09412 1D=0.1412 12H=0.2 4H=0.2588 1H=0.3059,0.0,0.0,0.0,,0.0,0.0,0.0,0.0,,0.0,,,,1466.0,1137.0,1147.0,1185.0,,1256.0,,,
XAUUSD,35be0fc7-b3ba-42d7-9571-63ef2e8100af,2026-05-25 06:51:45.509490,2026-05-25 06:31:45.509490,in_scope,4560.65,1M,4620.0,4523.0,long,0.175,Choppy / Neutral,Choppy,resolved,invalidation,-1.0,2026-05-25 23:01:00,1M,16.4874,dentro,False,,1,G,True,,1W=0.1 1D=0.1 12H=0.1 4H=0.1 1H=0.2 30M=0.2 15M=0.2,0.0,0.0,0.0,,0.0,0.0,0.0,0.0,,0.0,0.0,0.0,,1466.0,1137.0,1147.0,1185.0,,1256.0,1533.0,1898.0,
XAUUSD,35be0fc7-b3ba-42d7-9571-63ef2e8100af,2026-05-25 06:51:45.509490,2026-05-25 06:31:45.509490,in_scope,4560.65,1M,4620.0,4523.0,long,0.175,Choppy / Neutral,Choppy,resolved,invalidation,-1.0,2026-05-25 23:01:00,1M,16.4874,dentro,False,,1,D-EQ,True,,1W=0.1667 1D=0.1667 12H=0.1667 4H=0.1667 1H=0.1667 30M=0.1667,0.0,0.0,0.0,,0.0,0.0,0.0,0.0,,0.0,0.0,,,1466.0,1137.0,1147.0,1185.0,,1256.0,1533.0,,
XAUUSD,35be0fc7-b3ba-42d7-9571-63ef2e8100af,2026-05-25 06:51:45.509490,2026-05-25 06:31:45.509490,in_scope,4560.65,1M,4620.0,4523.0,long,0.175,Choppy / Neutral,Choppy,resolved,invalidation,-1.0,2026-05-25 23:01:00,1M,16.4874,dentro,False,,1,2A,True,,1D=0.2 2H=0.2 1H=0.2 30M=0.2 5M=0.2,0.0,0.0,0.0,,,0.0,,,0.0,0.0,0.0,,0.0,,1137.0,,,1237.0,1256.0,1533.0,,3742.0
XAUUSD,35be0fc7-b3ba-42d7-9571-63ef2e8100af,2026-05-25 06:51:45.509490,2026-05-25 06:31:45.509490,in_scope,4560.65,1M,4620.0,4523.0,long,0.175,Choppy / Neutral,Choppy,resolved,invalidation,-1.0,2026-05-25 23:01:00,1M,16.4874,dentro,False,,1,2B,True,,1D=0.1 2H=0.25 1H=0.25 30M=0.2 5M=0.2,0.0,0.0,0.0,,,0.0,,,0.0,0.0,0.0,,0.0,,1137.0,,,1237.0,1256.0,1533.0,,3742.0
XAUUSD,35be0fc7-b3ba-42d7-9571-63ef2e8100af,2026-05-25 06:51:45.509490,2026-05-25 06:31:45.509490,in_scope,4560.65,1M,4620.0,4523.0,long,0.175,Choppy / Neutral,Choppy,resolved,invalidation,-1.0,2026-05-25 23:01:00,1M,16.4874,dentro,False,,1,2C,True,,1D=0.2 2H=0.2 1H=0.2 30M=0.3 5M=0.1,0.0,0.0,0.0,,,0.0,,,0.0,0.0,0.0,,0.0,,1137.0,,,1237.0,1256.0,1533.0,,3742.0
XAUUSD,35be0fc7-b3ba-42d7-9571-63ef2e8100af,2026-05-25 06:51:45.509490,2026-05-25 06:31:45.509490,in_scope,4560.65,1M,4620.0,4523.0,long,0.175,Choppy / Neutral,Choppy,resolved,invalidation,-1.0,2026-05-25 23:01:00,1M,16.4874,dentro,False,,1,2D,True,,1D=0.15 2H=0.3 1H=0.25 30M=0.2 5M=0.1,0.0,0.0,0.0,,,0.0,,,0.0,0.0,0.0,,0.0,,1137.0,,,1237.0,1256.0,1533.0,,3742.0
XAUUSD,35be0fc7-b3ba-42d7-9571-63ef2e8100af,2026-05-25 06:51:45.509490,2026-05-25 06:31:45.509490,in_scope,4560.65,1M,4620.0,4523.0,long,0.175,Choppy / Neutral,Choppy,resolved,invalidation,-1.0,2026-05-25 23:01:00,1M,16.4874,dentro,False,,1,2E,True,,1D=0.1 2H=0.25 1H=0.3 30M=0.25 5M=0.1,0.0,0.0,0.0,,,0.0,,,0.0,0.0,0.0,,0.0,,1137.0,,,1237.0,1256.0,1533.0,,3742.0
XAUUSD,35be0fc7-b3ba-42d7-9571-63ef2e8100af,2026-05-25 06:51:45.509490,2026-05-25 06:31:45.509490,in_scope,4560.65,1M,4620.0,4523.0,long,0.175,Choppy / Neutral,Choppy,resolved,invalidation,-1.0,2026-05-25 23:01:00,1M,16.4874,dentro,False,,1,P2-DISC,True,,,1.0,,1.0,0.0,,,,,,,,,,,,,,,,,,
XAUUSD,35be0fc7-b3ba-42d7-9571-63ef2e8100af,2026-05-25 06:51:45.509490,2026-05-25 06:31:45.509490,in_scope,4560.65,1M,4620.0,4523.0,long,0.175,Choppy / Neutral,Choppy,resolved,invalidation,-1.0,2026-05-25 23:01:00,1M,16.4874,dentro,False,,1,2F-LOO,True,,1D=0 2H=0.5 1H=0 30M=0.25 5M=0.25,,,0.0,,,0.0,,,0.0,0.0,0.0,,0.0,,,,,,,,,
XAUUSD,22acd14d-4e98-48e5-b6e5-41628f214d3d,2026-05-26 06:35:19.323391,2026-05-26 06:15:19.323391,in_scope,4510.4,1M,4497.0,4540.0,short,-0.45,Bearish,Direccional,resolved,validation,-1.0,2026-05-26 11:37:00,1M,5.3613,dentro,False,,-1,A,True,,1W=0.3 1D=0.25 12H=0.2 4H=0.15 1H=0.1,-0.2,0.0,0.0,,0.0,0.0,-0.5,-0.0,,-1.0,,,,1466.0,1138.0,1149.0,1191.0,,1277.0,,,
XAUUSD,22acd14d-4e98-48e5-b6e5-41628f214d3d,2026-05-26 06:35:19.323391,2026-05-26 06:15:19.323391,in_scope,4510.4,1M,4497.0,4540.0,short,-0.45,Bearish,Direccional,resolved,validation,-1.0,2026-05-26 11:37:00,1M,5.3613,dentro,False,,-1,B,True,,1W=0.15 1D=0.2 12H=0.3 4H=0.2 1H=0.15,-0.15,0.0,0.0,,0.0,0.0,0.0,-0.0,,-1.0,,,,1466.0,1138.0,1149.0,1191.0,,1277.0,,,
XAUUSD,22acd14d-4e98-48e5-b6e5-41628f214d3d,2026-05-26 06:35:19.323391,2026-05-26 06:15:19.323391,in_scope,4510.4,1M,4497.0,4540.0,short,-0.45,Bearish,Direccional,resolved,validation,-1.0,2026-05-26 11:37:00,1M,5.3613,dentro,False,,-1,C,True,,1W=0.15 1D=0.2 12H=0.3 4H=0.2 1H=0.15,-0.15,0.0,0.0,,0.0,0.0,0.0,-0.0,,-1.0,,,,1466.0,1138.0,1149.0,1191.0,,1277.0,,,
XAUUSD,22acd14d-4e98-48e5-b6e5-41628f214d3d,2026-05-26 06:35:19.323391,2026-05-26 06:15:19.323391,in_scope,4510.4,1M,4497.0,4540.0,short,-0.45,Bearish,Direccional,resolved,validation,-1.0,2026-05-26 11:37:00,1M,5.3613,dentro,False,,-1,D,True,,1W=0.08 1D=0.12 12H=0.17 4H=0.22 1H=0.26 30M=0.15,-0.41000000000000003,-1.0,-1.0,1.0,0.0,0.0,0.0,-0.0,,-1.0,-1.0,,,1466.0,1138.0,1149.0,1191.0,,1277.0,1573.0,,
XAUUSD,22acd14d-4e98-48e5-b6e5-41628f214d3d,2026-05-26 06:35:19.323391,2026-05-26 06:15:19.323391,in_scope,4510.4,1M,4497.0,4540.0,short,-0.45,Bearish,Direccional,resolved,validation,-1.0,2026-05-26 11:37:00,1M,5.3613,dentro,False,,-1,E,True,,1W=0.07 1D=0.1 12H=0.14 4H=0.19 1H=0.24 30M=0.16 15M=0.1,-0.45,-1.0,-1.0,1.0,0.0,0.0,0.0,-0.0,,-1.0,-1.0,-0.5,,1466.0,1138.0,1149.0,1191.0,,1277.0,1573.0,1979.0,
XAUUSD,22acd14d-4e98-48e5-b6e5-41628f214d3d,2026-05-26 06:35:19.323391,2026-05-26 06:15:19.323391,in_scope,4510.4,1M,4497.0,4540.0,short,-0.45,Bearish,Direccional,resolved,validation,-1.0,2026-05-26 11:37:00,1M,5.3613,dentro,False,,-1,F,True,,1W=0.09412 1D=0.1412 12H=0.2 4H=0.2588 1H=0.3059,-0.3058823529411765,-1.0,-1.0,1.0,0.0,0.0,0.0,-0.0,,-1.0,,,,1466.0,1138.0,1149.0,1191.0,,1277.0,,,
XAUUSD,22acd14d-4e98-48e5-b6e5-41628f214d3d,2026-05-26 06:35:19.323391,2026-05-26 06:15:19.323391,in_scope,4510.4,1M,4497.0,4540.0,short,-0.45,Bearish,Direccional,resolved,validation,-1.0,2026-05-26 11:37:00,1M,5.3613,dentro,False,,-1,G,True,,1W=0.1 1D=0.1 12H=0.1 4H=0.1 1H=0.2 30M=0.2 15M=0.2,-0.5,-1.0,-1.0,1.0,0.0,0.0,0.0,-0.0,,-1.0,-1.0,-0.5,,1466.0,1138.0,1149.0,1191.0,,1277.0,1573.0,1979.0,
XAUUSD,22acd14d-4e98-48e5-b6e5-41628f214d3d,2026-05-26 06:35:19.323391,2026-05-26 06:15:19.323391,in_scope,4510.4,1M,4497.0,4540.0,short,-0.45,Bearish,Direccional,resolved,validation,-1.0,2026-05-26 11:37:00,1M,5.3613,dentro,False,,-1,D-EQ,True,,1W=0.1667 1D=0.1667 12H=0.1667 4H=0.1667 1H=0.1667 30M=0.1667,-0.3333333333333333,-1.0,-1.0,1.0,0.0,0.0,0.0,-0.0,,-1.0,-1.0,,,1466.0,1138.0,1149.0,1191.0,,1277.0,1573.0,,
XAUUSD,22acd14d-4e98-48e5-b6e5-41628f214d3d,2026-05-26 06:35:19.323391,2026-05-26 06:15:19.323391,in_scope,4510.4,1M,4497.0,4540.0,short,-0.45,Bearish,Direccional,resolved,validation,-1.0,2026-05-26 11:37:00,1M,5.3613,dentro,False,,-1,2A,True,,1D=0.2 2H=0.2 1H=0.2 30M=0.2 5M=0.2,-0.6000000000000001,-1.0,-1.0,1.0,,0.0,,,-0.0,-1.0,-1.0,,-1.0,,1138.0,,,1248.0,1277.0,1573.0,,3985.0
XAUUSD,22acd14d-4e98-48e5-b6e5-41628f214d3d,2026-05-26 06:35:19.323391,2026-05-26 06:15:19.323391,in_scope,4510.4,1M,4497.0,4540.0,short,-0.45,Bearish,Direccional,resolved,validation,-1.0,2026-05-26 11:37:00,1M,5.3613,dentro,False,,-1,2B,True,,1D=0.1 2H=0.25 1H=0.25 30M=0.2 5M=0.2,-0.65,-1.0,-1.0,1.0,,0.0,,,-0.0,-1.0,-1.0,,-1.0,,1138.0,,,1248.0,1277.0,1573.0,,3985.0
XAUUSD,22acd14d-4e98-48e5-b6e5-41628f214d3d,2026-05-26 06:35:19.323391,2026-05-26 06:15:19.323391,in_scope,4510.4,1M,4497.0,4540.0,short,-0.45,Bearish,Direccional,resolved,validation,-1.0,2026-05-26 11:37:00,1M,5.3613,dentro,False,,-1,2C,True,,1D=0.2 2H=0.2 1H=0.2 30M=0.3 5M=0.1,-0.6,-1.0,-1.0,1.0,,0.0,,,-0.0,-1.0,-1.0,,-1.0,,1138.0,,,1248.0,1277.0,1573.0,,3985.0
XAUUSD,22acd14d-4e98-48e5-b6e5-41628f214d3d,2026-05-26 06:35:19.323391,2026-05-26 06:15:19.323391,in_scope,4510.4,1M,4497.0,4540.0,short,-0.45,Bearish,Direccional,resolved,validation,-1.0,2026-05-26 11:37:00,1M,5.3613,dentro,False,,-1,2D,True,,1D=0.15 2H=0.3 1H=0.25 30M=0.2 5M=0.1,-0.55,-1.0,-1.0,1.0,,0.0,,,-0.0,-1.0,-1.0,,-1.0,,1138.0,,,1248.0,1277.0,1573.0,,3985.0
XAUUSD,22acd14d-4e98-48e5-b6e5-41628f214d3d,2026-05-26 06:35:19.323391,2026-05-26 06:15:19.323391,in_scope,4510.4,1M,4497.0,4540.0,short,-0.45,Bearish,Direccional,resolved,validation,-1.0,2026-05-26 11:37:00,1M,5.3613,dentro,False,,-1,2E,True,,1D=0.1 2H=0.25 1H=0.3 30M=0.25 5M=0.1,-0.65,-1.0,-1.0,1.0,,0.0,,,-0.0,-1.0,-1.0,,-1.0,,1138.0,,,1248.0,1277.0,1573.0,,3985.0
XAUUSD,22acd14d-4e98-48e5-b6e5-41628f214d3d,2026-05-26 06:35:19.323391,2026-05-26 06:15:19.323391,in_scope,4510.4,1M,4497.0,4540.0,short,-0.45,Bearish,Direccional,resolved,validation,-1.0,2026-05-26 11:37:00,1M,5.3613,dentro,False,,-1,P2-DISC,True,,,-1.0,,-1.0,1.0,,,,,,,,,,,,,,,,,,
XAUUSD,22acd14d-4e98-48e5-b6e5-41628f214d3d,2026-05-26 06:35:19.323391,2026-05-26 06:15:19.323391,in_scope,4510.4,1M,4497.0,4540.0,short,-0.45,Bearish,Direccional,resolved,validation,-1.0,2026-05-26 11:37:00,1M,5.3613,dentro,False,,-1,2F-LOO,True,,1D=0 2H=0.5 1H=0 30M=0.25 5M=0.25,,,-1.0,1.0,,0.0,,,-0.0,-1.0,-1.0,,-1.0,,,,,,,,,
XAUUSD,70ea32f5-6b5b-4cd5-bc9d-a44e58415058,2026-05-27 06:30:00.000000,2026-05-27 06:10:00.000000,in_scope,4432.93,1M,4400.0,4492.0,short,-0.6,Bearish,Direccional,resolved,validation,-1.0,2026-05-27 20:13:00,1M,14.05,dentro,False,,-1,A,True,,1W=0.3 1D=0.25 12H=0.2 4H=0.15 1H=0.1,-0.15000000000000002,0.0,0.0,,0.0,0.0,-0.5,-0.0,,-0.5,,,,1466.0,1139.0,1151.0,1197.0,,1300.0,,,
XAUUSD,70ea32f5-6b5b-4cd5-bc9d-a44e58415058,2026-05-27 06:30:00.000000,2026-05-27 06:10:00.000000,in_scope,4432.93,1M,4400.0,4492.0,short,-0.6,Bearish,Direccional,resolved,validation,-1.0,2026-05-27 20:13:00,1M,14.05,dentro,False,,-1,B,True,,1W=0.15 1D=0.2 12H=0.3 4H=0.2 1H=0.15,-0.075,0.0,0.0,,0.0,0.0,0.0,-0.0,,-0.5,,,,1466.0,1139.0,1151.0,1197.0,,1300.0,,,
XAUUSD,70ea32f5-6b5b-4cd5-bc9d-a44e58415058,2026-05-27 06:30:00.000000,2026-05-27 06:10:00.000000,in_scope,4432.93,1M,4400.0,4492.0,short,-0.6,Bearish,Direccional,resolved,validation,-1.0,2026-05-27 20:13:00,1M,14.05,dentro,False,,-1,C,True,,1W=0.15 1D=0.2 12H=0.3 4H=0.2 1H=0.15,-0.075,0.0,0.0,,0.0,0.0,0.0,-0.0,,-0.5,,,,1466.0,1139.0,1151.0,1197.0,,1300.0,,,
XAUUSD,70ea32f5-6b5b-4cd5-bc9d-a44e58415058,2026-05-27 06:30:00.000000,2026-05-27 06:10:00.000000,in_scope,4432.93,1M,4400.0,4492.0,short,-0.6,Bearish,Direccional,resolved,validation,-1.0,2026-05-27 20:13:00,1M,14.05,dentro,False,,-1,D,True,,1W=0.08 1D=0.12 12H=0.17 4H=0.22 1H=0.26 30M=0.15,-0.20500000000000002,0.0,0.0,,0.0,0.0,0.0,-0.0,,-0.5,-0.5,,,1466.0,1139.0,1151.0,1197.0,,1300.0,1619.0,,
XAUUSD,70ea32f5-6b5b-4cd5-bc9d-a44e58415058,2026-05-27 06:30:00.000000,2026-05-27 06:10:00.000000,in_scope,4432.93,1M,4400.0,4492.0,short,-0.6,Bearish,Direccional,resolved,validation,-1.0,2026-05-27 20:13:00,1M,14.05,dentro,False,,-1,E,True,,1W=0.07 1D=0.1 12H=0.14 4H=0.19 1H=0.24 30M=0.16 15M=0.1,-0.30000000000000004,-1.0,-1.0,1.0,0.0,0.0,0.0,-0.0,,-0.5,-0.5,-1.0,,1466.0,1139.0,1151.0,1197.0,,1300.0,1619.0,2070.0,
XAUUSD,70ea32f5-6b5b-4cd5-bc9d-a44e58415058,2026-05-27 06:30:00.000000,2026-05-27 06:10:00.000000,in_scope,4432.93,1M,4400.0,4492.0,short,-0.6,Bearish,Direccional,resolved,validation,-1.0,2026-05-27 20:13:00,1M,14.05,dentro,False,,-1,F,True,,1W=0.09412 1D=0.1412 12H=0.2 4H=0.2588 1H=0.3059,-0.15294117647058825,0.0,0.0,,0.0,0.0,0.0,-0.0,,-0.5,,,,1466.0,1139.0,1151.0,1197.0,,1300.0,,,
XAUUSD,70ea32f5-6b5b-4cd5-bc9d-a44e58415058,2026-05-27 06:30:00.000000,2026-05-27 06:10:00.000000,in_scope,4432.93,1M,4400.0,4492.0,short,-0.6,Bearish,Direccional,resolved,validation,-1.0,2026-05-27 20:13:00,1M,14.05,dentro,False,,-1,G,True,,1W=0.1 1D=0.1 12H=0.1 4H=0.1 1H=0.2 30M=0.2 15M=0.2,-0.4,-1.0,-1.0,1.0,0.0,0.0,0.0,-0.0,,-0.5,-0.5,-1.0,,1466.0,1139.0,1151.0,1197.0,,1300.0,1619.0,2070.0,
XAUUSD,70ea32f5-6b5b-4cd5-bc9d-a44e58415058,2026-05-27 06:30:00.000000,2026-05-27 06:10:00.000000,in_scope,4432.93,1M,4400.0,4492.0,short,-0.6,Bearish,Direccional,resolved,validation,-1.0,2026-05-27 20:13:00,1M,14.05,dentro,False,,-1,D-EQ,True,,1W=0.1667 1D=0.1667 12H=0.1667 4H=0.1667 1H=0.1667 30M=0.1667,-0.16666666666666666,0.0,0.0,,0.0,0.0,0.0,-0.0,,-0.5,-0.5,,,1466.0,1139.0,1151.0,1197.0,,1300.0,1619.0,,
XAUUSD,70ea32f5-6b5b-4cd5-bc9d-a44e58415058,2026-05-27 06:30:00.000000,2026-05-27 06:10:00.000000,in_scope,4432.93,1M,4400.0,4492.0,short,-0.6,Bearish,Direccional,resolved,validation,-1.0,2026-05-27 20:13:00,1M,14.05,dentro,False,,-1,2A,True,,1D=0.2 2H=0.2 1H=0.2 30M=0.2 5M=0.2,-0.5,-1.0,-1.0,1.0,,0.0,,,-0.5,-0.5,-0.5,,-1.0,,1139.0,,,1260.0,1300.0,1619.0,,4259.0
XAUUSD,70ea32f5-6b5b-4cd5-bc9d-a44e58415058,2026-05-27 06:30:00.000000,2026-05-27 06:10:00.000000,in_scope,4432.93,1M,4400.0,4492.0,short,-0.6,Bearish,Direccional,resolved,validation,-1.0,2026-05-27 20:13:00,1M,14.05,dentro,False,,-1,2B,True,,1D=0.1 2H=0.25 1H=0.25 30M=0.2 5M=0.2,-0.55,-1.0,-1.0,1.0,,0.0,,,-0.5,-0.5,-0.5,,-1.0,,1139.0,,,1260.0,1300.0,1619.0,,4259.0
XAUUSD,70ea32f5-6b5b-4cd5-bc9d-a44e58415058,2026-05-27 06:30:00.000000,2026-05-27 06:10:00.000000,in_scope,4432.93,1M,4400.0,4492.0,short,-0.6,Bearish,Direccional,resolved,validation,-1.0,2026-05-27 20:13:00,1M,14.05,dentro,False,,-1,2C,True,,1D=0.2 2H=0.2 1H=0.2 30M=0.3 5M=0.1,-0.44999999999999996,-1.0,-1.0,1.0,,0.0,,,-0.5,-0.5,-0.5,,-1.0,,1139.0,,,1260.0,1300.0,1619.0,,4259.0
XAUUSD,70ea32f5-6b5b-4cd5-bc9d-a44e58415058,2026-05-27 06:30:00.000000,2026-05-27 06:10:00.000000,in_scope,4432.93,1M,4400.0,4492.0,short,-0.6,Bearish,Direccional,resolved,validation,-1.0,2026-05-27 20:13:00,1M,14.05,dentro,False,,-1,2D,True,,1D=0.15 2H=0.3 1H=0.25 30M=0.2 5M=0.1,-0.475,-1.0,-1.0,1.0,,0.0,,,-0.5,-0.5,-0.5,,-1.0,,1139.0,,,1260.0,1300.0,1619.0,,4259.0
XAUUSD,70ea32f5-6b5b-4cd5-bc9d-a44e58415058,2026-05-27 06:30:00.000000,2026-05-27 06:10:00.000000,in_scope,4432.93,1M,4400.0,4492.0,short,-0.6,Bearish,Direccional,resolved,validation,-1.0,2026-05-27 20:13:00,1M,14.05,dentro,False,,-1,2E,True,,1D=0.1 2H=0.25 1H=0.3 30M=0.25 5M=0.1,-0.5,-1.0,-1.0,1.0,,0.0,,,-0.5,-0.5,-0.5,,-1.0,,1139.0,,,1260.0,1300.0,1619.0,,4259.0
XAUUSD,70ea32f5-6b5b-4cd5-bc9d-a44e58415058,2026-05-27 06:30:00.000000,2026-05-27 06:10:00.000000,in_scope,4432.93,1M,4400.0,4492.0,short,-0.6,Bearish,Direccional,resolved,validation,-1.0,2026-05-27 20:13:00,1M,14.05,dentro,False,,-1,P2-DISC,True,,,-1.0,,-1.0,1.0,,,,,,,,,,,,,,,,,,
XAUUSD,70ea32f5-6b5b-4cd5-bc9d-a44e58415058,2026-05-27 06:30:00.000000,2026-05-27 06:10:00.000000,in_scope,4432.93,1M,4400.0,4492.0,short,-0.6,Bearish,Direccional,resolved,validation,-1.0,2026-05-27 20:13:00,1M,14.05,dentro,False,,-1,2F-LOO,True,,1D=0 2H=0.5 1H=0 30M=0.25 5M=0.25,,,-1.0,1.0,,0.0,,,-0.5,-0.5,-0.5,,-1.0,,,,,,,,,
XAUUSD,5e5b08e7-3107-4c3e-b862-feb929889083,2026-05-28 06:30:00.000000,2026-05-28 06:10:00.000000,in_scope,4391.72,1M,4368.0,4456.0,short,-0.2,Choppy / Neutral,Choppy,resolved,invalidation,1.0,2026-05-28 08:13:00,1M,2.05,dentro,False,,-2,A,True,,1W=0.3 1D=0.25 12H=0.2 4H=0.15 1H=0.1,-0.35,-1.0,-1.0,0.0,0.0,0.0,-0.5,-1.0,,-1.0,,,,1466.0,1140.0,1153.0,1203.0,,1323.0,,,
XAUUSD,5e5b08e7-3107-4c3e-b862-feb929889083,2026-05-28 06:30:00.000000,2026-05-28 06:10:00.000000,in_scope,4391.72,1M,4368.0,4456.0,short,-0.2,Choppy / Neutral,Choppy,resolved,invalidation,1.0,2026-05-28 08:13:00,1M,2.05,dentro,False,,-2,B,True,,1W=0.15 1D=0.2 12H=0.3 4H=0.2 1H=0.15,-0.35,-1.0,-1.0,0.0,0.0,0.0,0.0,-1.0,,-1.0,,,,1466.0,1140.0,1153.0,1203.0,,1323.0,,,
XAUUSD,5e5b08e7-3107-4c3e-b862-feb929889083,2026-05-28 06:30:00.000000,2026-05-28 06:10:00.000000,in_scope,4391.72,1M,4368.0,4456.0,short,-0.2,Choppy / Neutral,Choppy,resolved,invalidation,1.0,2026-05-28 08:13:00,1M,2.05,dentro,False,,-2,C,True,,1W=0.15 1D=0.2 12H=0.3 4H=0.2 1H=0.15,-0.35,-1.0,-1.0,0.0,0.0,0.0,0.0,-1.0,,-1.0,,,,1466.0,1140.0,1153.0,1203.0,,1323.0,,,
XAUUSD,5e5b08e7-3107-4c3e-b862-feb929889083,2026-05-28 06:30:00.000000,2026-05-28 06:10:00.000000,in_scope,4391.72,1M,4368.0,4456.0,short,-0.2,Choppy / Neutral,Choppy,resolved,invalidation,1.0,2026-05-28 08:13:00,1M,2.05,dentro,False,,-2,D,True,,1W=0.08 1D=0.12 12H=0.17 4H=0.22 1H=0.26 30M=0.15,-0.5549999999999999,-1.0,-1.0,0.0,0.0,0.0,0.0,-1.0,,-1.0,-0.5,,,1466.0,1140.0,1153.0,1203.0,,1323.0,1665.0,,
XAUUSD,5e5b08e7-3107-4c3e-b862-feb929889083,2026-05-28 06:30:00.000000,2026-05-28 06:10:00.000000,in_scope,4391.72,1M,4368.0,4456.0,short,-0.2,Choppy / Neutral,Choppy,resolved,invalidation,1.0,2026-05-28 08:13:00,1M,2.05,dentro,False,,-2,E,True,,1W=0.07 1D=0.1 12H=0.14 4H=0.19 1H=0.24 30M=0.16 15M=0.1,-0.51,-1.0,-1.0,0.0,0.0,0.0,0.0,-1.0,,-1.0,-0.5,-0.0,,1466.0,1140.0,1153.0,1203.0,,1323.0,1665.0,2162.0,
XAUUSD,5e5b08e7-3107-4c3e-b862-feb929889083,2026-05-28 06:30:00.000000,2026-05-28 06:10:00.000000,in_scope,4391.72,1M,4368.0,4456.0,short,-0.2,Choppy / Neutral,Choppy,resolved,invalidation,1.0,2026-05-28 08:13:00,1M,2.05,dentro,False,,-2,F,True,,1W=0.09412 1D=0.1412 12H=0.2 4H=0.2588 1H=0.3059,-0.5647058823529412,-1.0,-1.0,0.0,0.0,0.0,0.0,-1.0,,-1.0,,,,1466.0,1140.0,1153.0,1203.0,,1323.0,,,
XAUUSD,5e5b08e7-3107-4c3e-b862-feb929889083,2026-05-28 06:30:00.000000,2026-05-28 06:10:00.000000,in_scope,4391.72,1M,4368.0,4456.0,short,-0.2,Choppy / Neutral,Choppy,resolved,invalidation,1.0,2026-05-28 08:13:00,1M,2.05,dentro,False,,-2,G,True,,1W=0.1 1D=0.1 12H=0.1 4H=0.1 1H=0.2 30M=0.2 15M=0.2,-0.4,-1.0,-1.0,0.0,0.0,0.0,0.0,-1.0,,-1.0,-0.5,-0.0,,1466.0,1140.0,1153.0,1203.0,,1323.0,1665.0,2162.0,
XAUUSD,5e5b08e7-3107-4c3e-b862-feb929889083,2026-05-28 06:30:00.000000,2026-05-28 06:10:00.000000,in_scope,4391.72,1M,4368.0,4456.0,short,-0.2,Choppy / Neutral,Choppy,resolved,invalidation,1.0,2026-05-28 08:13:00,1M,2.05,dentro,False,,-2,D-EQ,True,,1W=0.1667 1D=0.1667 12H=0.1667 4H=0.1667 1H=0.1667 30M=0.1667,-0.41666666666666663,-1.0,-1.0,0.0,0.0,0.0,0.0,-1.0,,-1.0,-0.5,,,1466.0,1140.0,1153.0,1203.0,,1323.0,1665.0,,
XAUUSD,5e5b08e7-3107-4c3e-b862-feb929889083,2026-05-28 06:30:00.000000,2026-05-28 06:10:00.000000,in_scope,4391.72,1M,4368.0,4456.0,short,-0.2,Choppy / Neutral,Choppy,resolved,invalidation,1.0,2026-05-28 08:13:00,1M,2.05,dentro,False,,-2,2A,True,,1D=0.2 2H=0.2 1H=0.2 30M=0.2 5M=0.2,-0.5,-1.0,-1.0,0.0,,0.0,,,-1.0,-1.0,-0.5,,0.0,,1140.0,,,1272.0,1323.0,1665.0,,4535.0
XAUUSD,5e5b08e7-3107-4c3e-b862-feb929889083,2026-05-28 06:30:00.000000,2026-05-28 06:10:00.000000,in_scope,4391.72,1M,4368.0,4456.0,short,-0.2,Choppy / Neutral,Choppy,resolved,invalidation,1.0,2026-05-28 08:13:00,1M,2.05,dentro,False,,-2,2B,True,,1D=0.1 2H=0.25 1H=0.25 30M=0.2 5M=0.2,-0.6,-1.0,-1.0,0.0,,0.0,,,-1.0,-1.0,-0.5,,0.0,,1140.0,,,1272.0,1323.0,1665.0,,4535.0
XAUUSD,5e5b08e7-3107-4c3e-b862-feb929889083,2026-05-28 06:30:00.000000,2026-05-28 06:10:00.000000,in_scope,4391.72,1M,4368.0,4456.0,short,-0.2,Choppy / Neutral,Choppy,resolved,invalidation,1.0,2026-05-28 08:13:00,1M,2.05,dentro,False,,-2,2C,True,,1D=0.2 2H=0.2 1H=0.2 30M=0.3 5M=0.1,-0.55,-1.0,-1.0,0.0,,0.0,,,-1.0,-1.0,-0.5,,0.0,,1140.0,,,1272.0,1323.0,1665.0,,4535.0
XAUUSD,5e5b08e7-3107-4c3e-b862-feb929889083,2026-05-28 06:30:00.000000,2026-05-28 06:10:00.000000,in_scope,4391.72,1M,4368.0,4456.0,short,-0.2,Choppy / Neutral,Choppy,resolved,invalidation,1.0,2026-05-28 08:13:00,1M,2.05,dentro,False,,-2,2D,True,,1D=0.15 2H=0.3 1H=0.25 30M=0.2 5M=0.1,-0.65,-1.0,-1.0,0.0,,0.0,,,-1.0,-1.0,-0.5,,0.0,,1140.0,,,1272.0,1323.0,1665.0,,4535.0
XAUUSD,5e5b08e7-3107-4c3e-b862-feb929889083,2026-05-28 06:30:00.000000,2026-05-28 06:10:00.000000,in_scope,4391.72,1M,4368.0,4456.0,short,-0.2,Choppy / Neutral,Choppy,resolved,invalidation,1.0,2026-05-28 08:13:00,1M,2.05,dentro,False,,-2,2E,True,,1D=0.1 2H=0.25 1H=0.3 30M=0.25 5M=0.1,-0.675,-1.0,-1.0,0.0,,0.0,,,-1.0,-1.0,-0.5,,0.0,,1140.0,,,1272.0,1323.0,1665.0,,4535.0
XAUUSD,5e5b08e7-3107-4c3e-b862-feb929889083,2026-05-28 06:30:00.000000,2026-05-28 06:10:00.000000,in_scope,4391.72,1M,4368.0,4456.0,short,-0.2,Choppy / Neutral,Choppy,resolved,invalidation,1.0,2026-05-28 08:13:00,1M,2.05,dentro,False,,-2,P2-DISC,True,,,-2.0,,-1.0,0.0,,,,,,,,,,,,,,,,,,
XAUUSD,5e5b08e7-3107-4c3e-b862-feb929889083,2026-05-28 06:30:00.000000,2026-05-28 06:10:00.000000,in_scope,4391.72,1M,4368.0,4456.0,short,-0.2,Choppy / Neutral,Choppy,resolved,invalidation,1.0,2026-05-28 08:13:00,1M,2.05,dentro,False,,-2,2F-LOO,True,,1D=0 2H=0.5 1H=0 30M=0.25 5M=0.25,,,-1.0,0.0,,0.0,,,-1.0,-1.0,-0.5,,0.0,,,,,,,,,
XAUUSD,a4d31d37-7fcb-4296-ab57-53787c960e19,2026-05-29 06:30:00.000000,2026-05-29 06:10:00.000000,in_scope,4530.24,1M,4556.0,4497.0,long,0.2,Choppy / Neutral,Choppy,resolved,validation,1.0,2026-05-29 08:52:00,1M,2.7,dentro,False,,1,A,True,,1W=0.3 1D=0.25 12H=0.2 4H=0.15 1H=0.1,-0.2,0.0,0.0,,0.0,0.0,-1.0,0.0,,0.0,,,,1466.0,1141.0,1155.0,1209.0,,1346.0,,,
XAUUSD,a4d31d37-7fcb-4296-ab57-53787c960e19,2026-05-29 06:30:00.000000,2026-05-29 06:10:00.000000,in_scope,4530.24,1M,4556.0,4497.0,long,0.2,Choppy / Neutral,Choppy,resolved,validation,1.0,2026-05-29 08:52:00,1M,2.7,dentro,False,,1,B,True,,1W=0.15 1D=0.2 12H=0.3 4H=0.2 1H=0.15,0.0,0.0,0.0,,0.0,0.0,0.0,0.0,,0.0,,,,1466.0,1141.0,1155.0,1209.0,,1346.0,,,
XAUUSD,a4d31d37-7fcb-4296-ab57-53787c960e19,2026-05-29 06:30:00.000000,2026-05-29 06:10:00.000000,in_scope,4530.24,1M,4556.0,4497.0,long,0.2,Choppy / Neutral,Choppy,resolved,validation,1.0,2026-05-29 08:52:00,1M,2.7,dentro,False,,1,C,True,,1W=0.15 1D=0.2 12H=0.3 4H=0.2 1H=0.15,0.0,0.0,0.0,,0.0,0.0,0.0,0.0,,0.0,,,,1466.0,1141.0,1155.0,1209.0,,1346.0,,,
XAUUSD,a4d31d37-7fcb-4296-ab57-53787c960e19,2026-05-29 06:30:00.000000,2026-05-29 06:10:00.000000,in_scope,4530.24,1M,4556.0,4497.0,long,0.2,Choppy / Neutral,Choppy,resolved,validation,1.0,2026-05-29 08:52:00,1M,2.7,dentro,False,,1,D,True,,1W=0.08 1D=0.12 12H=0.17 4H=0.22 1H=0.26 30M=0.15,0.0,0.0,0.0,,0.0,0.0,0.0,0.0,,0.0,0.0,,,1466.0,1141.0,1155.0,1209.0,,1346.0,1711.0,,
XAUUSD,a4d31d37-7fcb-4296-ab57-53787c960e19,2026-05-29 06:30:00.000000,2026-05-29 06:10:00.000000,in_scope,4530.24,1M,4556.0,4497.0,long,0.2,Choppy / Neutral,Choppy,resolved,validation,1.0,2026-05-29 08:52:00,1M,2.7,dentro,False,,1,E,True,,1W=0.07 1D=0.1 12H=0.14 4H=0.19 1H=0.24 30M=0.16 15M=0.1,0.1,0.0,0.0,,0.0,0.0,0.0,0.0,,0.0,0.0,1.0,,1466.0,1141.0,1155.0,1209.0,,1346.0,1711.0,2254.0,
XAUUSD,a4d31d37-7fcb-4296-ab57-53787c960e19,2026-05-29 06:30:00.000000,2026-05-29 06:10:00.000000,in_scope,4530.24,1M,4556.0,4497.0,long,0.2,Choppy / Neutral,Choppy,resolved,validation,1.0,2026-05-29 08:52:00,1M,2.7,dentro,False,,1,F,True,,1W=0.09412 1D=0.1412 12H=0.2 4H=0.2588 1H=0.3059,0.0,0.0,0.0,,0.0,0.0,0.0,0.0,,0.0,,,,1466.0,1141.0,1155.0,1209.0,,1346.0,,,
XAUUSD,a4d31d37-7fcb-4296-ab57-53787c960e19,2026-05-29 06:30:00.000000,2026-05-29 06:10:00.000000,in_scope,4530.24,1M,4556.0,4497.0,long,0.2,Choppy / Neutral,Choppy,resolved,validation,1.0,2026-05-29 08:52:00,1M,2.7,dentro,False,,1,G,True,,1W=0.1 1D=0.1 12H=0.1 4H=0.1 1H=0.2 30M=0.2 15M=0.2,0.2,0.0,0.0,,0.0,0.0,0.0,0.0,,0.0,0.0,1.0,,1466.0,1141.0,1155.0,1209.0,,1346.0,1711.0,2254.0,
XAUUSD,a4d31d37-7fcb-4296-ab57-53787c960e19,2026-05-29 06:30:00.000000,2026-05-29 06:10:00.000000,in_scope,4530.24,1M,4556.0,4497.0,long,0.2,Choppy / Neutral,Choppy,resolved,validation,1.0,2026-05-29 08:52:00,1M,2.7,dentro,False,,1,D-EQ,True,,1W=0.1667 1D=0.1667 12H=0.1667 4H=0.1667 1H=0.1667 30M=0.1667,0.0,0.0,0.0,,0.0,0.0,0.0,0.0,,0.0,0.0,,,1466.0,1141.0,1155.0,1209.0,,1346.0,1711.0,,
XAUUSD,a4d31d37-7fcb-4296-ab57-53787c960e19,2026-05-29 06:30:00.000000,2026-05-29 06:10:00.000000,in_scope,4530.24,1M,4556.0,4497.0,long,0.2,Choppy / Neutral,Choppy,resolved,validation,1.0,2026-05-29 08:52:00,1M,2.7,dentro,False,,1,2A,True,,1D=0.2 2H=0.2 1H=0.2 30M=0.2 5M=0.2,0.0,0.0,0.0,,,0.0,,,0.0,0.0,0.0,,0.0,,1141.0,,,1284.0,1346.0,1711.0,,4811.0
XAUUSD,a4d31d37-7fcb-4296-ab57-53787c960e19,2026-05-29 06:30:00.000000,2026-05-29 06:10:00.000000,in_scope,4530.24,1M,4556.0,4497.0,long,0.2,Choppy / Neutral,Choppy,resolved,validation,1.0,2026-05-29 08:52:00,1M,2.7,dentro,False,,1,2B,True,,1D=0.1 2H=0.25 1H=0.25 30M=0.2 5M=0.2,0.0,0.0,0.0,,,0.0,,,0.0,0.0,0.0,,0.0,,1141.0,,,1284.0,1346.0,1711.0,,4811.0
XAUUSD,a4d31d37-7fcb-4296-ab57-53787c960e19,2026-05-29 06:30:00.000000,2026-05-29 06:10:00.000000,in_scope,4530.24,1M,4556.0,4497.0,long,0.2,Choppy / Neutral,Choppy,resolved,validation,1.0,2026-05-29 08:52:00,1M,2.7,dentro,False,,1,2C,True,,1D=0.2 2H=0.2 1H=0.2 30M=0.3 5M=0.1,0.0,0.0,0.0,,,0.0,,,0.0,0.0,0.0,,0.0,,1141.0,,,1284.0,1346.0,1711.0,,4811.0
XAUUSD,a4d31d37-7fcb-4296-ab57-53787c960e19,2026-05-29 06:30:00.000000,2026-05-29 06:10:00.000000,in_scope,4530.24,1M,4556.0,4497.0,long,0.2,Choppy / Neutral,Choppy,resolved,validation,1.0,2026-05-29 08:52:00,1M,2.7,dentro,False,,1,2D,True,,1D=0.15 2H=0.3 1H=0.25 30M=0.2 5M=0.1,0.0,0.0,0.0,,,0.0,,,0.0,0.0,0.0,,0.0,,1141.0,,,1284.0,1346.0,1711.0,,4811.0
XAUUSD,a4d31d37-7fcb-4296-ab57-53787c960e19,2026-05-29 06:30:00.000000,2026-05-29 06:10:00.000000,in_scope,4530.24,1M,4556.0,4497.0,long,0.2,Choppy / Neutral,Choppy,resolved,validation,1.0,2026-05-29 08:52:00,1M,2.7,dentro,False,,1,2E,True,,1D=0.1 2H=0.25 1H=0.3 30M=0.25 5M=0.1,0.0,0.0,0.0,,,0.0,,,0.0,0.0,0.0,,0.0,,1141.0,,,1284.0,1346.0,1711.0,,4811.0
XAUUSD,a4d31d37-7fcb-4296-ab57-53787c960e19,2026-05-29 06:30:00.000000,2026-05-29 06:10:00.000000,in_scope,4530.24,1M,4556.0,4497.0,long,0.2,Choppy / Neutral,Choppy,resolved,validation,1.0,2026-05-29 08:52:00,1M,2.7,dentro,False,,1,P2-DISC,True,,,1.0,,1.0,1.0,,,,,,,,,,,,,,,,,,
XAUUSD,a4d31d37-7fcb-4296-ab57-53787c960e19,2026-05-29 06:30:00.000000,2026-05-29 06:10:00.000000,in_scope,4530.24,1M,4556.0,4497.0,long,0.2,Choppy / Neutral,Choppy,resolved,validation,1.0,2026-05-29 08:52:00,1M,2.7,dentro,False,,1,2F-LOO,True,,1D=0 2H=0.5 1H=0 30M=0.25 5M=0.25,,,0.0,,,0.0,,,0.0,0.0,0.0,,0.0,,,,,,,,,
XAUUSD,67b3f403-64d5-458c-832d-c00f77b1c09a,2026-06-01 06:42:00.000000,2026-06-01 06:22:00.000000,in_scope,4499.34,1M,4461.0,4527.0,short,-0.075,Choppy / Neutral,Choppy,resolved,validation,-1.0,2026-06-01 07:31:00,1M,1.15,dentro,False,,-1,A,True,,1W=0.3 1D=0.25 12H=0.2 4H=0.15 1H=0.1,-0.15000000000000002,0.0,0.0,,0.0,0.0,-0.5,-0.0,,-0.5,,,,1467.0,1142.0,1157.0,1215.0,,1369.0,,,
XAUUSD,67b3f403-64d5-458c-832d-c00f77b1c09a,2026-06-01 06:42:00.000000,2026-06-01 06:22:00.000000,in_scope,4499.34,1M,4461.0,4527.0,short,-0.075,Choppy / Neutral,Choppy,resolved,validation,-1.0,2026-06-01 07:31:00,1M,1.15,dentro,False,,-1,B,True,,1W=0.15 1D=0.2 12H=0.3 4H=0.2 1H=0.15,0.0,0.0,0.0,,0.0,0.0,0.0,-0.0,,0.0,,,,1467.0,1142.0,1157.0,1215.0,,1369.0,,,
XAUUSD,67b3f403-64d5-458c-832d-c00f77b1c09a,2026-06-01 06:42:00.000000,2026-06-01 06:22:00.000000,in_scope,4499.34,1M,4461.0,4527.0,short,-0.075,Choppy / Neutral,Choppy,resolved,validation,-1.0,2026-06-01 07:31:00,1M,1.15,dentro,False,,-1,C,True,,1W=0.15 1D=0.2 12H=0.3 4H=0.2 1H=0.15,0.0,0.0,0.0,,0.0,0.0,0.0,0.0,,0.0,,,,1467.0,1142.0,1157.0,1215.0,,1369.0,,,
XAUUSD,67b3f403-64d5-458c-832d-c00f77b1c09a,2026-06-01 06:42:00.000000,2026-06-01 06:22:00.000000,in_scope,4499.34,1M,4461.0,4527.0,short,-0.075,Choppy / Neutral,Choppy,resolved,validation,-1.0,2026-06-01 07:31:00,1M,1.15,dentro,False,,-1,D,True,,1W=0.08 1D=0.12 12H=0.17 4H=0.22 1H=0.26 30M=0.15,0.0,0.0,0.0,,0.0,0.0,0.0,0.0,,0.0,0.0,,,1467.0,1142.0,1157.0,1215.0,,1369.0,1757.0,,
XAUUSD,67b3f403-64d5-458c-832d-c00f77b1c09a,2026-06-01 06:42:00.000000,2026-06-01 06:22:00.000000,in_scope,4499.34,1M,4461.0,4527.0,short,-0.075,Choppy / Neutral,Choppy,resolved,validation,-1.0,2026-06-01 07:31:00,1M,1.15,dentro,False,,-1,E,True,,1W=0.07 1D=0.1 12H=0.14 4H=0.19 1H=0.24 30M=0.16 15M=0.1,0.0,0.0,0.0,,0.0,0.0,0.0,0.0,,0.0,0.0,0.0,,1467.0,1142.0,1157.0,1215.0,,1369.0,1757.0,2347.0,
XAUUSD,67b3f403-64d5-458c-832d-c00f77b1c09a,2026-06-01 06:42:00.000000,2026-06-01 06:22:00.000000,in_scope,4499.34,1M,4461.0,4527.0,short,-0.075,Choppy / Neutral,Choppy,resolved,validation,-1.0,2026-06-01 07:31:00,1M,1.15,dentro,False,,-1,F,True,,1W=0.09412 1D=0.1412 12H=0.2 4H=0.2588 1H=0.3059,0.0,0.0,0.0,,0.0,0.0,0.0,0.0,,0.0,,,,1467.0,1142.0,1157.0,1215.0,,1369.0,,,
XAUUSD,67b3f403-64d5-458c-832d-c00f77b1c09a,2026-06-01 06:42:00.000000,2026-06-01 06:22:00.000000,in_scope,4499.34,1M,4461.0,4527.0,short,-0.075,Choppy / Neutral,Choppy,resolved,validation,-1.0,2026-06-01 07:31:00,1M,1.15,dentro,False,,-1,G,True,,1W=0.1 1D=0.1 12H=0.1 4H=0.1 1H=0.2 30M=0.2 15M=0.2,0.0,0.0,0.0,,0.0,0.0,0.0,0.0,,0.0,0.0,0.0,,1467.0,1142.0,1157.0,1215.0,,1369.0,1757.0,2347.0,
XAUUSD,67b3f403-64d5-458c-832d-c00f77b1c09a,2026-06-01 06:42:00.000000,2026-06-01 06:22:00.000000,in_scope,4499.34,1M,4461.0,4527.0,short,-0.075,Choppy / Neutral,Choppy,resolved,validation,-1.0,2026-06-01 07:31:00,1M,1.15,dentro,False,,-1,D-EQ,True,,1W=0.1667 1D=0.1667 12H=0.1667 4H=0.1667 1H=0.1667 30M=0.1667,0.0,0.0,0.0,,0.0,0.0,0.0,0.0,,0.0,0.0,,,1467.0,1142.0,1157.0,1215.0,,1369.0,1757.0,,
XAUUSD,67b3f403-64d5-458c-832d-c00f77b1c09a,2026-06-01 06:42:00.000000,2026-06-01 06:22:00.000000,in_scope,4499.34,1M,4461.0,4527.0,short,-0.075,Choppy / Neutral,Choppy,resolved,validation,-1.0,2026-06-01 07:31:00,1M,1.15,dentro,False,,-1,2A,True,,1D=0.2 2H=0.2 1H=0.2 30M=0.2 5M=0.2,-0.1,0.0,0.0,,,0.0,,,-0.5,0.0,0.0,,-0.0,,1142.0,,,1296.0,1369.0,1757.0,,5089.0
XAUUSD,67b3f403-64d5-458c-832d-c00f77b1c09a,2026-06-01 06:42:00.000000,2026-06-01 06:22:00.000000,in_scope,4499.34,1M,4461.0,4527.0,short,-0.075,Choppy / Neutral,Choppy,resolved,validation,-1.0,2026-06-01 07:31:00,1M,1.15,dentro,False,,-1,2B,True,,1D=0.1 2H=0.25 1H=0.25 30M=0.2 5M=0.2,-0.125,0.0,0.0,,,0.0,,,-0.5,0.0,0.0,,-0.0,,1142.0,,,1296.0,1369.0,1757.0,,5089.0
XAUUSD,67b3f403-64d5-458c-832d-c00f77b1c09a,2026-06-01 06:42:00.000000,2026-06-01 06:22:00.000000,in_scope,4499.34,1M,4461.0,4527.0,short,-0.075,Choppy / Neutral,Choppy,resolved,validation,-1.0,2026-06-01 07:31:00,1M,1.15,dentro,False,,-1,2C,True,,1D=0.2 2H=0.2 1H=0.2 30M=0.3 5M=0.1,-0.1,0.0,0.0,,,0.0,,,-0.5,0.0,0.0,,-0.0,,1142.0,,,1296.0,1369.0,1757.0,,5089.0
XAUUSD,67b3f403-64d5-458c-832d-c00f77b1c09a,2026-06-01 06:42:00.000000,2026-06-01 06:22:00.000000,in_scope,4499.34,1M,4461.0,4527.0,short,-0.075,Choppy / Neutral,Choppy,resolved,validation,-1.0,2026-06-01 07:31:00,1M,1.15,dentro,False,,-1,2D,True,,1D=0.15 2H=0.3 1H=0.25 30M=0.2 5M=0.1,-0.15,0.0,0.0,,,0.0,,,-0.5,0.0,0.0,,-0.0,,1142.0,,,1296.0,1369.0,1757.0,,5089.0
XAUUSD,67b3f403-64d5-458c-832d-c00f77b1c09a,2026-06-01 06:42:00.000000,2026-06-01 06:22:00.000000,in_scope,4499.34,1M,4461.0,4527.0,short,-0.075,Choppy / Neutral,Choppy,resolved,validation,-1.0,2026-06-01 07:31:00,1M,1.15,dentro,False,,-1,2E,True,,1D=0.1 2H=0.25 1H=0.3 30M=0.25 5M=0.1,-0.125,0.0,0.0,,,0.0,,,-0.5,0.0,0.0,,-0.0,,1142.0,,,1296.0,1369.0,1757.0,,5089.0
XAUUSD,67b3f403-64d5-458c-832d-c00f77b1c09a,2026-06-01 06:42:00.000000,2026-06-01 06:22:00.000000,in_scope,4499.34,1M,4461.0,4527.0,short,-0.075,Choppy / Neutral,Choppy,resolved,validation,-1.0,2026-06-01 07:31:00,1M,1.15,dentro,False,,-1,P2-DISC,True,,,-1.0,,-1.0,1.0,,,,,,,,,,,,,,,,,,
XAUUSD,67b3f403-64d5-458c-832d-c00f77b1c09a,2026-06-01 06:42:00.000000,2026-06-01 06:22:00.000000,in_scope,4499.34,1M,4461.0,4527.0,short,-0.075,Choppy / Neutral,Choppy,resolved,validation,-1.0,2026-06-01 07:31:00,1M,1.15,dentro,False,,-1,2F-LOO,True,,1D=0 2H=0.5 1H=0 30M=0.25 5M=0.25,,,-1.0,1.0,,0.0,,,-0.5,0.0,0.0,,-0.0,,,,,,,,,
XAUUSD,9dc2f626-a9f1-429b-bdb1-1b98ec341241,2026-06-02 07:02:00.000000,2026-06-02 06:42:00.000000,in_scope,4526.67,1M,4500.0,4540.0,short,-0.175,Choppy / Neutral,Choppy,resolved,validation,-1.0,2026-06-02 08:00:00,1M,1.3,dentro,False,,0,A,True,,1W=0.3 1D=0.25 12H=0.2 4H=0.15 1H=0.1,0.0,0.0,0.0,,0.0,0.0,0.0,0.0,,0.0,,,,1467.0,1143.0,1159.0,1221.0,,1392.0,,,
XAUUSD,9dc2f626-a9f1-429b-bdb1-1b98ec341241,2026-06-02 07:02:00.000000,2026-06-02 06:42:00.000000,in_scope,4526.67,1M,4500.0,4540.0,short,-0.175,Choppy / Neutral,Choppy,resolved,validation,-1.0,2026-06-02 08:00:00,1M,1.3,dentro,False,,0,B,True,,1W=0.15 1D=0.2 12H=0.3 4H=0.2 1H=0.15,0.0,0.0,0.0,,0.0,0.0,0.0,0.0,,0.0,,,,1467.0,1143.0,1159.0,1221.0,,1392.0,,,
XAUUSD,9dc2f626-a9f1-429b-bdb1-1b98ec341241,2026-06-02 07:02:00.000000,2026-06-02 06:42:00.000000,in_scope,4526.67,1M,4500.0,4540.0,short,-0.175,Choppy / Neutral,Choppy,resolved,validation,-1.0,2026-06-02 08:00:00,1M,1.3,dentro,False,,0,C,True,,1W=0.15 1D=0.2 12H=0.3 4H=0.2 1H=0.15,0.0,0.0,0.0,,0.0,0.0,0.0,0.0,,0.0,,,,1467.0,1143.0,1159.0,1221.0,,1392.0,,,
XAUUSD,9dc2f626-a9f1-429b-bdb1-1b98ec341241,2026-06-02 07:02:00.000000,2026-06-02 06:42:00.000000,in_scope,4526.67,1M,4500.0,4540.0,short,-0.175,Choppy / Neutral,Choppy,resolved,validation,-1.0,2026-06-02 08:00:00,1M,1.3,dentro,False,,0,D,True,,1W=0.08 1D=0.12 12H=0.17 4H=0.22 1H=0.26 30M=0.15,0.15,0.0,0.0,,0.0,0.0,0.0,0.0,,0.0,1.0,,,1467.0,1143.0,1159.0,1221.0,,1392.0,1804.0,,
XAUUSD,9dc2f626-a9f1-429b-bdb1-1b98ec341241,2026-06-02 07:02:00.000000,2026-06-02 06:42:00.000000,in_scope,4526.67,1M,4500.0,4540.0,short,-0.175,Choppy / Neutral,Choppy,resolved,validation,-1.0,2026-06-02 08:00:00,1M,1.3,dentro,False,,0,E,True,,1W=0.07 1D=0.1 12H=0.14 4H=0.19 1H=0.24 30M=0.16 15M=0.1,0.26,1.0,1.0,0.0,0.0,0.0,0.0,0.0,,0.0,1.0,1.0,,1467.0,1143.0,1159.0,1221.0,,1392.0,1804.0,2440.0,
XAUUSD,9dc2f626-a9f1-429b-bdb1-1b98ec341241,2026-06-02 07:02:00.000000,2026-06-02 06:42:00.000000,in_scope,4526.67,1M,4500.0,4540.0,short,-0.175,Choppy / Neutral,Choppy,resolved,validation,-1.0,2026-06-02 08:00:00,1M,1.3,dentro,False,,0,F,True,,1W=0.09412 1D=0.1412 12H=0.2 4H=0.2588 1H=0.3059,0.0,0.0,0.0,,0.0,0.0,0.0,0.0,,0.0,,,,1467.0,1143.0,1159.0,1221.0,,1392.0,,,
XAUUSD,9dc2f626-a9f1-429b-bdb1-1b98ec341241,2026-06-02 07:02:00.000000,2026-06-02 06:42:00.000000,in_scope,4526.67,1M,4500.0,4540.0,short,-0.175,Choppy / Neutral,Choppy,resolved,validation,-1.0,2026-06-02 08:00:00,1M,1.3,dentro,False,,0,G,True,,1W=0.1 1D=0.1 12H=0.1 4H=0.1 1H=0.2 30M=0.2 15M=0.2,0.4,1.0,1.0,0.0,0.0,0.0,0.0,0.0,,0.0,1.0,1.0,,1467.0,1143.0,1159.0,1221.0,,1392.0,1804.0,2440.0,
XAUUSD,9dc2f626-a9f1-429b-bdb1-1b98ec341241,2026-06-02 07:02:00.000000,2026-06-02 06:42:00.000000,in_scope,4526.67,1M,4500.0,4540.0,short,-0.175,Choppy / Neutral,Choppy,resolved,validation,-1.0,2026-06-02 08:00:00,1M,1.3,dentro,False,,0,D-EQ,True,,1W=0.1667 1D=0.1667 12H=0.1667 4H=0.1667 1H=0.1667 30M=0.1667,0.16666666666666666,0.0,0.0,,0.0,0.0,0.0,0.0,,0.0,1.0,,,1467.0,1143.0,1159.0,1221.0,,1392.0,1804.0,,
XAUUSD,9dc2f626-a9f1-429b-bdb1-1b98ec341241,2026-06-02 07:02:00.000000,2026-06-02 06:42:00.000000,in_scope,4526.67,1M,4500.0,4540.0,short,-0.175,Choppy / Neutral,Choppy,resolved,validation,-1.0,2026-06-02 08:00:00,1M,1.3,dentro,False,,0,2A,True,,1D=0.2 2H=0.2 1H=0.2 30M=0.2 5M=0.2,0.2,0.0,0.0,,,0.0,,,0.0,0.0,1.0,,0.0,,1143.0,,,1308.0,1392.0,1804.0,,5369.0
XAUUSD,9dc2f626-a9f1-429b-bdb1-1b98ec341241,2026-06-02 07:02:00.000000,2026-06-02 06:42:00.000000,in_scope,4526.67,1M,4500.0,4540.0,short,-0.175,Choppy / Neutral,Choppy,resolved,validation,-1.0,2026-06-02 08:00:00,1M,1.3,dentro,False,,0,2B,True,,1D=0.1 2H=0.25 1H=0.25 30M=0.2 5M=0.2,0.2,0.0,0.0,,,0.0,,,0.0,0.0,1.0,,0.0,,1143.0,,,1308.0,1392.0,1804.0,,5369.0
XAUUSD,9dc2f626-a9f1-429b-bdb1-1b98ec341241,2026-06-02 07:02:00.000000,2026-06-02 06:42:00.000000,in_scope,4526.67,1M,4500.0,4540.0,short,-0.175,Choppy / Neutral,Choppy,resolved,validation,-1.0,2026-06-02 08:00:00,1M,1.3,dentro,False,,0,2C,True,,1D=0.2 2H=0.2 1H=0.2 30M=0.3 5M=0.1,0.3,1.0,1.0,0.0,,0.0,,,0.0,0.0,1.0,,0.0,,1143.0,,,1308.0,1392.0,1804.0,,5369.0
XAUUSD,9dc2f626-a9f1-429b-bdb1-1b98ec341241,2026-06-02 07:02:00.000000,2026-06-02 06:42:00.000000,in_scope,4526.67,1M,4500.0,4540.0,short,-0.175,Choppy / Neutral,Choppy,resolved,validation,-1.0,2026-06-02 08:00:00,1M,1.3,dentro,False,,0,2D,True,,1D=0.15 2H=0.3 1H=0.25 30M=0.2 5M=0.1,0.2,0.0,0.0,,,0.0,,,0.0,0.0,1.0,,0.0,,1143.0,,,1308.0,1392.0,1804.0,,5369.0
XAUUSD,9dc2f626-a9f1-429b-bdb1-1b98ec341241,2026-06-02 07:02:00.000000,2026-06-02 06:42:00.000000,in_scope,4526.67,1M,4500.0,4540.0,short,-0.175,Choppy / Neutral,Choppy,resolved,validation,-1.0,2026-06-02 08:00:00,1M,1.3,dentro,False,,0,2E,True,,1D=0.1 2H=0.25 1H=0.3 30M=0.25 5M=0.1,0.25,1.0,1.0,0.0,,0.0,,,0.0,0.0,1.0,,0.0,,1143.0,,,1308.0,1392.0,1804.0,,5369.0
XAUUSD,9dc2f626-a9f1-429b-bdb1-1b98ec341241,2026-06-02 07:02:00.000000,2026-06-02 06:42:00.000000,in_scope,4526.67,1M,4500.0,4540.0,short,-0.175,Choppy / Neutral,Choppy,resolved,validation,-1.0,2026-06-02 08:00:00,1M,1.3,dentro,False,,0,P2-DISC,True,,,0.0,,0.0,,,,,,,,,,,,,,,,,,,
XAUUSD,9dc2f626-a9f1-429b-bdb1-1b98ec341241,2026-06-02 07:02:00.000000,2026-06-02 06:42:00.000000,in_scope,4526.67,1M,4500.0,4540.0,short,-0.175,Choppy / Neutral,Choppy,resolved,validation,-1.0,2026-06-02 08:00:00,1M,1.3,dentro,False,,0,2F-LOO,True,,1D=0 2H=0.5 1H=0 30M=0.25 5M=0.25,,,1.0,0.0,,0.0,,,0.0,0.0,1.0,,0.0,,,,,,,,,
XAUUSD,9fb17739-cb19-4771-836a-d3b6b28591bb,2026-06-04 06:54:00.000000,2026-06-04 06:34:00.000000,in_scope,4499.38,1M,4540.0,4460.0,long,0.1,Choppy / Neutral,Choppy,resolved,invalidation,-1.0,2026-06-04 08:53:00,1M,2.3167,dentro,False,,0,A,True,,1W=0.3 1D=0.25 12H=0.2 4H=0.15 1H=0.1,-0.1,0.0,0.0,,0.0,0.0,-0.5,-0.0,,0.0,,,,1467.0,1145.0,1163.0,1233.0,,1438.0,,,
XAUUSD,9fb17739-cb19-4771-836a-d3b6b28591bb,2026-06-04 06:54:00.000000,2026-06-04 06:34:00.000000,in_scope,4499.38,1M,4540.0,4460.0,long,0.1,Choppy / Neutral,Choppy,resolved,invalidation,-1.0,2026-06-04 08:53:00,1M,2.3167,dentro,False,,0,B,True,,1W=0.15 1D=0.2 12H=0.3 4H=0.2 1H=0.15,0.0,0.0,0.0,,0.0,0.0,0.0,-0.0,,0.0,,,,1467.0,1145.0,1163.0,1233.0,,1438.0,,,
XAUUSD,9fb17739-cb19-4771-836a-d3b6b28591bb,2026-06-04 06:54:00.000000,2026-06-04 06:34:00.000000,in_scope,4499.38,1M,4540.0,4460.0,long,0.1,Choppy / Neutral,Choppy,resolved,invalidation,-1.0,2026-06-04 08:53:00,1M,2.3167,dentro,False,,0,C,True,,1W=0.15 1D=0.2 12H=0.3 4H=0.2 1H=0.15,0.0,0.0,0.0,,0.0,0.0,0.0,-0.0,,0.0,,,,1467.0,1145.0,1163.0,1233.0,,1438.0,,,
XAUUSD,9fb17739-cb19-4771-836a-d3b6b28591bb,2026-06-04 06:54:00.000000,2026-06-04 06:34:00.000000,in_scope,4499.38,1M,4540.0,4460.0,long,0.1,Choppy / Neutral,Choppy,resolved,invalidation,-1.0,2026-06-04 08:53:00,1M,2.3167,dentro,False,,0,D,True,,1W=0.08 1D=0.12 12H=0.17 4H=0.22 1H=0.26 30M=0.15,0.0,0.0,0.0,,0.0,0.0,0.0,-0.0,,0.0,0.0,,,1467.0,1145.0,1163.0,1233.0,,1438.0,1896.0,,
XAUUSD,9fb17739-cb19-4771-836a-d3b6b28591bb,2026-06-04 06:54:00.000000,2026-06-04 06:34:00.000000,in_scope,4499.38,1M,4540.0,4460.0,long,0.1,Choppy / Neutral,Choppy,resolved,invalidation,-1.0,2026-06-04 08:53:00,1M,2.3167,dentro,False,,0,E,True,,1W=0.07 1D=0.1 12H=0.14 4H=0.19 1H=0.24 30M=0.16 15M=0.1,0.0,0.0,0.0,,0.0,0.0,0.0,-0.0,,0.0,0.0,0.0,,1467.0,1145.0,1163.0,1233.0,,1438.0,1896.0,2624.0,
XAUUSD,9fb17739-cb19-4771-836a-d3b6b28591bb,2026-06-04 06:54:00.000000,2026-06-04 06:34:00.000000,in_scope,4499.38,1M,4540.0,4460.0,long,0.1,Choppy / Neutral,Choppy,resolved,invalidation,-1.0,2026-06-04 08:53:00,1M,2.3167,dentro,False,,0,F,True,,1W=0.09412 1D=0.1412 12H=0.2 4H=0.2588 1H=0.3059,0.0,0.0,0.0,,0.0,0.0,0.0,-0.0,,0.0,,,,1467.0,1145.0,1163.0,1233.0,,1438.0,,,
XAUUSD,9fb17739-cb19-4771-836a-d3b6b28591bb,2026-06-04 06:54:00.000000,2026-06-04 06:34:00.000000,in_scope,4499.38,1M,4540.0,4460.0,long,0.1,Choppy / Neutral,Choppy,resolved,invalidation,-1.0,2026-06-04 08:53:00,1M,2.3167,dentro,False,,0,G,True,,1W=0.1 1D=0.1 12H=0.1 4H=0.1 1H=0.2 30M=0.2 15M=0.2,0.0,0.0,0.0,,0.0,0.0,0.0,-0.0,,0.0,0.0,0.0,,1467.0,1145.0,1163.0,1233.0,,1438.0,1896.0,2624.0,
XAUUSD,9fb17739-cb19-4771-836a-d3b6b28591bb,2026-06-04 06:54:00.000000,2026-06-04 06:34:00.000000,in_scope,4499.38,1M,4540.0,4460.0,long,0.1,Choppy / Neutral,Choppy,resolved,invalidation,-1.0,2026-06-04 08:53:00,1M,2.3167,dentro,False,,0,D-EQ,True,,1W=0.1667 1D=0.1667 12H=0.1667 4H=0.1667 1H=0.1667 30M=0.1667,0.0,0.0,0.0,,0.0,0.0,0.0,-0.0,,0.0,0.0,,,1467.0,1145.0,1163.0,1233.0,,1438.0,1896.0,,
XAUUSD,9fb17739-cb19-4771-836a-d3b6b28591bb,2026-06-04 06:54:00.000000,2026-06-04 06:34:00.000000,in_scope,4499.38,1M,4540.0,4460.0,long,0.1,Choppy / Neutral,Choppy,resolved,invalidation,-1.0,2026-06-04 08:53:00,1M,2.3167,dentro,False,,0,2A,True,,1D=0.2 2H=0.2 1H=0.2 30M=0.2 5M=0.2,0.2,0.0,0.0,,,0.0,,,0.0,0.0,0.0,,1.0,,1145.0,,,1332.0,1438.0,1896.0,,5919.0
XAUUSD,9fb17739-cb19-4771-836a-d3b6b28591bb,2026-06-04 06:54:00.000000,2026-06-04 06:34:00.000000,in_scope,4499.38,1M,4540.0,4460.0,long,0.1,Choppy / Neutral,Choppy,resolved,invalidation,-1.0,2026-06-04 08:53:00,1M,2.3167,dentro,False,,0,2B,True,,1D=0.1 2H=0.25 1H=0.25 30M=0.2 5M=0.2,0.2,0.0,0.0,,,0.0,,,0.0,0.0,0.0,,1.0,,1145.0,,,1332.0,1438.0,1896.0,,5919.0
XAUUSD,9fb17739-cb19-4771-836a-d3b6b28591bb,2026-06-04 06:54:00.000000,2026-06-04 06:34:00.000000,in_scope,4499.38,1M,4540.0,4460.0,long,0.1,Choppy / Neutral,Choppy,resolved,invalidation,-1.0,2026-06-04 08:53:00,1M,2.3167,dentro,False,,0,2C,True,,1D=0.2 2H=0.2 1H=0.2 30M=0.3 5M=0.1,0.1,0.0,0.0,,,0.0,,,0.0,0.0,0.0,,1.0,,1145.0,,,1332.0,1438.0,1896.0,,5919.0
XAUUSD,9fb17739-cb19-4771-836a-d3b6b28591bb,2026-06-04 06:54:00.000000,2026-06-04 06:34:00.000000,in_scope,4499.38,1M,4540.0,4460.0,long,0.1,Choppy / Neutral,Choppy,resolved,invalidation,-1.0,2026-06-04 08:53:00,1M,2.3167,dentro,False,,0,2D,True,,1D=0.15 2H=0.3 1H=0.25 30M=0.2 5M=0.1,0.1,0.0,0.0,,,0.0,,,0.0,0.0,0.0,,1.0,,1145.0,,,1332.0,1438.0,1896.0,,5919.0
XAUUSD,9fb17739-cb19-4771-836a-d3b6b28591bb,2026-06-04 06:54:00.000000,2026-06-04 06:34:00.000000,in_scope,4499.38,1M,4540.0,4460.0,long,0.1,Choppy / Neutral,Choppy,resolved,invalidation,-1.0,2026-06-04 08:53:00,1M,2.3167,dentro,False,,0,2E,True,,1D=0.1 2H=0.25 1H=0.3 30M=0.25 5M=0.1,0.1,0.0,0.0,,,0.0,,,0.0,0.0,0.0,,1.0,,1145.0,,,1332.0,1438.0,1896.0,,5919.0
XAUUSD,9fb17739-cb19-4771-836a-d3b6b28591bb,2026-06-04 06:54:00.000000,2026-06-04 06:34:00.000000,in_scope,4499.38,1M,4540.0,4460.0,long,0.1,Choppy / Neutral,Choppy,resolved,invalidation,-1.0,2026-06-04 08:53:00,1M,2.3167,dentro,False,,0,P2-DISC,True,,,0.0,,0.0,,,,,,,,,,,,,,,,,,,
XAUUSD,9fb17739-cb19-4771-836a-d3b6b28591bb,2026-06-04 06:54:00.000000,2026-06-04 06:34:00.000000,in_scope,4499.38,1M,4540.0,4460.0,long,0.1,Choppy / Neutral,Choppy,resolved,invalidation,-1.0,2026-06-04 08:53:00,1M,2.3167,dentro,False,,0,2F-LOO,True,,1D=0 2H=0.5 1H=0 30M=0.25 5M=0.25,,,1.0,0.0,,0.0,,,0.0,0.0,0.0,,1.0,,,,,,,,,
XAUUSD,07336fa0-a412-440b-9279-5398c8a24131,2026-06-04 19:27:00.000000,2026-06-04 19:07:00.000000,in_scope,4465.06,1M,4435.0,4500.0,short,-0.225,Choppy / Neutral,Choppy,resolved,validation,-1.0,2026-06-05 00:15:00,1M,5.1333,dentro,False,,0,A,True,,1W=0.3 1D=0.25 12H=0.2 4H=0.15 1H=0.1,-0.1,0.0,0.0,,0.0,0.0,-0.5,-0.0,,-0.0,,,,1467.0,1146.0,1164.0,1237.0,,1450.0,,,
XAUUSD,07336fa0-a412-440b-9279-5398c8a24131,2026-06-04 19:27:00.000000,2026-06-04 19:07:00.000000,in_scope,4465.06,1M,4435.0,4500.0,short,-0.225,Choppy / Neutral,Choppy,resolved,validation,-1.0,2026-06-05 00:15:00,1M,5.1333,dentro,False,,0,B,True,,1W=0.15 1D=0.2 12H=0.3 4H=0.2 1H=0.15,0.0,0.0,0.0,,0.0,0.0,0.0,-0.0,,-0.0,,,,1467.0,1146.0,1164.0,1237.0,,1450.0,,,
XAUUSD,07336fa0-a412-440b-9279-5398c8a24131,2026-06-04 19:27:00.000000,2026-06-04 19:07:00.000000,in_scope,4465.06,1M,4435.0,4500.0,short,-0.225,Choppy / Neutral,Choppy,resolved,validation,-1.0,2026-06-05 00:15:00,1M,5.1333,dentro,False,,0,C,True,,1W=0.15 1D=0.2 12H=0.3 4H=0.2 1H=0.15,0.0,0.0,0.0,,0.0,0.0,0.0,-0.0,,-0.0,,,,1467.0,1146.0,1164.0,1237.0,,1450.0,,,
XAUUSD,07336fa0-a412-440b-9279-5398c8a24131,2026-06-04 19:27:00.000000,2026-06-04 19:07:00.000000,in_scope,4465.06,1M,4435.0,4500.0,short,-0.225,Choppy / Neutral,Choppy,resolved,validation,-1.0,2026-06-05 00:15:00,1M,5.1333,dentro,False,,0,D,True,,1W=0.08 1D=0.12 12H=0.17 4H=0.22 1H=0.26 30M=0.15,0.0,0.0,0.0,,0.0,0.0,0.0,-0.0,,-0.0,-0.0,,,1467.0,1146.0,1164.0,1237.0,,1450.0,1919.0,,
XAUUSD,07336fa0-a412-440b-9279-5398c8a24131,2026-06-04 19:27:00.000000,2026-06-04 19:07:00.000000,in_scope,4465.06,1M,4435.0,4500.0,short,-0.225,Choppy / Neutral,Choppy,resolved,validation,-1.0,2026-06-05 00:15:00,1M,5.1333,dentro,False,,0,E,True,,1W=0.07 1D=0.1 12H=0.14 4H=0.19 1H=0.24 30M=0.16 15M=0.1,0.0,0.0,0.0,,0.0,0.0,0.0,-0.0,,-0.0,-0.0,-0.0,,1467.0,1146.0,1164.0,1237.0,,1450.0,1919.0,2670.0,
XAUUSD,07336fa0-a412-440b-9279-5398c8a24131,2026-06-04 19:27:00.000000,2026-06-04 19:07:00.000000,in_scope,4465.06,1M,4435.0,4500.0,short,-0.225,Choppy / Neutral,Choppy,resolved,validation,-1.0,2026-06-05 00:15:00,1M,5.1333,dentro,False,,0,F,True,,1W=0.09412 1D=0.1412 12H=0.2 4H=0.2588 1H=0.3059,0.0,0.0,0.0,,0.0,0.0,0.0,-0.0,,-0.0,,,,1467.0,1146.0,1164.0,1237.0,,1450.0,,,
XAUUSD,07336fa0-a412-440b-9279-5398c8a24131,2026-06-04 19:27:00.000000,2026-06-04 19:07:00.000000,in_scope,4465.06,1M,4435.0,4500.0,short,-0.225,Choppy / Neutral,Choppy,resolved,validation,-1.0,2026-06-05 00:15:00,1M,5.1333,dentro,False,,0,G,True,,1W=0.1 1D=0.1 12H=0.1 4H=0.1 1H=0.2 30M=0.2 15M=0.2,0.0,0.0,0.0,,0.0,0.0,0.0,-0.0,,-0.0,-0.0,-0.0,,1467.0,1146.0,1164.0,1237.0,,1450.0,1919.0,2670.0,
XAUUSD,07336fa0-a412-440b-9279-5398c8a24131,2026-06-04 19:27:00.000000,2026-06-04 19:07:00.000000,in_scope,4465.06,1M,4435.0,4500.0,short,-0.225,Choppy / Neutral,Choppy,resolved,validation,-1.0,2026-06-05 00:15:00,1M,5.1333,dentro,False,,0,D-EQ,True,,1W=0.1667 1D=0.1667 12H=0.1667 4H=0.1667 1H=0.1667 30M=0.1667,0.0,0.0,0.0,,0.0,0.0,0.0,-0.0,,-0.0,-0.0,,,1467.0,1146.0,1164.0,1237.0,,1450.0,1919.0,,
XAUUSD,07336fa0-a412-440b-9279-5398c8a24131,2026-06-04 19:27:00.000000,2026-06-04 19:07:00.000000,in_scope,4465.06,1M,4435.0,4500.0,short,-0.225,Choppy / Neutral,Choppy,resolved,validation,-1.0,2026-06-05 00:15:00,1M,5.1333,dentro,False,,0,2A,True,,1D=0.2 2H=0.2 1H=0.2 30M=0.2 5M=0.2,-0.1,0.0,0.0,,,0.0,,,-0.5,-0.0,-0.0,,0.0,,1146.0,,,1339.0,1450.0,1919.0,,6058.0
XAUUSD,07336fa0-a412-440b-9279-5398c8a24131,2026-06-04 19:27:00.000000,2026-06-04 19:07:00.000000,in_scope,4465.06,1M,4435.0,4500.0,short,-0.225,Choppy / Neutral,Choppy,resolved,validation,-1.0,2026-06-05 00:15:00,1M,5.1333,dentro,False,,0,2B,True,,1D=0.1 2H=0.25 1H=0.25 30M=0.2 5M=0.2,-0.125,0.0,0.0,,,0.0,,,-0.5,-0.0,-0.0,,0.0,,1146.0,,,1339.0,1450.0,1919.0,,6058.0
XAUUSD,07336fa0-a412-440b-9279-5398c8a24131,2026-06-04 19:27:00.000000,2026-06-04 19:07:00.000000,in_scope,4465.06,1M,4435.0,4500.0,short,-0.225,Choppy / Neutral,Choppy,resolved,validation,-1.0,2026-06-05 00:15:00,1M,5.1333,dentro,False,,0,2C,True,,1D=0.2 2H=0.2 1H=0.2 30M=0.3 5M=0.1,-0.1,0.0,0.0,,,0.0,,,-0.5,-0.0,-0.0,,0.0,,1146.0,,,1339.0,1450.0,1919.0,,6058.0
XAUUSD,07336fa0-a412-440b-9279-5398c8a24131,2026-06-04 19:27:00.000000,2026-06-04 19:07:00.000000,in_scope,4465.06,1M,4435.0,4500.0,short,-0.225,Choppy / Neutral,Choppy,resolved,validation,-1.0,2026-06-05 00:15:00,1M,5.1333,dentro,False,,0,2D,True,,1D=0.15 2H=0.3 1H=0.25 30M=0.2 5M=0.1,-0.15,0.0,0.0,,,0.0,,,-0.5,-0.0,-0.0,,0.0,,1146.0,,,1339.0,1450.0,1919.0,,6058.0
XAUUSD,07336fa0-a412-440b-9279-5398c8a24131,2026-06-04 19:27:00.000000,2026-06-04 19:07:00.000000,in_scope,4465.06,1M,4435.0,4500.0,short,-0.225,Choppy / Neutral,Choppy,resolved,validation,-1.0,2026-06-05 00:15:00,1M,5.1333,dentro,False,,0,2E,True,,1D=0.1 2H=0.25 1H=0.3 30M=0.25 5M=0.1,-0.125,0.0,0.0,,,0.0,,,-0.5,-0.0,-0.0,,0.0,,1146.0,,,1339.0,1450.0,1919.0,,6058.0
XAUUSD,07336fa0-a412-440b-9279-5398c8a24131,2026-06-04 19:27:00.000000,2026-06-04 19:07:00.000000,in_scope,4465.06,1M,4435.0,4500.0,short,-0.225,Choppy / Neutral,Choppy,resolved,validation,-1.0,2026-06-05 00:15:00,1M,5.1333,dentro,False,,0,P2-DISC,True,,,0.0,,0.0,,,,,,,,,,,,,,,,,,,
XAUUSD,07336fa0-a412-440b-9279-5398c8a24131,2026-06-04 19:27:00.000000,2026-06-04 19:07:00.000000,in_scope,4465.06,1M,4435.0,4500.0,short,-0.225,Choppy / Neutral,Choppy,resolved,validation,-1.0,2026-06-05 00:15:00,1M,5.1333,dentro,False,,0,2F-LOO,True,,1D=0 2H=0.5 1H=0 30M=0.25 5M=0.25,,,-1.0,1.0,,0.0,,,-0.5,-0.0,-0.0,,0.0,,,,,,,,,
XAUUSD,63564ff3-443b-48ed-a17c-9551c9dd2586,2026-06-05 06:45:00.000000,2026-06-05 06:25:00.000000,in_scope,4468.48,1M,4410.0,4475.0,short,-0.375,Bearish,Direccional,resolved,validation,-1.0,2026-06-05 06:57:00,1M,0.5333,dentro,False,,0,A,True,,1W=0.3 1D=0.25 12H=0.2 4H=0.15 1H=0.1,-0.1,0.0,0.0,,0.0,0.0,-0.5,-0.0,,0.0,,,,1467.0,1146.0,1165.0,1239.0,,1461.0,,,
XAUUSD,63564ff3-443b-48ed-a17c-9551c9dd2586,2026-06-05 06:45:00.000000,2026-06-05 06:25:00.000000,in_scope,4468.48,1M,4410.0,4475.0,short,-0.375,Bearish,Direccional,resolved,validation,-1.0,2026-06-05 06:57:00,1M,0.5333,dentro,False,,0,B,True,,1W=0.15 1D=0.2 12H=0.3 4H=0.2 1H=0.15,0.0,0.0,0.0,,0.0,0.0,0.0,-0.0,,0.0,,,,1467.0,1146.0,1165.0,1239.0,,1461.0,,,
XAUUSD,63564ff3-443b-48ed-a17c-9551c9dd2586,2026-06-05 06:45:00.000000,2026-06-05 06:25:00.000000,in_scope,4468.48,1M,4410.0,4475.0,short,-0.375,Bearish,Direccional,resolved,validation,-1.0,2026-06-05 06:57:00,1M,0.5333,dentro,False,,0,C,True,,1W=0.15 1D=0.2 12H=0.3 4H=0.2 1H=0.15,0.0,0.0,0.0,,0.0,0.0,0.0,-0.0,,0.0,,,,1467.0,1146.0,1165.0,1239.0,,1461.0,,,
XAUUSD,63564ff3-443b-48ed-a17c-9551c9dd2586,2026-06-05 06:45:00.000000,2026-06-05 06:25:00.000000,in_scope,4468.48,1M,4410.0,4475.0,short,-0.375,Bearish,Direccional,resolved,validation,-1.0,2026-06-05 06:57:00,1M,0.5333,dentro,False,,0,D,True,,1W=0.08 1D=0.12 12H=0.17 4H=0.22 1H=0.26 30M=0.15,0.0,0.0,0.0,,0.0,0.0,0.0,-0.0,,0.0,0.0,,,1467.0,1146.0,1165.0,1239.0,,1461.0,1941.0,,
XAUUSD,63564ff3-443b-48ed-a17c-9551c9dd2586,2026-06-05 06:45:00.000000,2026-06-05 06:25:00.000000,in_scope,4468.48,1M,4410.0,4475.0,short,-0.375,Bearish,Direccional,resolved,validation,-1.0,2026-06-05 06:57:00,1M,0.5333,dentro,False,,0,E,True,,1W=0.07 1D=0.1 12H=0.14 4H=0.19 1H=0.24 30M=0.16 15M=0.1,0.0,0.0,0.0,,0.0,0.0,0.0,-0.0,,0.0,0.0,0.0,,1467.0,1146.0,1165.0,1239.0,,1461.0,1941.0,2715.0,
XAUUSD,63564ff3-443b-48ed-a17c-9551c9dd2586,2026-06-05 06:45:00.000000,2026-06-05 06:25:00.000000,in_scope,4468.48,1M,4410.0,4475.0,short,-0.375,Bearish,Direccional,resolved,validation,-1.0,2026-06-05 06:57:00,1M,0.5333,dentro,False,,0,F,True,,1W=0.09412 1D=0.1412 12H=0.2 4H=0.2588 1H=0.3059,0.0,0.0,0.0,,0.0,0.0,0.0,-0.0,,0.0,,,,1467.0,1146.0,1165.0,1239.0,,1461.0,,,
XAUUSD,63564ff3-443b-48ed-a17c-9551c9dd2586,2026-06-05 06:45:00.000000,2026-06-05 06:25:00.000000,in_scope,4468.48,1M,4410.0,4475.0,short,-0.375,Bearish,Direccional,resolved,validation,-1.0,2026-06-05 06:57:00,1M,0.5333,dentro,False,,0,G,True,,1W=0.1 1D=0.1 12H=0.1 4H=0.1 1H=0.2 30M=0.2 15M=0.2,0.0,0.0,0.0,,0.0,0.0,0.0,-0.0,,0.0,0.0,0.0,,1467.0,1146.0,1165.0,1239.0,,1461.0,1941.0,2715.0,
XAUUSD,63564ff3-443b-48ed-a17c-9551c9dd2586,2026-06-05 06:45:00.000000,2026-06-05 06:25:00.000000,in_scope,4468.48,1M,4410.0,4475.0,short,-0.375,Bearish,Direccional,resolved,validation,-1.0,2026-06-05 06:57:00,1M,0.5333,dentro,False,,0,D-EQ,True,,1W=0.1667 1D=0.1667 12H=0.1667 4H=0.1667 1H=0.1667 30M=0.1667,0.0,0.0,0.0,,0.0,0.0,0.0,-0.0,,0.0,0.0,,,1467.0,1146.0,1165.0,1239.0,,1461.0,1941.0,,
XAUUSD,63564ff3-443b-48ed-a17c-9551c9dd2586,2026-06-05 06:45:00.000000,2026-06-05 06:25:00.000000,in_scope,4468.48,1M,4410.0,4475.0,short,-0.375,Bearish,Direccional,resolved,validation,-1.0,2026-06-05 06:57:00,1M,0.5333,dentro,False,,0,2A,True,,1D=0.2 2H=0.2 1H=0.2 30M=0.2 5M=0.2,0.0,0.0,0.0,,,0.0,,,0.0,0.0,0.0,,0.0,,1146.0,,,1344.0,1461.0,1941.0,,6194.0
XAUUSD,63564ff3-443b-48ed-a17c-9551c9dd2586,2026-06-05 06:45:00.000000,2026-06-05 06:25:00.000000,in_scope,4468.48,1M,4410.0,4475.0,short,-0.375,Bearish,Direccional,resolved,validation,-1.0,2026-06-05 06:57:00,1M,0.5333,dentro,False,,0,2B,True,,1D=0.1 2H=0.25 1H=0.25 30M=0.2 5M=0.2,0.0,0.0,0.0,,,0.0,,,0.0,0.0,0.0,,0.0,,1146.0,,,1344.0,1461.0,1941.0,,6194.0
XAUUSD,63564ff3-443b-48ed-a17c-9551c9dd2586,2026-06-05 06:45:00.000000,2026-06-05 06:25:00.000000,in_scope,4468.48,1M,4410.0,4475.0,short,-0.375,Bearish,Direccional,resolved,validation,-1.0,2026-06-05 06:57:00,1M,0.5333,dentro,False,,0,2C,True,,1D=0.2 2H=0.2 1H=0.2 30M=0.3 5M=0.1,0.0,0.0,0.0,,,0.0,,,0.0,0.0,0.0,,0.0,,1146.0,,,1344.0,1461.0,1941.0,,6194.0
XAUUSD,63564ff3-443b-48ed-a17c-9551c9dd2586,2026-06-05 06:45:00.000000,2026-06-05 06:25:00.000000,in_scope,4468.48,1M,4410.0,4475.0,short,-0.375,Bearish,Direccional,resolved,validation,-1.0,2026-06-05 06:57:00,1M,0.5333,dentro,False,,0,2D,True,,1D=0.15 2H=0.3 1H=0.25 30M=0.2 5M=0.1,0.0,0.0,0.0,,,0.0,,,0.0,0.0,0.0,,0.0,,1146.0,,,1344.0,1461.0,1941.0,,6194.0
XAUUSD,63564ff3-443b-48ed-a17c-9551c9dd2586,2026-06-05 06:45:00.000000,2026-06-05 06:25:00.000000,in_scope,4468.48,1M,4410.0,4475.0,short,-0.375,Bearish,Direccional,resolved,validation,-1.0,2026-06-05 06:57:00,1M,0.5333,dentro,False,,0,2E,True,,1D=0.1 2H=0.25 1H=0.3 30M=0.25 5M=0.1,0.0,0.0,0.0,,,0.0,,,0.0,0.0,0.0,,0.0,,1146.0,,,1344.0,1461.0,1941.0,,6194.0
XAUUSD,63564ff3-443b-48ed-a17c-9551c9dd2586,2026-06-05 06:45:00.000000,2026-06-05 06:25:00.000000,in_scope,4468.48,1M,4410.0,4475.0,short,-0.375,Bearish,Direccional,resolved,validation,-1.0,2026-06-05 06:57:00,1M,0.5333,dentro,False,,0,P2-DISC,True,,,0.0,,0.0,,,,,,,,,,,,,,,,,,,
XAUUSD,63564ff3-443b-48ed-a17c-9551c9dd2586,2026-06-05 06:45:00.000000,2026-06-05 06:25:00.000000,in_scope,4468.48,1M,4410.0,4475.0,short,-0.375,Bearish,Direccional,resolved,validation,-1.0,2026-06-05 06:57:00,1M,0.5333,dentro,False,,0,2F-LOO,True,,1D=0 2H=0.5 1H=0 30M=0.25 5M=0.25,,,0.0,,,0.0,,,0.0,0.0,0.0,,0.0,,,,,,,,,
XAUUSD,386ea615-d937-4a0a-a40c-7e906bc1d366,2026-06-08 06:51:53.707829,2026-06-08 06:31:53.707829,in_scope,4331.41,1M,4370.0,4280.0,long,0.175,Choppy / Neutral,Choppy,resolved,invalidation,-1.0,2026-06-09 08:47:00,1M,26.2517,dentro,True,7b6e9c10-50a6-4503-9044-04223b7a658b,1,A,True,,1W=0.3 1D=0.25 12H=0.2 4H=0.15 1H=0.1,-0.25,-1.0,-1.0,1.0,0.0,0.0,-0.5,-1.0,,0.0,,,,1468.0,1147.0,1167.0,1245.0,,1484.0,,,
XAUUSD,386ea615-d937-4a0a-a40c-7e906bc1d366,2026-06-08 06:51:53.707829,2026-06-08 06:31:53.707829,in_scope,4331.41,1M,4370.0,4280.0,long,0.175,Choppy / Neutral,Choppy,resolved,invalidation,-1.0,2026-06-09 08:47:00,1M,26.2517,dentro,True,7b6e9c10-50a6-4503-9044-04223b7a658b,1,B,True,,1W=0.15 1D=0.2 12H=0.3 4H=0.2 1H=0.15,-0.35,-1.0,-1.0,1.0,0.0,0.0,-0.5,-1.0,,0.0,,,,1468.0,1147.0,1167.0,1245.0,,1484.0,,,
XAUUSD,386ea615-d937-4a0a-a40c-7e906bc1d366,2026-06-08 06:51:53.707829,2026-06-08 06:31:53.707829,in_scope,4331.41,1M,4370.0,4280.0,long,0.175,Choppy / Neutral,Choppy,resolved,invalidation,-1.0,2026-06-09 08:47:00,1M,26.2517,dentro,True,7b6e9c10-50a6-4503-9044-04223b7a658b,1,C,True,,1W=0.15 1D=0.2 12H=0.3 4H=0.2 1H=0.15,-0.35,-1.0,-1.0,1.0,0.0,0.0,-0.5,-1.0,,0.0,,,,1468.0,1147.0,1167.0,1245.0,,1484.0,,,
XAUUSD,386ea615-d937-4a0a-a40c-7e906bc1d366,2026-06-08 06:51:53.707829,2026-06-08 06:31:53.707829,in_scope,4331.41,1M,4370.0,4280.0,long,0.175,Choppy / Neutral,Choppy,resolved,invalidation,-1.0,2026-06-09 08:47:00,1M,26.2517,dentro,True,7b6e9c10-50a6-4503-9044-04223b7a658b,1,D,True,,1W=0.08 1D=0.12 12H=0.17 4H=0.22 1H=0.26 30M=0.15,-0.305,-1.0,-1.0,1.0,0.0,0.0,-0.5,-1.0,,0.0,0.0,,,1468.0,1147.0,1167.0,1245.0,,1484.0,1988.0,,
XAUUSD,386ea615-d937-4a0a-a40c-7e906bc1d366,2026-06-08 06:51:53.707829,2026-06-08 06:31:53.707829,in_scope,4331.41,1M,4370.0,4280.0,long,0.175,Choppy / Neutral,Choppy,resolved,invalidation,-1.0,2026-06-09 08:47:00,1M,26.2517,dentro,True,7b6e9c10-50a6-4503-9044-04223b7a658b,1,E,True,,1W=0.07 1D=0.1 12H=0.14 4H=0.19 1H=0.24 30M=0.16 15M=0.1,-0.26,-1.0,-1.0,1.0,0.0,0.0,-0.5,-1.0,,0.0,0.0,0.0,,1468.0,1147.0,1167.0,1245.0,,1484.0,1988.0,2808.0,
XAUUSD,386ea615-d937-4a0a-a40c-7e906bc1d366,2026-06-08 06:51:53.707829,2026-06-08 06:31:53.707829,in_scope,4331.41,1M,4370.0,4280.0,long,0.175,Choppy / Neutral,Choppy,resolved,invalidation,-1.0,2026-06-09 08:47:00,1M,26.2517,dentro,True,7b6e9c10-50a6-4503-9044-04223b7a658b,1,F,True,,1W=0.09412 1D=0.1412 12H=0.2 4H=0.2588 1H=0.3059,-0.35882352941176476,-1.0,-1.0,1.0,0.0,0.0,-0.5,-1.0,,0.0,,,,1468.0,1147.0,1167.0,1245.0,,1484.0,,,
XAUUSD,386ea615-d937-4a0a-a40c-7e906bc1d366,2026-06-08 06:51:53.707829,2026-06-08 06:31:53.707829,in_scope,4331.41,1M,4370.0,4280.0,long,0.175,Choppy / Neutral,Choppy,resolved,invalidation,-1.0,2026-06-09 08:47:00,1M,26.2517,dentro,True,7b6e9c10-50a6-4503-9044-04223b7a658b,1,G,True,,1W=0.1 1D=0.1 12H=0.1 4H=0.1 1H=0.2 30M=0.2 15M=0.2,-0.15000000000000002,0.0,0.0,,0.0,0.0,-0.5,-1.0,,0.0,0.0,0.0,,1468.0,1147.0,1167.0,1245.0,,1484.0,1988.0,2808.0,
XAUUSD,386ea615-d937-4a0a-a40c-7e906bc1d366,2026-06-08 06:51:53.707829,2026-06-08 06:31:53.707829,in_scope,4331.41,1M,4370.0,4280.0,long,0.175,Choppy / Neutral,Choppy,resolved,invalidation,-1.0,2026-06-09 08:47:00,1M,26.2517,dentro,True,7b6e9c10-50a6-4503-9044-04223b7a658b,1,D-EQ,True,,1W=0.1667 1D=0.1667 12H=0.1667 4H=0.1667 1H=0.1667 30M=0.1667,-0.25,-1.0,-1.0,1.0,0.0,0.0,-0.5,-1.0,,0.0,0.0,,,1468.0,1147.0,1167.0,1245.0,,1484.0,1988.0,,
XAUUSD,386ea615-d937-4a0a-a40c-7e906bc1d366,2026-06-08 06:51:53.707829,2026-06-08 06:31:53.707829,in_scope,4331.41,1M,4370.0,4280.0,long,0.175,Choppy / Neutral,Choppy,resolved,invalidation,-1.0,2026-06-09 08:47:00,1M,26.2517,dentro,True,7b6e9c10-50a6-4503-9044-04223b7a658b,1,2A,True,,1D=0.2 2H=0.2 1H=0.2 30M=0.2 5M=0.2,-0.2,0.0,0.0,,,0.0,,,-1.0,0.0,0.0,,0.0,,1147.0,,,1356.0,1484.0,1988.0,,6471.0
XAUUSD,386ea615-d937-4a0a-a40c-7e906bc1d366,2026-06-08 06:51:53.707829,2026-06-08 06:31:53.707829,in_scope,4331.41,1M,4370.0,4280.0,long,0.175,Choppy / Neutral,Choppy,resolved,invalidation,-1.0,2026-06-09 08:47:00,1M,26.2517,dentro,True,7b6e9c10-50a6-4503-9044-04223b7a658b,1,2B,True,,1D=0.1 2H=0.25 1H=0.25 30M=0.2 5M=0.2,-0.25,-1.0,-1.0,1.0,,0.0,,,-1.0,0.0,0.0,,0.0,,1147.0,,,1356.0,1484.0,1988.0,,6471.0
XAUUSD,386ea615-d937-4a0a-a40c-7e906bc1d366,2026-06-08 06:51:53.707829,2026-06-08 06:31:53.707829,in_scope,4331.41,1M,4370.0,4280.0,long,0.175,Choppy / Neutral,Choppy,resolved,invalidation,-1.0,2026-06-09 08:47:00,1M,26.2517,dentro,True,7b6e9c10-50a6-4503-9044-04223b7a658b,1,2C,True,,1D=0.2 2H=0.2 1H=0.2 30M=0.3 5M=0.1,-0.2,0.0,0.0,,,0.0,,,-1.0,0.0,0.0,,0.0,,1147.0,,,1356.0,1484.0,1988.0,,6471.0
XAUUSD,386ea615-d937-4a0a-a40c-7e906bc1d366,2026-06-08 06:51:53.707829,2026-06-08 06:31:53.707829,in_scope,4331.41,1M,4370.0,4280.0,long,0.175,Choppy / Neutral,Choppy,resolved,invalidation,-1.0,2026-06-09 08:47:00,1M,26.2517,dentro,True,7b6e9c10-50a6-4503-9044-04223b7a658b,1,2D,True,,1D=0.15 2H=0.3 1H=0.25 30M=0.2 5M=0.1,-0.3,-1.0,-1.0,1.0,,0.0,,,-1.0,0.0,0.0,,0.0,,1147.0,,,1356.0,1484.0,1988.0,,6471.0
XAUUSD,386ea615-d937-4a0a-a40c-7e906bc1d366,2026-06-08 06:51:53.707829,2026-06-08 06:31:53.707829,in_scope,4331.41,1M,4370.0,4280.0,long,0.175,Choppy / Neutral,Choppy,resolved,invalidation,-1.0,2026-06-09 08:47:00,1M,26.2517,dentro,True,7b6e9c10-50a6-4503-9044-04223b7a658b,1,2E,True,,1D=0.1 2H=0.25 1H=0.3 30M=0.25 5M=0.1,-0.25,-1.0,-1.0,1.0,,0.0,,,-1.0,0.0,0.0,,0.0,,1147.0,,,1356.0,1484.0,1988.0,,6471.0
XAUUSD,386ea615-d937-4a0a-a40c-7e906bc1d366,2026-06-08 06:51:53.707829,2026-06-08 06:31:53.707829,in_scope,4331.41,1M,4370.0,4280.0,long,0.175,Choppy / Neutral,Choppy,resolved,invalidation,-1.0,2026-06-09 08:47:00,1M,26.2517,dentro,True,7b6e9c10-50a6-4503-9044-04223b7a658b,1,P2-DISC,True,,,1.0,,1.0,0.0,,,,,,,,,,,,,,,,,,
XAUUSD,386ea615-d937-4a0a-a40c-7e906bc1d366,2026-06-08 06:51:53.707829,2026-06-08 06:31:53.707829,in_scope,4331.41,1M,4370.0,4280.0,long,0.175,Choppy / Neutral,Choppy,resolved,invalidation,-1.0,2026-06-09 08:47:00,1M,26.2517,dentro,True,7b6e9c10-50a6-4503-9044-04223b7a658b,1,2F-LOO,True,,1D=0 2H=0.5 1H=0 30M=0.25 5M=0.25,,,-1.0,1.0,,0.0,,,-1.0,0.0,0.0,,0.0,,,,,,,,,
XAUUSD,7b6e9c10-50a6-4503-9044-04223b7a658b,2026-06-09 06:55:44.797004,2026-06-09 06:35:44.797004,in_scope,4336.58,1M,4400.0,4317.0,long,0.5,Bullish,Direccional,resolved,invalidation,-1.0,2026-06-09 08:16:00,1M,1.6709,dentro,False,,0,A,True,,1W=0.3 1D=0.25 12H=0.2 4H=0.15 1H=0.1,-0.35,-1.0,-1.0,1.0,0.0,0.0,-1.0,-1.0,,0.0,,,,1468.0,1148.0,1169.0,1251.0,,1507.0,,,
XAUUSD,7b6e9c10-50a6-4503-9044-04223b7a658b,2026-06-09 06:55:44.797004,2026-06-09 06:35:44.797004,in_scope,4336.58,1M,4400.0,4317.0,long,0.5,Bullish,Direccional,resolved,invalidation,-1.0,2026-06-09 08:16:00,1M,1.6709,dentro,False,,0,B,True,,1W=0.15 1D=0.2 12H=0.3 4H=0.2 1H=0.15,-0.5,-1.0,-1.0,1.0,0.0,0.0,-1.0,-1.0,,0.0,,,,1468.0,1148.0,1169.0,1251.0,,1507.0,,,
XAUUSD,7b6e9c10-50a6-4503-9044-04223b7a658b,2026-06-09 06:55:44.797004,2026-06-09 06:35:44.797004,in_scope,4336.58,1M,4400.0,4317.0,long,0.5,Bullish,Direccional,resolved,invalidation,-1.0,2026-06-09 08:16:00,1M,1.6709,dentro,False,,0,C,True,,1W=0.15 1D=0.2 12H=0.3 4H=0.2 1H=0.15,-0.5,-1.0,-1.0,1.0,0.0,0.0,-1.0,-1.0,,0.0,,,,1468.0,1148.0,1169.0,1251.0,,1507.0,,,
XAUUSD,7b6e9c10-50a6-4503-9044-04223b7a658b,2026-06-09 06:55:44.797004,2026-06-09 06:35:44.797004,in_scope,4336.58,1M,4400.0,4317.0,long,0.5,Bullish,Direccional,resolved,invalidation,-1.0,2026-06-09 08:16:00,1M,1.6709,dentro,False,,0,D,True,,1W=0.08 1D=0.12 12H=0.17 4H=0.22 1H=0.26 30M=0.15,-0.39,-1.0,-1.0,1.0,0.0,0.0,-1.0,-1.0,,0.0,0.0,,,1468.0,1148.0,1169.0,1251.0,,1507.0,2034.0,,
XAUUSD,7b6e9c10-50a6-4503-9044-04223b7a658b,2026-06-09 06:55:44.797004,2026-06-09 06:35:44.797004,in_scope,4336.58,1M,4400.0,4317.0,long,0.5,Bullish,Direccional,resolved,invalidation,-1.0,2026-06-09 08:16:00,1M,1.6709,dentro,False,,0,E,True,,1W=0.07 1D=0.1 12H=0.14 4H=0.19 1H=0.24 30M=0.16 15M=0.1,-0.33,-1.0,-1.0,1.0,0.0,0.0,-1.0,-1.0,,0.0,0.0,0.0,,1468.0,1148.0,1169.0,1251.0,,1507.0,2034.0,2900.0,
XAUUSD,7b6e9c10-50a6-4503-9044-04223b7a658b,2026-06-09 06:55:44.797004,2026-06-09 06:35:44.797004,in_scope,4336.58,1M,4400.0,4317.0,long,0.5,Bullish,Direccional,resolved,invalidation,-1.0,2026-06-09 08:16:00,1M,1.6709,dentro,False,,0,F,True,,1W=0.09412 1D=0.1412 12H=0.2 4H=0.2588 1H=0.3059,-0.45882352941176474,-1.0,-1.0,1.0,0.0,0.0,-1.0,-1.0,,0.0,,,,1468.0,1148.0,1169.0,1251.0,,1507.0,,,
XAUUSD,7b6e9c10-50a6-4503-9044-04223b7a658b,2026-06-09 06:55:44.797004,2026-06-09 06:35:44.797004,in_scope,4336.58,1M,4400.0,4317.0,long,0.5,Bullish,Direccional,resolved,invalidation,-1.0,2026-06-09 08:16:00,1M,1.6709,dentro,False,,0,G,True,,1W=0.1 1D=0.1 12H=0.1 4H=0.1 1H=0.2 30M=0.2 15M=0.2,-0.2,0.0,0.0,,0.0,0.0,-1.0,-1.0,,0.0,0.0,0.0,,1468.0,1148.0,1169.0,1251.0,,1507.0,2034.0,2900.0,
XAUUSD,7b6e9c10-50a6-4503-9044-04223b7a658b,2026-06-09 06:55:44.797004,2026-06-09 06:35:44.797004,in_scope,4336.58,1M,4400.0,4317.0,long,0.5,Bullish,Direccional,resolved,invalidation,-1.0,2026-06-09 08:16:00,1M,1.6709,dentro,False,,0,D-EQ,True,,1W=0.1667 1D=0.1667 12H=0.1667 4H=0.1667 1H=0.1667 30M=0.1667,-0.3333333333333333,-1.0,-1.0,1.0,0.0,0.0,-1.0,-1.0,,0.0,0.0,,,1468.0,1148.0,1169.0,1251.0,,1507.0,2034.0,,
XAUUSD,7b6e9c10-50a6-4503-9044-04223b7a658b,2026-06-09 06:55:44.797004,2026-06-09 06:35:44.797004,in_scope,4336.58,1M,4400.0,4317.0,long,0.5,Bullish,Direccional,resolved,invalidation,-1.0,2026-06-09 08:16:00,1M,1.6709,dentro,False,,0,2A,True,,1D=0.2 2H=0.2 1H=0.2 30M=0.2 5M=0.2,-0.2,0.0,0.0,,,0.0,,,-1.0,0.0,0.0,,0.0,,1148.0,,,1368.0,1507.0,2034.0,,6748.0
XAUUSD,7b6e9c10-50a6-4503-9044-04223b7a658b,2026-06-09 06:55:44.797004,2026-06-09 06:35:44.797004,in_scope,4336.58,1M,4400.0,4317.0,long,0.5,Bullish,Direccional,resolved,invalidation,-1.0,2026-06-09 08:16:00,1M,1.6709,dentro,False,,0,2B,True,,1D=0.1 2H=0.25 1H=0.25 30M=0.2 5M=0.2,-0.25,-1.0,-1.0,1.0,,0.0,,,-1.0,0.0,0.0,,0.0,,1148.0,,,1368.0,1507.0,2034.0,,6748.0
XAUUSD,7b6e9c10-50a6-4503-9044-04223b7a658b,2026-06-09 06:55:44.797004,2026-06-09 06:35:44.797004,in_scope,4336.58,1M,4400.0,4317.0,long,0.5,Bullish,Direccional,resolved,invalidation,-1.0,2026-06-09 08:16:00,1M,1.6709,dentro,False,,0,2C,True,,1D=0.2 2H=0.2 1H=0.2 30M=0.3 5M=0.1,-0.2,0.0,0.0,,,0.0,,,-1.0,0.0,0.0,,0.0,,1148.0,,,1368.0,1507.0,2034.0,,6748.0
XAUUSD,7b6e9c10-50a6-4503-9044-04223b7a658b,2026-06-09 06:55:44.797004,2026-06-09 06:35:44.797004,in_scope,4336.58,1M,4400.0,4317.0,long,0.5,Bullish,Direccional,resolved,invalidation,-1.0,2026-06-09 08:16:00,1M,1.6709,dentro,False,,0,2D,True,,1D=0.15 2H=0.3 1H=0.25 30M=0.2 5M=0.1,-0.3,-1.0,-1.0,1.0,,0.0,,,-1.0,0.0,0.0,,0.0,,1148.0,,,1368.0,1507.0,2034.0,,6748.0
XAUUSD,7b6e9c10-50a6-4503-9044-04223b7a658b,2026-06-09 06:55:44.797004,2026-06-09 06:35:44.797004,in_scope,4336.58,1M,4400.0,4317.0,long,0.5,Bullish,Direccional,resolved,invalidation,-1.0,2026-06-09 08:16:00,1M,1.6709,dentro,False,,0,2E,True,,1D=0.1 2H=0.25 1H=0.3 30M=0.25 5M=0.1,-0.25,-1.0,-1.0,1.0,,0.0,,,-1.0,0.0,0.0,,0.0,,1148.0,,,1368.0,1507.0,2034.0,,6748.0
XAUUSD,7b6e9c10-50a6-4503-9044-04223b7a658b,2026-06-09 06:55:44.797004,2026-06-09 06:35:44.797004,in_scope,4336.58,1M,4400.0,4317.0,long,0.5,Bullish,Direccional,resolved,invalidation,-1.0,2026-06-09 08:16:00,1M,1.6709,dentro,False,,0,P2-DISC,True,,,0.0,,0.0,,,,,,,,,,,,,,,,,,,
XAUUSD,7b6e9c10-50a6-4503-9044-04223b7a658b,2026-06-09 06:55:44.797004,2026-06-09 06:35:44.797004,in_scope,4336.58,1M,4400.0,4317.0,long,0.5,Bullish,Direccional,resolved,invalidation,-1.0,2026-06-09 08:16:00,1M,1.6709,dentro,False,,0,2F-LOO,True,,1D=0 2H=0.5 1H=0 30M=0.25 5M=0.25,,,-1.0,1.0,,0.0,,,-1.0,0.0,0.0,,0.0,,,,,,,,,
XAUUSD,42a48654-51d8-467a-81e1-1e5a230380df,2026-06-10 06:46:48.484628,2026-06-10 06:26:48.484628,in_scope,4138.91,1M,4100.0,4220.0,short,-0.825,Bearish,Direccional,resolved,validation,-1.0,2026-06-10 12:50:00,1M,6.3865,dentro,False,,-1,A,True,,1W=0.3 1D=0.25 12H=0.2 4H=0.15 1H=0.1,-0.44999999999999996,-1.0,-1.0,1.0,0.0,0.0,-1.0,-1.0,,-1.0,,,,1468.0,1149.0,1171.0,1257.0,,1530.0,,,
XAUUSD,42a48654-51d8-467a-81e1-1e5a230380df,2026-06-10 06:46:48.484628,2026-06-10 06:26:48.484628,in_scope,4138.91,1M,4100.0,4220.0,short,-0.825,Bearish,Direccional,resolved,validation,-1.0,2026-06-10 12:50:00,1M,6.3865,dentro,False,,-1,B,True,,1W=0.15 1D=0.2 12H=0.3 4H=0.2 1H=0.15,-0.65,-1.0,-1.0,1.0,0.0,0.0,-1.0,-1.0,,-1.0,,,,1468.0,1149.0,1171.0,1257.0,,1530.0,,,
XAUUSD,42a48654-51d8-467a-81e1-1e5a230380df,2026-06-10 06:46:48.484628,2026-06-10 06:26:48.484628,in_scope,4138.91,1M,4100.0,4220.0,short,-0.825,Bearish,Direccional,resolved,validation,-1.0,2026-06-10 12:50:00,1M,6.3865,dentro,False,,-1,C,True,,1W=0.15 1D=0.2 12H=0.3 4H=0.2 1H=0.15,-0.65,-1.0,-1.0,1.0,0.0,0.0,-1.0,-1.0,,-1.0,,,,1468.0,1149.0,1171.0,1257.0,,1530.0,,,
XAUUSD,42a48654-51d8-467a-81e1-1e5a230380df,2026-06-10 06:46:48.484628,2026-06-10 06:26:48.484628,in_scope,4138.91,1M,4100.0,4220.0,short,-0.825,Bearish,Direccional,resolved,validation,-1.0,2026-06-10 12:50:00,1M,6.3865,dentro,False,,-1,D,True,,1W=0.08 1D=0.12 12H=0.17 4H=0.22 1H=0.26 30M=0.15,-0.8,-2.0,-1.0,1.0,0.0,0.0,-1.0,-1.0,,-1.0,-1.0,,,1468.0,1149.0,1171.0,1257.0,,1530.0,2079.0,,
XAUUSD,42a48654-51d8-467a-81e1-1e5a230380df,2026-06-10 06:46:48.484628,2026-06-10 06:26:48.484628,in_scope,4138.91,1M,4100.0,4220.0,short,-0.825,Bearish,Direccional,resolved,validation,-1.0,2026-06-10 12:50:00,1M,6.3865,dentro,False,,-1,E,True,,1W=0.07 1D=0.1 12H=0.14 4H=0.19 1H=0.24 30M=0.16 15M=0.1,-0.8300000000000001,-2.0,-1.0,1.0,0.0,0.0,-1.0,-1.0,,-1.0,-1.0,-1.0,,1468.0,1149.0,1171.0,1257.0,,1530.0,2079.0,2991.0,
XAUUSD,42a48654-51d8-467a-81e1-1e5a230380df,2026-06-10 06:46:48.484628,2026-06-10 06:26:48.484628,in_scope,4138.91,1M,4100.0,4220.0,short,-0.825,Bearish,Direccional,resolved,validation,-1.0,2026-06-10 12:50:00,1M,6.3865,dentro,False,,-1,F,True,,1W=0.09412 1D=0.1412 12H=0.2 4H=0.2588 1H=0.3059,-0.7647058823529412,-2.0,-1.0,1.0,0.0,0.0,-1.0,-1.0,,-1.0,,,,1468.0,1149.0,1171.0,1257.0,,1530.0,,,
XAUUSD,42a48654-51d8-467a-81e1-1e5a230380df,2026-06-10 06:46:48.484628,2026-06-10 06:26:48.484628,in_scope,4138.91,1M,4100.0,4220.0,short,-0.825,Bearish,Direccional,resolved,validation,-1.0,2026-06-10 12:50:00,1M,6.3865,dentro,False,,-1,G,True,,1W=0.1 1D=0.1 12H=0.1 4H=0.1 1H=0.2 30M=0.2 15M=0.2,-0.8,-2.0,-1.0,1.0,0.0,0.0,-1.0,-1.0,,-1.0,-1.0,-1.0,,1468.0,1149.0,1171.0,1257.0,,1530.0,2079.0,2991.0,
XAUUSD,42a48654-51d8-467a-81e1-1e5a230380df,2026-06-10 06:46:48.484628,2026-06-10 06:26:48.484628,in_scope,4138.91,1M,4100.0,4220.0,short,-0.825,Bearish,Direccional,resolved,validation,-1.0,2026-06-10 12:50:00,1M,6.3865,dentro,False,,-1,D-EQ,True,,1W=0.1667 1D=0.1667 12H=0.1667 4H=0.1667 1H=0.1667 30M=0.1667,-0.6666666666666666,-1.0,-1.0,1.0,0.0,0.0,-1.0,-1.0,,-1.0,-1.0,,,1468.0,1149.0,1171.0,1257.0,,1530.0,2079.0,,
XAUUSD,42a48654-51d8-467a-81e1-1e5a230380df,2026-06-10 06:46:48.484628,2026-06-10 06:26:48.484628,in_scope,4138.91,1M,4100.0,4220.0,short,-0.825,Bearish,Direccional,resolved,validation,-1.0,2026-06-10 12:50:00,1M,6.3865,dentro,False,,-1,2A,True,,1D=0.2 2H=0.2 1H=0.2 30M=0.2 5M=0.2,-0.7000000000000001,-1.0,-1.0,1.0,,0.0,,,-1.0,-1.0,-1.0,,-0.5,,1149.0,,,1380.0,1530.0,2079.0,,7022.0
XAUUSD,42a48654-51d8-467a-81e1-1e5a230380df,2026-06-10 06:46:48.484628,2026-06-10 06:26:48.484628,in_scope,4138.91,1M,4100.0,4220.0,short,-0.825,Bearish,Direccional,resolved,validation,-1.0,2026-06-10 12:50:00,1M,6.3865,dentro,False,,-1,2B,True,,1D=0.1 2H=0.25 1H=0.25 30M=0.2 5M=0.2,-0.7999999999999999,-2.0,-1.0,1.0,,0.0,,,-1.0,-1.0,-1.0,,-0.5,,1149.0,,,1380.0,1530.0,2079.0,,7022.0
XAUUSD,42a48654-51d8-467a-81e1-1e5a230380df,2026-06-10 06:46:48.484628,2026-06-10 06:26:48.484628,in_scope,4138.91,1M,4100.0,4220.0,short,-0.825,Bearish,Direccional,resolved,validation,-1.0,2026-06-10 12:50:00,1M,6.3865,dentro,False,,-1,2C,True,,1D=0.2 2H=0.2 1H=0.2 30M=0.3 5M=0.1,-0.75,-2.0,-1.0,1.0,,0.0,,,-1.0,-1.0,-1.0,,-0.5,,1149.0,,,1380.0,1530.0,2079.0,,7022.0
XAUUSD,42a48654-51d8-467a-81e1-1e5a230380df,2026-06-10 06:46:48.484628,2026-06-10 06:26:48.484628,in_scope,4138.91,1M,4100.0,4220.0,short,-0.825,Bearish,Direccional,resolved,validation,-1.0,2026-06-10 12:50:00,1M,6.3865,dentro,False,,-1,2D,True,,1D=0.15 2H=0.3 1H=0.25 30M=0.2 5M=0.1,-0.8,-2.0,-1.0,1.0,,0.0,,,-1.0,-1.0,-1.0,,-0.5,,1149.0,,,1380.0,1530.0,2079.0,,7022.0
XAUUSD,42a48654-51d8-467a-81e1-1e5a230380df,2026-06-10 06:46:48.484628,2026-06-10 06:26:48.484628,in_scope,4138.91,1M,4100.0,4220.0,short,-0.825,Bearish,Direccional,resolved,validation,-1.0,2026-06-10 12:50:00,1M,6.3865,dentro,False,,-1,2E,True,,1D=0.1 2H=0.25 1H=0.3 30M=0.25 5M=0.1,-0.8500000000000001,-2.0,-1.0,1.0,,0.0,,,-1.0,-1.0,-1.0,,-0.5,,1149.0,,,1380.0,1530.0,2079.0,,7022.0
XAUUSD,42a48654-51d8-467a-81e1-1e5a230380df,2026-06-10 06:46:48.484628,2026-06-10 06:26:48.484628,in_scope,4138.91,1M,4100.0,4220.0,short,-0.825,Bearish,Direccional,resolved,validation,-1.0,2026-06-10 12:50:00,1M,6.3865,dentro,False,,-1,P2-DISC,True,,,-1.0,,-1.0,1.0,,,,,,,,,,,,,,,,,,
XAUUSD,42a48654-51d8-467a-81e1-1e5a230380df,2026-06-10 06:46:48.484628,2026-06-10 06:26:48.484628,in_scope,4138.91,1M,4100.0,4220.0,short,-0.825,Bearish,Direccional,resolved,validation,-1.0,2026-06-10 12:50:00,1M,6.3865,dentro,False,,-1,2F-LOO,True,,1D=0 2H=0.5 1H=0 30M=0.25 5M=0.25,,,-1.0,1.0,,0.0,,,-1.0,-1.0,-1.0,,-0.5,,,,,,,,,
XAUUSD,695b2b4b-fbc0-461e-a108-01576bad312e,2026-06-11 06:45:09.248232,2026-06-11 06:25:09.248232,in_scope,4069.19,1M,4020.0,4100.0,short,-0.575,Bearish,Direccional,resolved,invalidation,1.0,2026-06-11 10:12:00,1M,3.7808,dentro,False,,-1,A,True,,1W=0.3 1D=0.25 12H=0.2 4H=0.15 1H=0.1,-0.44999999999999996,-1.0,-1.0,0.0,0.0,0.0,-1.0,-1.0,,-1.0,,,,1468.0,1150.0,1173.0,1263.0,,1553.0,,,
XAUUSD,695b2b4b-fbc0-461e-a108-01576bad312e,2026-06-11 06:45:09.248232,2026-06-11 06:25:09.248232,in_scope,4069.19,1M,4020.0,4100.0,short,-0.575,Bearish,Direccional,resolved,invalidation,1.0,2026-06-11 10:12:00,1M,3.7808,dentro,False,,-1,B,True,,1W=0.15 1D=0.2 12H=0.3 4H=0.2 1H=0.15,-0.65,-1.0,-1.0,0.0,0.0,0.0,-1.0,-1.0,,-1.0,,,,1468.0,1150.0,1173.0,1263.0,,1553.0,,,
XAUUSD,695b2b4b-fbc0-461e-a108-01576bad312e,2026-06-11 06:45:09.248232,2026-06-11 06:25:09.248232,in_scope,4069.19,1M,4020.0,4100.0,short,-0.575,Bearish,Direccional,resolved,invalidation,1.0,2026-06-11 10:12:00,1M,3.7808,dentro,False,,-1,C,True,,1W=0.15 1D=0.2 12H=0.3 4H=0.2 1H=0.15,-0.65,-1.0,-1.0,0.0,0.0,0.0,-1.0,-1.0,,-1.0,,,,1468.0,1150.0,1173.0,1263.0,,1553.0,,,
XAUUSD,695b2b4b-fbc0-461e-a108-01576bad312e,2026-06-11 06:45:09.248232,2026-06-11 06:25:09.248232,in_scope,4069.19,1M,4020.0,4100.0,short,-0.575,Bearish,Direccional,resolved,invalidation,1.0,2026-06-11 10:12:00,1M,3.7808,dentro,False,,-1,D,True,,1W=0.08 1D=0.12 12H=0.17 4H=0.22 1H=0.26 30M=0.15,-0.65,-1.0,-1.0,0.0,0.0,0.0,-1.0,-1.0,,-1.0,-0.0,,,1468.0,1150.0,1173.0,1263.0,,1553.0,2125.0,,
XAUUSD,695b2b4b-fbc0-461e-a108-01576bad312e,2026-06-11 06:45:09.248232,2026-06-11 06:25:09.248232,in_scope,4069.19,1M,4020.0,4100.0,short,-0.575,Bearish,Direccional,resolved,invalidation,1.0,2026-06-11 10:12:00,1M,3.7808,dentro,False,,-1,E,True,,1W=0.07 1D=0.1 12H=0.14 4H=0.19 1H=0.24 30M=0.16 15M=0.1,-0.5700000000000001,-1.0,-1.0,0.0,0.0,0.0,-1.0,-1.0,,-1.0,-0.0,-0.0,,1468.0,1150.0,1173.0,1263.0,,1553.0,2125.0,3083.0,
XAUUSD,695b2b4b-fbc0-461e-a108-01576bad312e,2026-06-11 06:45:09.248232,2026-06-11 06:25:09.248232,in_scope,4069.19,1M,4020.0,4100.0,short,-0.575,Bearish,Direccional,resolved,invalidation,1.0,2026-06-11 10:12:00,1M,3.7808,dentro,False,,-1,F,True,,1W=0.09412 1D=0.1412 12H=0.2 4H=0.2588 1H=0.3059,-0.7647058823529412,-2.0,-1.0,0.0,0.0,0.0,-1.0,-1.0,,-1.0,,,,1468.0,1150.0,1173.0,1263.0,,1553.0,,,
XAUUSD,695b2b4b-fbc0-461e-a108-01576bad312e,2026-06-11 06:45:09.248232,2026-06-11 06:25:09.248232,in_scope,4069.19,1M,4020.0,4100.0,short,-0.575,Bearish,Direccional,resolved,invalidation,1.0,2026-06-11 10:12:00,1M,3.7808,dentro,False,,-1,G,True,,1W=0.1 1D=0.1 12H=0.1 4H=0.1 1H=0.2 30M=0.2 15M=0.2,-0.4,-1.0,-1.0,0.0,0.0,0.0,-1.0,-1.0,,-1.0,-0.0,-0.0,,1468.0,1150.0,1173.0,1263.0,,1553.0,2125.0,3083.0,
XAUUSD,695b2b4b-fbc0-461e-a108-01576bad312e,2026-06-11 06:45:09.248232,2026-06-11 06:25:09.248232,in_scope,4069.19,1M,4020.0,4100.0,short,-0.575,Bearish,Direccional,resolved,invalidation,1.0,2026-06-11 10:12:00,1M,3.7808,dentro,False,,-1,D-EQ,True,,1W=0.1667 1D=0.1667 12H=0.1667 4H=0.1667 1H=0.1667 30M=0.1667,-0.5,-1.0,-1.0,0.0,0.0,0.0,-1.0,-1.0,,-1.0,-0.0,,,1468.0,1150.0,1173.0,1263.0,,1553.0,2125.0,,
XAUUSD,695b2b4b-fbc0-461e-a108-01576bad312e,2026-06-11 06:45:09.248232,2026-06-11 06:25:09.248232,in_scope,4069.19,1M,4020.0,4100.0,short,-0.575,Bearish,Direccional,resolved,invalidation,1.0,2026-06-11 10:12:00,1M,3.7808,dentro,False,,-1,2A,True,,1D=0.2 2H=0.2 1H=0.2 30M=0.2 5M=0.2,-0.5,-1.0,-1.0,0.0,,0.0,,,-1.0,-1.0,-0.0,,-0.5,,1150.0,,,1392.0,1553.0,2125.0,,7298.0
XAUUSD,695b2b4b-fbc0-461e-a108-01576bad312e,2026-06-11 06:45:09.248232,2026-06-11 06:25:09.248232,in_scope,4069.19,1M,4020.0,4100.0,short,-0.575,Bearish,Direccional,resolved,invalidation,1.0,2026-06-11 10:12:00,1M,3.7808,dentro,False,,-1,2B,True,,1D=0.1 2H=0.25 1H=0.25 30M=0.2 5M=0.2,-0.6,-1.0,-1.0,0.0,,0.0,,,-1.0,-1.0,-0.0,,-0.5,,1150.0,,,1392.0,1553.0,2125.0,,7298.0
XAUUSD,695b2b4b-fbc0-461e-a108-01576bad312e,2026-06-11 06:45:09.248232,2026-06-11 06:25:09.248232,in_scope,4069.19,1M,4020.0,4100.0,short,-0.575,Bearish,Direccional,resolved,invalidation,1.0,2026-06-11 10:12:00,1M,3.7808,dentro,False,,-1,2C,True,,1D=0.2 2H=0.2 1H=0.2 30M=0.3 5M=0.1,-0.45,-1.0,-1.0,0.0,,0.0,,,-1.0,-1.0,-0.0,,-0.5,,1150.0,,,1392.0,1553.0,2125.0,,7298.0
XAUUSD,695b2b4b-fbc0-461e-a108-01576bad312e,2026-06-11 06:45:09.248232,2026-06-11 06:25:09.248232,in_scope,4069.19,1M,4020.0,4100.0,short,-0.575,Bearish,Direccional,resolved,invalidation,1.0,2026-06-11 10:12:00,1M,3.7808,dentro,False,,-1,2D,True,,1D=0.15 2H=0.3 1H=0.25 30M=0.2 5M=0.1,-0.6000000000000001,-1.0,-1.0,0.0,,0.0,,,-1.0,-1.0,-0.0,,-0.5,,1150.0,,,1392.0,1553.0,2125.0,,7298.0
XAUUSD,695b2b4b-fbc0-461e-a108-01576bad312e,2026-06-11 06:45:09.248232,2026-06-11 06:25:09.248232,in_scope,4069.19,1M,4020.0,4100.0,short,-0.575,Bearish,Direccional,resolved,invalidation,1.0,2026-06-11 10:12:00,1M,3.7808,dentro,False,,-1,2E,True,,1D=0.1 2H=0.25 1H=0.3 30M=0.25 5M=0.1,-0.6000000000000001,-1.0,-1.0,0.0,,0.0,,,-1.0,-1.0,-0.0,,-0.5,,1150.0,,,1392.0,1553.0,2125.0,,7298.0
XAUUSD,695b2b4b-fbc0-461e-a108-01576bad312e,2026-06-11 06:45:09.248232,2026-06-11 06:25:09.248232,in_scope,4069.19,1M,4020.0,4100.0,short,-0.575,Bearish,Direccional,resolved,invalidation,1.0,2026-06-11 10:12:00,1M,3.7808,dentro,False,,-1,P2-DISC,True,,,-1.0,,-1.0,0.0,,,,,,,,,,,,,,,,,,
XAUUSD,695b2b4b-fbc0-461e-a108-01576bad312e,2026-06-11 06:45:09.248232,2026-06-11 06:25:09.248232,in_scope,4069.19,1M,4020.0,4100.0,short,-0.575,Bearish,Direccional,resolved,invalidation,1.0,2026-06-11 10:12:00,1M,3.7808,dentro,False,,-1,2F-LOO,True,,1D=0 2H=0.5 1H=0 30M=0.25 5M=0.25,,,-1.0,0.0,,0.0,,,-1.0,-1.0,-0.0,,-0.5,,,,,,,,,
XAUUSD,2d75c2d5-d4d1-4438-84e7-945f779e31ce,2026-06-12 07:38:15.178288,2026-06-12 07:18:15.178288,in_scope,4201.67,1M,4130.0,4231.0,short,-0.25,Choppy / Neutral,Choppy,resolved,invalidation,1.0,2026-06-12 09:25:00,1M,2.1125,dentro,False,,0,A,True,,1W=0.3 1D=0.25 12H=0.2 4H=0.15 1H=0.1,-0.35,-1.0,-1.0,0.0,0.0,0.0,-1.0,-1.0,,0.0,,,,1468.0,1151.0,1175.0,1270.0,,1577.0,,,
XAUUSD,2d75c2d5-d4d1-4438-84e7-945f779e31ce,2026-06-12 07:38:15.178288,2026-06-12 07:18:15.178288,in_scope,4201.67,1M,4130.0,4231.0,short,-0.25,Choppy / Neutral,Choppy,resolved,invalidation,1.0,2026-06-12 09:25:00,1M,2.1125,dentro,False,,0,B,True,,1W=0.15 1D=0.2 12H=0.3 4H=0.2 1H=0.15,-0.5,-1.0,-1.0,0.0,0.0,0.0,-1.0,-1.0,,0.0,,,,1468.0,1151.0,1175.0,1270.0,,1577.0,,,
XAUUSD,2d75c2d5-d4d1-4438-84e7-945f779e31ce,2026-06-12 07:38:15.178288,2026-06-12 07:18:15.178288,in_scope,4201.67,1M,4130.0,4231.0,short,-0.25,Choppy / Neutral,Choppy,resolved,invalidation,1.0,2026-06-12 09:25:00,1M,2.1125,dentro,False,,0,C,True,,1W=0.15 1D=0.2 12H=0.3 4H=0.2 1H=0.15,-0.5,-1.0,-1.0,0.0,0.0,0.0,-1.0,-1.0,,0.0,,,,1468.0,1151.0,1175.0,1270.0,,1577.0,,,
XAUUSD,2d75c2d5-d4d1-4438-84e7-945f779e31ce,2026-06-12 07:38:15.178288,2026-06-12 07:18:15.178288,in_scope,4201.67,1M,4130.0,4231.0,short,-0.25,Choppy / Neutral,Choppy,resolved,invalidation,1.0,2026-06-12 09:25:00,1M,2.1125,dentro,False,,0,D,True,,1W=0.08 1D=0.12 12H=0.17 4H=0.22 1H=0.26 30M=0.15,-0.39,-1.0,-1.0,0.0,0.0,0.0,-1.0,-1.0,,0.0,0.0,,,1468.0,1151.0,1175.0,1270.0,,1577.0,2173.0,,
XAUUSD,2d75c2d5-d4d1-4438-84e7-945f779e31ce,2026-06-12 07:38:15.178288,2026-06-12 07:18:15.178288,in_scope,4201.67,1M,4130.0,4231.0,short,-0.25,Choppy / Neutral,Choppy,resolved,invalidation,1.0,2026-06-12 09:25:00,1M,2.1125,dentro,False,,0,E,True,,1W=0.07 1D=0.1 12H=0.14 4H=0.19 1H=0.24 30M=0.16 15M=0.1,-0.33,-1.0,-1.0,0.0,0.0,0.0,-1.0,-1.0,,0.0,0.0,0.0,,1468.0,1151.0,1175.0,1270.0,,1577.0,2173.0,3179.0,
XAUUSD,2d75c2d5-d4d1-4438-84e7-945f779e31ce,2026-06-12 07:38:15.178288,2026-06-12 07:18:15.178288,in_scope,4201.67,1M,4130.0,4231.0,short,-0.25,Choppy / Neutral,Choppy,resolved,invalidation,1.0,2026-06-12 09:25:00,1M,2.1125,dentro,False,,0,F,True,,1W=0.09412 1D=0.1412 12H=0.2 4H=0.2588 1H=0.3059,-0.45882352941176474,-1.0,-1.0,0.0,0.0,0.0,-1.0,-1.0,,0.0,,,,1468.0,1151.0,1175.0,1270.0,,1577.0,,,
XAUUSD,2d75c2d5-d4d1-4438-84e7-945f779e31ce,2026-06-12 07:38:15.178288,2026-06-12 07:18:15.178288,in_scope,4201.67,1M,4130.0,4231.0,short,-0.25,Choppy / Neutral,Choppy,resolved,invalidation,1.0,2026-06-12 09:25:00,1M,2.1125,dentro,False,,0,G,True,,1W=0.1 1D=0.1 12H=0.1 4H=0.1 1H=0.2 30M=0.2 15M=0.2,-0.2,0.0,0.0,,0.0,0.0,-1.0,-1.0,,0.0,0.0,0.0,,1468.0,1151.0,1175.0,1270.0,,1577.0,2173.0,3179.0,
XAUUSD,2d75c2d5-d4d1-4438-84e7-945f779e31ce,2026-06-12 07:38:15.178288,2026-06-12 07:18:15.178288,in_scope,4201.67,1M,4130.0,4231.0,short,-0.25,Choppy / Neutral,Choppy,resolved,invalidation,1.0,2026-06-12 09:25:00,1M,2.1125,dentro,False,,0,D-EQ,True,,1W=0.1667 1D=0.1667 12H=0.1667 4H=0.1667 1H=0.1667 30M=0.1667,-0.3333333333333333,-1.0,-1.0,0.0,0.0,0.0,-1.0,-1.0,,0.0,0.0,,,1468.0,1151.0,1175.0,1270.0,,1577.0,2173.0,,
XAUUSD,2d75c2d5-d4d1-4438-84e7-945f779e31ce,2026-06-12 07:38:15.178288,2026-06-12 07:18:15.178288,in_scope,4201.67,1M,4130.0,4231.0,short,-0.25,Choppy / Neutral,Choppy,resolved,invalidation,1.0,2026-06-12 09:25:00,1M,2.1125,dentro,False,,0,2A,True,,1D=0.2 2H=0.2 1H=0.2 30M=0.2 5M=0.2,0.0,0.0,0.0,,,0.0,,,0.0,0.0,0.0,,0.0,,1151.0,,,1405.0,1577.0,2173.0,,7584.0
XAUUSD,2d75c2d5-d4d1-4438-84e7-945f779e31ce,2026-06-12 07:38:15.178288,2026-06-12 07:18:15.178288,in_scope,4201.67,1M,4130.0,4231.0,short,-0.25,Choppy / Neutral,Choppy,resolved,invalidation,1.0,2026-06-12 09:25:00,1M,2.1125,dentro,False,,0,2B,True,,1D=0.1 2H=0.25 1H=0.25 30M=0.2 5M=0.2,0.0,0.0,0.0,,,0.0,,,0.0,0.0,0.0,,0.0,,1151.0,,,1405.0,1577.0,2173.0,,7584.0
XAUUSD,2d75c2d5-d4d1-4438-84e7-945f779e31ce,2026-06-12 07:38:15.178288,2026-06-12 07:18:15.178288,in_scope,4201.67,1M,4130.0,4231.0,short,-0.25,Choppy / Neutral,Choppy,resolved,invalidation,1.0,2026-06-12 09:25:00,1M,2.1125,dentro,False,,0,2C,True,,1D=0.2 2H=0.2 1H=0.2 30M=0.3 5M=0.1,0.0,0.0,0.0,,,0.0,,,0.0,0.0,0.0,,0.0,,1151.0,,,1405.0,1577.0,2173.0,,7584.0
XAUUSD,2d75c2d5-d4d1-4438-84e7-945f779e31ce,2026-06-12 07:38:15.178288,2026-06-12 07:18:15.178288,in_scope,4201.67,1M,4130.0,4231.0,short,-0.25,Choppy / Neutral,Choppy,resolved,invalidation,1.0,2026-06-12 09:25:00,1M,2.1125,dentro,False,,0,2D,True,,1D=0.15 2H=0.3 1H=0.25 30M=0.2 5M=0.1,0.0,0.0,0.0,,,0.0,,,0.0,0.0,0.0,,0.0,,1151.0,,,1405.0,1577.0,2173.0,,7584.0
XAUUSD,2d75c2d5-d4d1-4438-84e7-945f779e31ce,2026-06-12 07:38:15.178288,2026-06-12 07:18:15.178288,in_scope,4201.67,1M,4130.0,4231.0,short,-0.25,Choppy / Neutral,Choppy,resolved,invalidation,1.0,2026-06-12 09:25:00,1M,2.1125,dentro,False,,0,2E,True,,1D=0.1 2H=0.25 1H=0.3 30M=0.25 5M=0.1,0.0,0.0,0.0,,,0.0,,,0.0,0.0,0.0,,0.0,,1151.0,,,1405.0,1577.0,2173.0,,7584.0
XAUUSD,2d75c2d5-d4d1-4438-84e7-945f779e31ce,2026-06-12 07:38:15.178288,2026-06-12 07:18:15.178288,in_scope,4201.67,1M,4130.0,4231.0,short,-0.25,Choppy / Neutral,Choppy,resolved,invalidation,1.0,2026-06-12 09:25:00,1M,2.1125,dentro,False,,0,P2-DISC,True,,,0.0,,0.0,,,,,,,,,,,,,,,,,,,
XAUUSD,2d75c2d5-d4d1-4438-84e7-945f779e31ce,2026-06-12 07:38:15.178288,2026-06-12 07:18:15.178288,in_scope,4201.67,1M,4130.0,4231.0,short,-0.25,Choppy / Neutral,Choppy,resolved,invalidation,1.0,2026-06-12 09:25:00,1M,2.1125,dentro,False,,0,2F-LOO,True,,1D=0 2H=0.5 1H=0 30M=0.25 5M=0.25,,,0.0,,,0.0,,,0.0,0.0,0.0,,0.0,,,,,,,,,
XAUUSD,4b17b903-407d-4a5e-b238-1491ab64679b,2026-06-15 05:34:04.865695,2026-06-15 05:14:04.865695,in_scope,4338.99,1M,4370.0,4320.0,long,0.1,Choppy / Neutral,Choppy,resolved,invalidation,-1.0,2026-06-15 12:02:00,1M,6.7986,dentro,False,,1,A,True,,1W=0.3 1D=0.25 12H=0.2 4H=0.15 1H=0.1,0.0,0.0,0.0,,0.0,0.0,0.0,0.0,,0.0,,,,1469.0,1152.0,1177.0,1275.0,,1598.0,,,
XAUUSD,4b17b903-407d-4a5e-b238-1491ab64679b,2026-06-15 05:34:04.865695,2026-06-15 05:14:04.865695,in_scope,4338.99,1M,4370.0,4320.0,long,0.1,Choppy / Neutral,Choppy,resolved,invalidation,-1.0,2026-06-15 12:02:00,1M,6.7986,dentro,False,,1,B,True,,1W=0.15 1D=0.2 12H=0.3 4H=0.2 1H=0.15,0.0,0.0,0.0,,0.0,0.0,0.0,0.0,,0.0,,,,1469.0,1152.0,1177.0,1275.0,,1598.0,,,
XAUUSD,4b17b903-407d-4a5e-b238-1491ab64679b,2026-06-15 05:34:04.865695,2026-06-15 05:14:04.865695,in_scope,4338.99,1M,4370.0,4320.0,long,0.1,Choppy / Neutral,Choppy,resolved,invalidation,-1.0,2026-06-15 12:02:00,1M,6.7986,dentro,False,,1,C,True,,1W=0.15 1D=0.2 12H=0.3 4H=0.2 1H=0.15,0.0,0.0,0.0,,0.0,0.0,0.0,0.0,,0.0,,,,1469.0,1152.0,1177.0,1275.0,,1598.0,,,
XAUUSD,4b17b903-407d-4a5e-b238-1491ab64679b,2026-06-15 05:34:04.865695,2026-06-15 05:14:04.865695,in_scope,4338.99,1M,4370.0,4320.0,long,0.1,Choppy / Neutral,Choppy,resolved,invalidation,-1.0,2026-06-15 12:02:00,1M,6.7986,dentro,False,,1,D,True,,1W=0.08 1D=0.12 12H=0.17 4H=0.22 1H=0.26 30M=0.15,0.0,0.0,0.0,,0.0,0.0,0.0,0.0,,0.0,0.0,,,1469.0,1152.0,1177.0,1275.0,,1598.0,2215.0,,
XAUUSD,4b17b903-407d-4a5e-b238-1491ab64679b,2026-06-15 05:34:04.865695,2026-06-15 05:14:04.865695,in_scope,4338.99,1M,4370.0,4320.0,long,0.1,Choppy / Neutral,Choppy,resolved,invalidation,-1.0,2026-06-15 12:02:00,1M,6.7986,dentro,False,,1,E,True,,1W=0.07 1D=0.1 12H=0.14 4H=0.19 1H=0.24 30M=0.16 15M=0.1,0.1,0.0,0.0,,0.0,0.0,0.0,0.0,,0.0,0.0,1.0,,1469.0,1152.0,1177.0,1275.0,,1598.0,2215.0,3261.0,
XAUUSD,4b17b903-407d-4a5e-b238-1491ab64679b,2026-06-15 05:34:04.865695,2026-06-15 05:14:04.865695,in_scope,4338.99,1M,4370.0,4320.0,long,0.1,Choppy / Neutral,Choppy,resolved,invalidation,-1.0,2026-06-15 12:02:00,1M,6.7986,dentro,False,,1,F,True,,1W=0.09412 1D=0.1412 12H=0.2 4H=0.2588 1H=0.3059,0.0,0.0,0.0,,0.0,0.0,0.0,0.0,,0.0,,,,1469.0,1152.0,1177.0,1275.0,,1598.0,,,
XAUUSD,4b17b903-407d-4a5e-b238-1491ab64679b,2026-06-15 05:34:04.865695,2026-06-15 05:14:04.865695,in_scope,4338.99,1M,4370.0,4320.0,long,0.1,Choppy / Neutral,Choppy,resolved,invalidation,-1.0,2026-06-15 12:02:00,1M,6.7986,dentro,False,,1,G,True,,1W=0.1 1D=0.1 12H=0.1 4H=0.1 1H=0.2 30M=0.2 15M=0.2,0.2,0.0,0.0,,0.0,0.0,0.0,0.0,,0.0,0.0,1.0,,1469.0,1152.0,1177.0,1275.0,,1598.0,2215.0,3261.0,
XAUUSD,4b17b903-407d-4a5e-b238-1491ab64679b,2026-06-15 05:34:04.865695,2026-06-15 05:14:04.865695,in_scope,4338.99,1M,4370.0,4320.0,long,0.1,Choppy / Neutral,Choppy,resolved,invalidation,-1.0,2026-06-15 12:02:00,1M,6.7986,dentro,False,,1,D-EQ,True,,1W=0.1667 1D=0.1667 12H=0.1667 4H=0.1667 1H=0.1667 30M=0.1667,0.0,0.0,0.0,,0.0,0.0,0.0,0.0,,0.0,0.0,,,1469.0,1152.0,1177.0,1275.0,,1598.0,2215.0,,
XAUUSD,4b17b903-407d-4a5e-b238-1491ab64679b,2026-06-15 05:34:04.865695,2026-06-15 05:14:04.865695,in_scope,4338.99,1M,4370.0,4320.0,long,0.1,Choppy / Neutral,Choppy,resolved,invalidation,-1.0,2026-06-15 12:02:00,1M,6.7986,dentro,False,,1,2A,True,,1D=0.2 2H=0.2 1H=0.2 30M=0.2 5M=0.2,0.0,0.0,0.0,,,0.0,,,0.0,0.0,0.0,,0.0,,1152.0,,,1416.0,1598.0,2215.0,,7831.0
XAUUSD,4b17b903-407d-4a5e-b238-1491ab64679b,2026-06-15 05:34:04.865695,2026-06-15 05:14:04.865695,in_scope,4338.99,1M,4370.0,4320.0,long,0.1,Choppy / Neutral,Choppy,resolved,invalidation,-1.0,2026-06-15 12:02:00,1M,6.7986,dentro,False,,1,2B,True,,1D=0.1 2H=0.25 1H=0.25 30M=0.2 5M=0.2,0.0,0.0,0.0,,,0.0,,,0.0,0.0,0.0,,0.0,,1152.0,,,1416.0,1598.0,2215.0,,7831.0
XAUUSD,4b17b903-407d-4a5e-b238-1491ab64679b,2026-06-15 05:34:04.865695,2026-06-15 05:14:04.865695,in_scope,4338.99,1M,4370.0,4320.0,long,0.1,Choppy / Neutral,Choppy,resolved,invalidation,-1.0,2026-06-15 12:02:00,1M,6.7986,dentro,False,,1,2C,True,,1D=0.2 2H=0.2 1H=0.2 30M=0.3 5M=0.1,0.0,0.0,0.0,,,0.0,,,0.0,0.0,0.0,,0.0,,1152.0,,,1416.0,1598.0,2215.0,,7831.0
XAUUSD,4b17b903-407d-4a5e-b238-1491ab64679b,2026-06-15 05:34:04.865695,2026-06-15 05:14:04.865695,in_scope,4338.99,1M,4370.0,4320.0,long,0.1,Choppy / Neutral,Choppy,resolved,invalidation,-1.0,2026-06-15 12:02:00,1M,6.7986,dentro,False,,1,2D,True,,1D=0.15 2H=0.3 1H=0.25 30M=0.2 5M=0.1,0.0,0.0,0.0,,,0.0,,,0.0,0.0,0.0,,0.0,,1152.0,,,1416.0,1598.0,2215.0,,7831.0
XAUUSD,4b17b903-407d-4a5e-b238-1491ab64679b,2026-06-15 05:34:04.865695,2026-06-15 05:14:04.865695,in_scope,4338.99,1M,4370.0,4320.0,long,0.1,Choppy / Neutral,Choppy,resolved,invalidation,-1.0,2026-06-15 12:02:00,1M,6.7986,dentro,False,,1,2E,True,,1D=0.1 2H=0.25 1H=0.3 30M=0.25 5M=0.1,0.0,0.0,0.0,,,0.0,,,0.0,0.0,0.0,,0.0,,1152.0,,,1416.0,1598.0,2215.0,,7831.0
XAUUSD,4b17b903-407d-4a5e-b238-1491ab64679b,2026-06-15 05:34:04.865695,2026-06-15 05:14:04.865695,in_scope,4338.99,1M,4370.0,4320.0,long,0.1,Choppy / Neutral,Choppy,resolved,invalidation,-1.0,2026-06-15 12:02:00,1M,6.7986,dentro,False,,1,P2-DISC,True,,,1.0,,1.0,0.0,,,,,,,,,,,,,,,,,,
XAUUSD,4b17b903-407d-4a5e-b238-1491ab64679b,2026-06-15 05:34:04.865695,2026-06-15 05:14:04.865695,in_scope,4338.99,1M,4370.0,4320.0,long,0.1,Choppy / Neutral,Choppy,resolved,invalidation,-1.0,2026-06-15 12:02:00,1M,6.7986,dentro,False,,1,2F-LOO,True,,1D=0 2H=0.5 1H=0 30M=0.25 5M=0.25,,,0.0,,,0.0,,,0.0,0.0,0.0,,0.0,,,,,,,,,
XAUUSD,9602d430-4569-4682-b22c-9fb689d6fd4d,2026-06-15 18:29:51.726240,2026-06-15 18:09:51.726240,in_scope,4315.77,1M,4281.0,4330.61,short,-0.35,Bearish,Direccional,resolved,invalidation,1.0,2026-06-15 21:42:00,1M,3.5356,dentro,False,,-1,A,True,,1W=0.3 1D=0.25 12H=0.2 4H=0.15 1H=0.1,-0.2,0.0,0.0,,0.0,0.0,-1.0,0.0,,0.0,,,,1469.0,1153.0,1178.0,1278.0,,1610.0,,,
XAUUSD,9602d430-4569-4682-b22c-9fb689d6fd4d,2026-06-15 18:29:51.726240,2026-06-15 18:09:51.726240,in_scope,4315.77,1M,4281.0,4330.61,short,-0.35,Bearish,Direccional,resolved,invalidation,1.0,2026-06-15 21:42:00,1M,3.5356,dentro,False,,-1,B,True,,1W=0.15 1D=0.2 12H=0.3 4H=0.2 1H=0.15,-0.3,-1.0,-1.0,0.0,0.0,0.0,-1.0,0.0,,0.0,,,,1469.0,1153.0,1178.0,1278.0,,1610.0,,,
XAUUSD,9602d430-4569-4682-b22c-9fb689d6fd4d,2026-06-15 18:29:51.726240,2026-06-15 18:09:51.726240,in_scope,4315.77,1M,4281.0,4330.61,short,-0.35,Bearish,Direccional,resolved,invalidation,1.0,2026-06-15 21:42:00,1M,3.5356,dentro,False,,-1,C,True,,1W=0.15 1D=0.2 12H=0.3 4H=0.2 1H=0.15,-0.3,-1.0,-1.0,0.0,0.0,0.0,-1.0,0.0,,0.0,,,,1469.0,1153.0,1178.0,1278.0,,1610.0,,,
XAUUSD,9602d430-4569-4682-b22c-9fb689d6fd4d,2026-06-15 18:29:51.726240,2026-06-15 18:09:51.726240,in_scope,4315.77,1M,4281.0,4330.61,short,-0.35,Bearish,Direccional,resolved,invalidation,1.0,2026-06-15 21:42:00,1M,3.5356,dentro,False,,-1,D,True,,1W=0.08 1D=0.12 12H=0.17 4H=0.22 1H=0.26 30M=0.15,-0.17,0.0,0.0,,0.0,0.0,-1.0,0.0,,0.0,0.0,,,1469.0,1153.0,1178.0,1278.0,,1610.0,2239.0,,
XAUUSD,9602d430-4569-4682-b22c-9fb689d6fd4d,2026-06-15 18:29:51.726240,2026-06-15 18:09:51.726240,in_scope,4315.77,1M,4281.0,4330.61,short,-0.35,Bearish,Direccional,resolved,invalidation,1.0,2026-06-15 21:42:00,1M,3.5356,dentro,False,,-1,E,True,,1W=0.07 1D=0.1 12H=0.14 4H=0.19 1H=0.24 30M=0.16 15M=0.1,-0.14,0.0,0.0,,0.0,0.0,-1.0,0.0,,0.0,0.0,0.0,,1469.0,1153.0,1178.0,1278.0,,1610.0,2239.0,3309.0,
XAUUSD,9602d430-4569-4682-b22c-9fb689d6fd4d,2026-06-15 18:29:51.726240,2026-06-15 18:09:51.726240,in_scope,4315.77,1M,4281.0,4330.61,short,-0.35,Bearish,Direccional,resolved,invalidation,1.0,2026-06-15 21:42:00,1M,3.5356,dentro,False,,-1,F,True,,1W=0.09412 1D=0.1412 12H=0.2 4H=0.2588 1H=0.3059,-0.2,0.0,0.0,,0.0,0.0,-1.0,0.0,,0.0,,,,1469.0,1153.0,1178.0,1278.0,,1610.0,,,
XAUUSD,9602d430-4569-4682-b22c-9fb689d6fd4d,2026-06-15 18:29:51.726240,2026-06-15 18:09:51.726240,in_scope,4315.77,1M,4281.0,4330.61,short,-0.35,Bearish,Direccional,resolved,invalidation,1.0,2026-06-15 21:42:00,1M,3.5356,dentro,False,,-1,G,True,,1W=0.1 1D=0.1 12H=0.1 4H=0.1 1H=0.2 30M=0.2 15M=0.2,-0.1,0.0,0.0,,0.0,0.0,-1.0,0.0,,0.0,0.0,0.0,,1469.0,1153.0,1178.0,1278.0,,1610.0,2239.0,3309.0,
XAUUSD,9602d430-4569-4682-b22c-9fb689d6fd4d,2026-06-15 18:29:51.726240,2026-06-15 18:09:51.726240,in_scope,4315.77,1M,4281.0,4330.61,short,-0.35,Bearish,Direccional,resolved,invalidation,1.0,2026-06-15 21:42:00,1M,3.5356,dentro,False,,-1,D-EQ,True,,1W=0.1667 1D=0.1667 12H=0.1667 4H=0.1667 1H=0.1667 30M=0.1667,-0.16666666666666666,0.0,0.0,,0.0,0.0,-1.0,0.0,,0.0,0.0,,,1469.0,1153.0,1178.0,1278.0,,1610.0,2239.0,,
XAUUSD,9602d430-4569-4682-b22c-9fb689d6fd4d,2026-06-15 18:29:51.726240,2026-06-15 18:09:51.726240,in_scope,4315.77,1M,4281.0,4330.61,short,-0.35,Bearish,Direccional,resolved,invalidation,1.0,2026-06-15 21:42:00,1M,3.5356,dentro,False,,-1,2A,True,,1D=0.2 2H=0.2 1H=0.2 30M=0.2 5M=0.2,0.0,0.0,0.0,,,0.0,,,0.0,0.0,0.0,,0.0,,1153.0,,,1422.0,1610.0,2239.0,,7974.0
XAUUSD,9602d430-4569-4682-b22c-9fb689d6fd4d,2026-06-15 18:29:51.726240,2026-06-15 18:09:51.726240,in_scope,4315.77,1M,4281.0,4330.61,short,-0.35,Bearish,Direccional,resolved,invalidation,1.0,2026-06-15 21:42:00,1M,3.5356,dentro,False,,-1,2B,True,,1D=0.1 2H=0.25 1H=0.25 30M=0.2 5M=0.2,0.0,0.0,0.0,,,0.0,,,0.0,0.0,0.0,,0.0,,1153.0,,,1422.0,1610.0,2239.0,,7974.0
XAUUSD,9602d430-4569-4682-b22c-9fb689d6fd4d,2026-06-15 18:29:51.726240,2026-06-15 18:09:51.726240,in_scope,4315.77,1M,4281.0,4330.61,short,-0.35,Bearish,Direccional,resolved,invalidation,1.0,2026-06-15 21:42:00,1M,3.5356,dentro,False,,-1,2C,True,,1D=0.2 2H=0.2 1H=0.2 30M=0.3 5M=0.1,0.0,0.0,0.0,,,0.0,,,0.0,0.0,0.0,,0.0,,1153.0,,,1422.0,1610.0,2239.0,,7974.0
XAUUSD,9602d430-4569-4682-b22c-9fb689d6fd4d,2026-06-15 18:29:51.726240,2026-06-15 18:09:51.726240,in_scope,4315.77,1M,4281.0,4330.61,short,-0.35,Bearish,Direccional,resolved,invalidation,1.0,2026-06-15 21:42:00,1M,3.5356,dentro,False,,-1,2D,True,,1D=0.15 2H=0.3 1H=0.25 30M=0.2 5M=0.1,0.0,0.0,0.0,,,0.0,,,0.0,0.0,0.0,,0.0,,1153.0,,,1422.0,1610.0,2239.0,,7974.0
XAUUSD,9602d430-4569-4682-b22c-9fb689d6fd4d,2026-06-15 18:29:51.726240,2026-06-15 18:09:51.726240,in_scope,4315.77,1M,4281.0,4330.61,short,-0.35,Bearish,Direccional,resolved,invalidation,1.0,2026-06-15 21:42:00,1M,3.5356,dentro,False,,-1,2E,True,,1D=0.1 2H=0.25 1H=0.3 30M=0.25 5M=0.1,0.0,0.0,0.0,,,0.0,,,0.0,0.0,0.0,,0.0,,1153.0,,,1422.0,1610.0,2239.0,,7974.0
XAUUSD,9602d430-4569-4682-b22c-9fb689d6fd4d,2026-06-15 18:29:51.726240,2026-06-15 18:09:51.726240,in_scope,4315.77,1M,4281.0,4330.61,short,-0.35,Bearish,Direccional,resolved,invalidation,1.0,2026-06-15 21:42:00,1M,3.5356,dentro,False,,-1,P2-DISC,True,,,-1.0,,-1.0,0.0,,,,,,,,,,,,,,,,,,
XAUUSD,9602d430-4569-4682-b22c-9fb689d6fd4d,2026-06-15 18:29:51.726240,2026-06-15 18:09:51.726240,in_scope,4315.77,1M,4281.0,4330.61,short,-0.35,Bearish,Direccional,resolved,invalidation,1.0,2026-06-15 21:42:00,1M,3.5356,dentro,False,,-1,2F-LOO,True,,1D=0 2H=0.5 1H=0 30M=0.25 5M=0.25,,,0.0,,,0.0,,,0.0,0.0,0.0,,0.0,,,,,,,,,
XAUUSD,c4880214-b7e9-41ae-8a9f-02ebbfd4b615,2026-06-17 07:03:15.530238,2026-06-17 06:43:15.530238,in_scope,4329.96,1M,4370.0,4300.0,long,0.45,Bullish,Direccional,resolved,validation,1.0,2026-06-17 11:33:00,1M,4.829,dentro,False,,0,A,True,,1W=0.3 1D=0.25 12H=0.2 4H=0.15 1H=0.1,0.0,0.0,0.0,,0.0,0.0,0.0,0.0,,0.0,,,,1469.0,1154.0,1181.0,1287.0,,1645.0,,,
XAUUSD,c4880214-b7e9-41ae-8a9f-02ebbfd4b615,2026-06-17 07:03:15.530238,2026-06-17 06:43:15.530238,in_scope,4329.96,1M,4370.0,4300.0,long,0.45,Bullish,Direccional,resolved,validation,1.0,2026-06-17 11:33:00,1M,4.829,dentro,False,,0,B,True,,1W=0.15 1D=0.2 12H=0.3 4H=0.2 1H=0.15,0.0,0.0,0.0,,0.0,0.0,0.0,0.0,,0.0,,,,1469.0,1154.0,1181.0,1287.0,,1645.0,,,
XAUUSD,c4880214-b7e9-41ae-8a9f-02ebbfd4b615,2026-06-17 07:03:15.530238,2026-06-17 06:43:15.530238,in_scope,4329.96,1M,4370.0,4300.0,long,0.45,Bullish,Direccional,resolved,validation,1.0,2026-06-17 11:33:00,1M,4.829,dentro,False,,0,C,True,,1W=0.15 1D=0.2 12H=0.3 4H=0.2 1H=0.15,0.0,0.0,0.0,,0.0,0.0,0.0,0.0,,0.0,,,,1469.0,1154.0,1181.0,1287.0,,1645.0,,,
XAUUSD,c4880214-b7e9-41ae-8a9f-02ebbfd4b615,2026-06-17 07:03:15.530238,2026-06-17 06:43:15.530238,in_scope,4329.96,1M,4370.0,4300.0,long,0.45,Bullish,Direccional,resolved,validation,1.0,2026-06-17 11:33:00,1M,4.829,dentro,False,,0,D,True,,1W=0.08 1D=0.12 12H=0.17 4H=0.22 1H=0.26 30M=0.15,0.0,0.0,0.0,,0.0,0.0,0.0,0.0,,0.0,0.0,,,1469.0,1154.0,1181.0,1287.0,,1645.0,2310.0,,
XAUUSD,c4880214-b7e9-41ae-8a9f-02ebbfd4b615,2026-06-17 07:03:15.530238,2026-06-17 06:43:15.530238,in_scope,4329.96,1M,4370.0,4300.0,long,0.45,Bullish,Direccional,resolved,validation,1.0,2026-06-17 11:33:00,1M,4.829,dentro,False,,0,E,True,,1W=0.07 1D=0.1 12H=0.14 4H=0.19 1H=0.24 30M=0.16 15M=0.1,0.0,0.0,0.0,,0.0,0.0,0.0,0.0,,0.0,0.0,0.0,,1469.0,1154.0,1181.0,1287.0,,1645.0,2310.0,3451.0,
XAUUSD,c4880214-b7e9-41ae-8a9f-02ebbfd4b615,2026-06-17 07:03:15.530238,2026-06-17 06:43:15.530238,in_scope,4329.96,1M,4370.0,4300.0,long,0.45,Bullish,Direccional,resolved,validation,1.0,2026-06-17 11:33:00,1M,4.829,dentro,False,,0,F,True,,1W=0.09412 1D=0.1412 12H=0.2 4H=0.2588 1H=0.3059,0.0,0.0,0.0,,0.0,0.0,0.0,0.0,,0.0,,,,1469.0,1154.0,1181.0,1287.0,,1645.0,,,
XAUUSD,c4880214-b7e9-41ae-8a9f-02ebbfd4b615,2026-06-17 07:03:15.530238,2026-06-17 06:43:15.530238,in_scope,4329.96,1M,4370.0,4300.0,long,0.45,Bullish,Direccional,resolved,validation,1.0,2026-06-17 11:33:00,1M,4.829,dentro,False,,0,G,True,,1W=0.1 1D=0.1 12H=0.1 4H=0.1 1H=0.2 30M=0.2 15M=0.2,0.0,0.0,0.0,,0.0,0.0,0.0,0.0,,0.0,0.0,0.0,,1469.0,1154.0,1181.0,1287.0,,1645.0,2310.0,3451.0,
XAUUSD,c4880214-b7e9-41ae-8a9f-02ebbfd4b615,2026-06-17 07:03:15.530238,2026-06-17 06:43:15.530238,in_scope,4329.96,1M,4370.0,4300.0,long,0.45,Bullish,Direccional,resolved,validation,1.0,2026-06-17 11:33:00,1M,4.829,dentro,False,,0,D-EQ,True,,1W=0.1667 1D=0.1667 12H=0.1667 4H=0.1667 1H=0.1667 30M=0.1667,0.0,0.0,0.0,,0.0,0.0,0.0,0.0,,0.0,0.0,,,1469.0,1154.0,1181.0,1287.0,,1645.0,2310.0,,
XAUUSD,c4880214-b7e9-41ae-8a9f-02ebbfd4b615,2026-06-17 07:03:15.530238,2026-06-17 06:43:15.530238,in_scope,4329.96,1M,4370.0,4300.0,long,0.45,Bullish,Direccional,resolved,validation,1.0,2026-06-17 11:33:00,1M,4.829,dentro,False,,0,2A,True,,1D=0.2 2H=0.2 1H=0.2 30M=0.2 5M=0.2,0.0,0.0,0.0,,,0.0,,,0.0,0.0,0.0,,0.0,,1154.0,,,1440.0,1645.0,2310.0,,8401.0
XAUUSD,c4880214-b7e9-41ae-8a9f-02ebbfd4b615,2026-06-17 07:03:15.530238,2026-06-17 06:43:15.530238,in_scope,4329.96,1M,4370.0,4300.0,long,0.45,Bullish,Direccional,resolved,validation,1.0,2026-06-17 11:33:00,1M,4.829,dentro,False,,0,2B,True,,1D=0.1 2H=0.25 1H=0.25 30M=0.2 5M=0.2,0.0,0.0,0.0,,,0.0,,,0.0,0.0,0.0,,0.0,,1154.0,,,1440.0,1645.0,2310.0,,8401.0
XAUUSD,c4880214-b7e9-41ae-8a9f-02ebbfd4b615,2026-06-17 07:03:15.530238,2026-06-17 06:43:15.530238,in_scope,4329.96,1M,4370.0,4300.0,long,0.45,Bullish,Direccional,resolved,validation,1.0,2026-06-17 11:33:00,1M,4.829,dentro,False,,0,2C,True,,1D=0.2 2H=0.2 1H=0.2 30M=0.3 5M=0.1,0.0,0.0,0.0,,,0.0,,,0.0,0.0,0.0,,0.0,,1154.0,,,1440.0,1645.0,2310.0,,8401.0
XAUUSD,c4880214-b7e9-41ae-8a9f-02ebbfd4b615,2026-06-17 07:03:15.530238,2026-06-17 06:43:15.530238,in_scope,4329.96,1M,4370.0,4300.0,long,0.45,Bullish,Direccional,resolved,validation,1.0,2026-06-17 11:33:00,1M,4.829,dentro,False,,0,2D,True,,1D=0.15 2H=0.3 1H=0.25 30M=0.2 5M=0.1,0.0,0.0,0.0,,,0.0,,,0.0,0.0,0.0,,0.0,,1154.0,,,1440.0,1645.0,2310.0,,8401.0
XAUUSD,c4880214-b7e9-41ae-8a9f-02ebbfd4b615,2026-06-17 07:03:15.530238,2026-06-17 06:43:15.530238,in_scope,4329.96,1M,4370.0,4300.0,long,0.45,Bullish,Direccional,resolved,validation,1.0,2026-06-17 11:33:00,1M,4.829,dentro,False,,0,2E,True,,1D=0.1 2H=0.25 1H=0.3 30M=0.25 5M=0.1,0.0,0.0,0.0,,,0.0,,,0.0,0.0,0.0,,0.0,,1154.0,,,1440.0,1645.0,2310.0,,8401.0
XAUUSD,c4880214-b7e9-41ae-8a9f-02ebbfd4b615,2026-06-17 07:03:15.530238,2026-06-17 06:43:15.530238,in_scope,4329.96,1M,4370.0,4300.0,long,0.45,Bullish,Direccional,resolved,validation,1.0,2026-06-17 11:33:00,1M,4.829,dentro,False,,0,P2-DISC,True,,,0.0,,0.0,,,,,,,,,,,,,,,,,,,
XAUUSD,c4880214-b7e9-41ae-8a9f-02ebbfd4b615,2026-06-17 07:03:15.530238,2026-06-17 06:43:15.530238,in_scope,4329.96,1M,4370.0,4300.0,long,0.45,Bullish,Direccional,resolved,validation,1.0,2026-06-17 11:33:00,1M,4.829,dentro,False,,0,2F-LOO,True,,1D=0 2H=0.5 1H=0 30M=0.25 5M=0.25,,,0.0,,,0.0,,,0.0,0.0,0.0,,0.0,,,,,,,,,
XAUUSD,b2c485fd-6e04-45ae-aa3b-733567f07cd4,2026-06-18 06:50:18.276594,2026-06-18 06:30:18.276594,in_scope,4255.28,1M,4180.0,4330.0,short,-0.475,Bearish,Direccional,resolved,validation,-1.0,2026-06-18 20:08:00,1M,13.6283,dentro,False,,-1,A,True,,1W=0.3 1D=0.25 12H=0.2 4H=0.15 1H=0.1,-0.325,-1.0,-1.0,1.0,0.0,0.0,-1.0,-0.5,,-0.5,,,,1469.0,1155.0,1183.0,1293.0,,1668.0,,,
XAUUSD,b2c485fd-6e04-45ae-aa3b-733567f07cd4,2026-06-18 06:50:18.276594,2026-06-18 06:30:18.276594,in_scope,4255.28,1M,4180.0,4330.0,short,-0.475,Bearish,Direccional,resolved,validation,-1.0,2026-06-18 20:08:00,1M,13.6283,dentro,False,,-1,B,True,,1W=0.15 1D=0.2 12H=0.3 4H=0.2 1H=0.15,-0.47500000000000003,-1.0,-1.0,1.0,0.0,0.0,-1.0,-0.5,,-0.5,,,,1469.0,1155.0,1183.0,1293.0,,1668.0,,,
XAUUSD,b2c485fd-6e04-45ae-aa3b-733567f07cd4,2026-06-18 06:50:18.276594,2026-06-18 06:30:18.276594,in_scope,4255.28,1M,4180.0,4330.0,short,-0.475,Bearish,Direccional,resolved,validation,-1.0,2026-06-18 20:08:00,1M,13.6283,dentro,False,,-1,C,True,,1W=0.15 1D=0.2 12H=0.3 4H=0.2 1H=0.15,-0.47500000000000003,-1.0,-1.0,1.0,0.0,0.0,-1.0,-0.5,,-0.5,,,,1469.0,1155.0,1183.0,1293.0,,1668.0,,,
XAUUSD,b2c485fd-6e04-45ae-aa3b-733567f07cd4,2026-06-18 06:50:18.276594,2026-06-18 06:30:18.276594,in_scope,4255.28,1M,4180.0,4330.0,short,-0.475,Bearish,Direccional,resolved,validation,-1.0,2026-06-18 20:08:00,1M,13.6283,dentro,False,,-1,D,True,,1W=0.08 1D=0.12 12H=0.17 4H=0.22 1H=0.26 30M=0.15,-0.41000000000000003,-1.0,-1.0,1.0,0.0,0.0,-1.0,-0.5,,-0.5,0.0,,,1469.0,1155.0,1183.0,1293.0,,1668.0,2356.0,,
XAUUSD,b2c485fd-6e04-45ae-aa3b-733567f07cd4,2026-06-18 06:50:18.276594,2026-06-18 06:30:18.276594,in_scope,4255.28,1M,4180.0,4330.0,short,-0.475,Bearish,Direccional,resolved,validation,-1.0,2026-06-18 20:08:00,1M,13.6283,dentro,False,,-1,E,True,,1W=0.07 1D=0.1 12H=0.14 4H=0.19 1H=0.24 30M=0.16 15M=0.1,-0.45499999999999996,-1.0,-1.0,1.0,0.0,0.0,-1.0,-0.5,,-0.5,0.0,-1.0,,1469.0,1155.0,1183.0,1293.0,,1668.0,2356.0,3543.0,
XAUUSD,b2c485fd-6e04-45ae-aa3b-733567f07cd4,2026-06-18 06:50:18.276594,2026-06-18 06:30:18.276594,in_scope,4255.28,1M,4180.0,4330.0,short,-0.475,Bearish,Direccional,resolved,validation,-1.0,2026-06-18 20:08:00,1M,13.6283,dentro,False,,-1,F,True,,1W=0.09412 1D=0.1412 12H=0.2 4H=0.2588 1H=0.3059,-0.48235294117647065,-1.0,-1.0,1.0,0.0,0.0,-1.0,-0.5,,-0.5,,,,1469.0,1155.0,1183.0,1293.0,,1668.0,,,
XAUUSD,b2c485fd-6e04-45ae-aa3b-733567f07cd4,2026-06-18 06:50:18.276594,2026-06-18 06:30:18.276594,in_scope,4255.28,1M,4180.0,4330.0,short,-0.475,Bearish,Direccional,resolved,validation,-1.0,2026-06-18 20:08:00,1M,13.6283,dentro,False,,-1,G,True,,1W=0.1 1D=0.1 12H=0.1 4H=0.1 1H=0.2 30M=0.2 15M=0.2,-0.45,-1.0,-1.0,1.0,0.0,0.0,-1.0,-0.5,,-0.5,0.0,-1.0,,1469.0,1155.0,1183.0,1293.0,,1668.0,2356.0,3543.0,
XAUUSD,b2c485fd-6e04-45ae-aa3b-733567f07cd4,2026-06-18 06:50:18.276594,2026-06-18 06:30:18.276594,in_scope,4255.28,1M,4180.0,4330.0,short,-0.475,Bearish,Direccional,resolved,validation,-1.0,2026-06-18 20:08:00,1M,13.6283,dentro,False,,-1,D-EQ,True,,1W=0.1667 1D=0.1667 12H=0.1667 4H=0.1667 1H=0.1667 30M=0.1667,-0.3333333333333333,-1.0,-1.0,1.0,0.0,0.0,-1.0,-0.5,,-0.5,0.0,,,1469.0,1155.0,1183.0,1293.0,,1668.0,2356.0,,
XAUUSD,b2c485fd-6e04-45ae-aa3b-733567f07cd4,2026-06-18 06:50:18.276594,2026-06-18 06:30:18.276594,in_scope,4255.28,1M,4180.0,4330.0,short,-0.475,Bearish,Direccional,resolved,validation,-1.0,2026-06-18 20:08:00,1M,13.6283,dentro,False,,-1,2A,True,,1D=0.2 2H=0.2 1H=0.2 30M=0.2 5M=0.2,-0.2,0.0,0.0,,,0.0,,,-0.5,-0.5,0.0,,0.0,,1155.0,,,1452.0,1668.0,2356.0,,8675.0
XAUUSD,b2c485fd-6e04-45ae-aa3b-733567f07cd4,2026-06-18 06:50:18.276594,2026-06-18 06:30:18.276594,in_scope,4255.28,1M,4180.0,4330.0,short,-0.475,Bearish,Direccional,resolved,validation,-1.0,2026-06-18 20:08:00,1M,13.6283,dentro,False,,-1,2B,True,,1D=0.1 2H=0.25 1H=0.25 30M=0.2 5M=0.2,-0.25,-1.0,-1.0,1.0,,0.0,,,-0.5,-0.5,0.0,,0.0,,1155.0,,,1452.0,1668.0,2356.0,,8675.0
XAUUSD,b2c485fd-6e04-45ae-aa3b-733567f07cd4,2026-06-18 06:50:18.276594,2026-06-18 06:30:18.276594,in_scope,4255.28,1M,4180.0,4330.0,short,-0.475,Bearish,Direccional,resolved,validation,-1.0,2026-06-18 20:08:00,1M,13.6283,dentro,False,,-1,2C,True,,1D=0.2 2H=0.2 1H=0.2 30M=0.3 5M=0.1,-0.2,0.0,0.0,,,0.0,,,-0.5,-0.5,0.0,,0.0,,1155.0,,,1452.0,1668.0,2356.0,,8675.0
XAUUSD,b2c485fd-6e04-45ae-aa3b-733567f07cd4,2026-06-18 06:50:18.276594,2026-06-18 06:30:18.276594,in_scope,4255.28,1M,4180.0,4330.0,short,-0.475,Bearish,Direccional,resolved,validation,-1.0,2026-06-18 20:08:00,1M,13.6283,dentro,False,,-1,2D,True,,1D=0.15 2H=0.3 1H=0.25 30M=0.2 5M=0.1,-0.275,-1.0,-1.0,1.0,,0.0,,,-0.5,-0.5,0.0,,0.0,,1155.0,,,1452.0,1668.0,2356.0,,8675.0
XAUUSD,b2c485fd-6e04-45ae-aa3b-733567f07cd4,2026-06-18 06:50:18.276594,2026-06-18 06:30:18.276594,in_scope,4255.28,1M,4180.0,4330.0,short,-0.475,Bearish,Direccional,resolved,validation,-1.0,2026-06-18 20:08:00,1M,13.6283,dentro,False,,-1,2E,True,,1D=0.1 2H=0.25 1H=0.3 30M=0.25 5M=0.1,-0.275,-1.0,-1.0,1.0,,0.0,,,-0.5,-0.5,0.0,,0.0,,1155.0,,,1452.0,1668.0,2356.0,,8675.0
XAUUSD,b2c485fd-6e04-45ae-aa3b-733567f07cd4,2026-06-18 06:50:18.276594,2026-06-18 06:30:18.276594,in_scope,4255.28,1M,4180.0,4330.0,short,-0.475,Bearish,Direccional,resolved,validation,-1.0,2026-06-18 20:08:00,1M,13.6283,dentro,False,,-1,P2-DISC,True,,,-1.0,,-1.0,1.0,,,,,,,,,,,,,,,,,,
XAUUSD,b2c485fd-6e04-45ae-aa3b-733567f07cd4,2026-06-18 06:50:18.276594,2026-06-18 06:30:18.276594,in_scope,4255.28,1M,4180.0,4330.0,short,-0.475,Bearish,Direccional,resolved,validation,-1.0,2026-06-18 20:08:00,1M,13.6283,dentro,False,,-1,2F-LOO,True,,1D=0 2H=0.5 1H=0 30M=0.25 5M=0.25,,,-1.0,1.0,,0.0,,,-0.5,-0.5,0.0,,0.0,,,,,,,,,
XAUUSD,48937943-f9e2-4871-8c69-35e61724bf42,2026-06-19 07:47:36.256435,,missing_levels,,,,,,-0.125,Choppy / Neutral,Choppy,,,,,,,,,,-1,(fuera de alcance),,,,,,,,,,,,,,,,,,,,,,,,,
XAUUSD,e06dd235-e37d-497d-8a69-e93d0b9e0483,2026-06-22 06:54:11.458220,2026-06-22 06:34:11.458220,in_scope,4205.37,1M,4235.0,4176.0,long,0.2,Choppy / Neutral,Choppy,resolved,invalidation,-1.0,2026-06-22 09:46:00,1M,3.1968,dentro,False,,1,A,True,,1W=0.3 1D=0.25 12H=0.2 4H=0.15 1H=0.1,-0.6,-1.0,-1.0,1.0,0.0,-1.0,-1.0,-1.0,,0.0,,,,1470.0,1157.0,1187.0,1304.0,,1710.0,,,
XAUUSD,e06dd235-e37d-497d-8a69-e93d0b9e0483,2026-06-22 06:54:11.458220,2026-06-22 06:34:11.458220,in_scope,4205.37,1M,4235.0,4176.0,long,0.2,Choppy / Neutral,Choppy,resolved,invalidation,-1.0,2026-06-22 09:46:00,1M,3.1968,dentro,False,,1,B,True,,1W=0.15 1D=0.2 12H=0.3 4H=0.2 1H=0.15,-0.5,-1.0,-1.0,1.0,0.0,0.0,-1.0,-1.0,,0.0,,,,1470.0,1157.0,1187.0,1304.0,,1710.0,,,
XAUUSD,e06dd235-e37d-497d-8a69-e93d0b9e0483,2026-06-22 06:54:11.458220,2026-06-22 06:34:11.458220,in_scope,4205.37,1M,4235.0,4176.0,long,0.2,Choppy / Neutral,Choppy,resolved,invalidation,-1.0,2026-06-22 09:46:00,1M,3.1968,dentro,False,,1,C,True,,1W=0.15 1D=0.2 12H=0.3 4H=0.2 1H=0.15,-0.5,-1.0,-1.0,1.0,0.0,0.0,-1.0,-1.0,,0.0,,,,1470.0,1157.0,1187.0,1304.0,,1710.0,,,
XAUUSD,e06dd235-e37d-497d-8a69-e93d0b9e0483,2026-06-22 06:54:11.458220,2026-06-22 06:34:11.458220,in_scope,4205.37,1M,4235.0,4176.0,long,0.2,Choppy / Neutral,Choppy,resolved,invalidation,-1.0,2026-06-22 09:46:00,1M,3.1968,dentro,False,,1,D,True,,1W=0.08 1D=0.12 12H=0.17 4H=0.22 1H=0.26 30M=0.15,-0.39,-1.0,-1.0,1.0,0.0,0.0,-1.0,-1.0,,0.0,0.0,,,1470.0,1157.0,1187.0,1304.0,,1710.0,2440.0,,
XAUUSD,e06dd235-e37d-497d-8a69-e93d0b9e0483,2026-06-22 06:54:11.458220,2026-06-22 06:34:11.458220,in_scope,4205.37,1M,4235.0,4176.0,long,0.2,Choppy / Neutral,Choppy,resolved,invalidation,-1.0,2026-06-22 09:46:00,1M,3.1968,dentro,False,,1,E,True,,1W=0.07 1D=0.1 12H=0.14 4H=0.19 1H=0.24 30M=0.16 15M=0.1,-0.33,-1.0,-1.0,1.0,0.0,0.0,-1.0,-1.0,,0.0,0.0,0.0,,1470.0,1157.0,1187.0,1304.0,,1710.0,2440.0,3711.0,
XAUUSD,e06dd235-e37d-497d-8a69-e93d0b9e0483,2026-06-22 06:54:11.458220,2026-06-22 06:34:11.458220,in_scope,4205.37,1M,4235.0,4176.0,long,0.2,Choppy / Neutral,Choppy,resolved,invalidation,-1.0,2026-06-22 09:46:00,1M,3.1968,dentro,False,,1,F,True,,1W=0.09412 1D=0.1412 12H=0.2 4H=0.2588 1H=0.3059,-0.45882352941176474,-1.0,-1.0,1.0,0.0,0.0,-1.0,-1.0,,0.0,,,,1470.0,1157.0,1187.0,1304.0,,1710.0,,,
XAUUSD,e06dd235-e37d-497d-8a69-e93d0b9e0483,2026-06-22 06:54:11.458220,2026-06-22 06:34:11.458220,in_scope,4205.37,1M,4235.0,4176.0,long,0.2,Choppy / Neutral,Choppy,resolved,invalidation,-1.0,2026-06-22 09:46:00,1M,3.1968,dentro,False,,1,G,True,,1W=0.1 1D=0.1 12H=0.1 4H=0.1 1H=0.2 30M=0.2 15M=0.2,-0.2,0.0,0.0,,0.0,0.0,-1.0,-1.0,,0.0,0.0,0.0,,1470.0,1157.0,1187.0,1304.0,,1710.0,2440.0,3711.0,
XAUUSD,e06dd235-e37d-497d-8a69-e93d0b9e0483,2026-06-22 06:54:11.458220,2026-06-22 06:34:11.458220,in_scope,4205.37,1M,4235.0,4176.0,long,0.2,Choppy / Neutral,Choppy,resolved,invalidation,-1.0,2026-06-22 09:46:00,1M,3.1968,dentro,False,,1,D-EQ,True,,1W=0.1667 1D=0.1667 12H=0.1667 4H=0.1667 1H=0.1667 30M=0.1667,-0.3333333333333333,-1.0,-1.0,1.0,0.0,0.0,-1.0,-1.0,,0.0,0.0,,,1470.0,1157.0,1187.0,1304.0,,1710.0,2440.0,,
XAUUSD,e06dd235-e37d-497d-8a69-e93d0b9e0483,2026-06-22 06:54:11.458220,2026-06-22 06:34:11.458220,in_scope,4205.37,1M,4235.0,4176.0,long,0.2,Choppy / Neutral,Choppy,resolved,invalidation,-1.0,2026-06-22 09:46:00,1M,3.1968,dentro,False,,1,2A,True,,1D=0.2 2H=0.2 1H=0.2 30M=0.2 5M=0.2,0.0,0.0,0.0,,,0.0,,,0.0,0.0,0.0,,0.0,,1157.0,,,1474.0,1710.0,2440.0,,9179.0
XAUUSD,e06dd235-e37d-497d-8a69-e93d0b9e0483,2026-06-22 06:54:11.458220,2026-06-22 06:34:11.458220,in_scope,4205.37,1M,4235.0,4176.0,long,0.2,Choppy / Neutral,Choppy,resolved,invalidation,-1.0,2026-06-22 09:46:00,1M,3.1968,dentro,False,,1,2B,True,,1D=0.1 2H=0.25 1H=0.25 30M=0.2 5M=0.2,0.0,0.0,0.0,,,0.0,,,0.0,0.0,0.0,,0.0,,1157.0,,,1474.0,1710.0,2440.0,,9179.0
XAUUSD,e06dd235-e37d-497d-8a69-e93d0b9e0483,2026-06-22 06:54:11.458220,2026-06-22 06:34:11.458220,in_scope,4205.37,1M,4235.0,4176.0,long,0.2,Choppy / Neutral,Choppy,resolved,invalidation,-1.0,2026-06-22 09:46:00,1M,3.1968,dentro,False,,1,2C,True,,1D=0.2 2H=0.2 1H=0.2 30M=0.3 5M=0.1,0.0,0.0,0.0,,,0.0,,,0.0,0.0,0.0,,0.0,,1157.0,,,1474.0,1710.0,2440.0,,9179.0
XAUUSD,e06dd235-e37d-497d-8a69-e93d0b9e0483,2026-06-22 06:54:11.458220,2026-06-22 06:34:11.458220,in_scope,4205.37,1M,4235.0,4176.0,long,0.2,Choppy / Neutral,Choppy,resolved,invalidation,-1.0,2026-06-22 09:46:00,1M,3.1968,dentro,False,,1,2D,True,,1D=0.15 2H=0.3 1H=0.25 30M=0.2 5M=0.1,0.0,0.0,0.0,,,0.0,,,0.0,0.0,0.0,,0.0,,1157.0,,,1474.0,1710.0,2440.0,,9179.0
XAUUSD,e06dd235-e37d-497d-8a69-e93d0b9e0483,2026-06-22 06:54:11.458220,2026-06-22 06:34:11.458220,in_scope,4205.37,1M,4235.0,4176.0,long,0.2,Choppy / Neutral,Choppy,resolved,invalidation,-1.0,2026-06-22 09:46:00,1M,3.1968,dentro,False,,1,2E,True,,1D=0.1 2H=0.25 1H=0.3 30M=0.25 5M=0.1,0.0,0.0,0.0,,,0.0,,,0.0,0.0,0.0,,0.0,,1157.0,,,1474.0,1710.0,2440.0,,9179.0
XAUUSD,e06dd235-e37d-497d-8a69-e93d0b9e0483,2026-06-22 06:54:11.458220,2026-06-22 06:34:11.458220,in_scope,4205.37,1M,4235.0,4176.0,long,0.2,Choppy / Neutral,Choppy,resolved,invalidation,-1.0,2026-06-22 09:46:00,1M,3.1968,dentro,False,,1,P2-DISC,True,,,1.0,,1.0,0.0,,,,,,,,,,,,,,,,,,
XAUUSD,e06dd235-e37d-497d-8a69-e93d0b9e0483,2026-06-22 06:54:11.458220,2026-06-22 06:34:11.458220,in_scope,4205.37,1M,4235.0,4176.0,long,0.2,Choppy / Neutral,Choppy,resolved,invalidation,-1.0,2026-06-22 09:46:00,1M,3.1968,dentro,False,,1,2F-LOO,True,,1D=0 2H=0.5 1H=0 30M=0.25 5M=0.25,,,0.0,,,0.0,,,0.0,0.0,0.0,,0.0,,,,,,,,,
XAUUSD,00e2e31b-5f14-4e36-959c-8c60b14d4e09,2026-06-23 07:24:36.447168,2026-06-23 07:04:36.447168,in_scope,4110.49,1M,4020.0,4200.0,short,-0.45,Bearish,Direccional,resolved,validation,-1.0,2026-06-24 06:25:00,1M,23.3399,dentro,True,9fb9e581-95fc-4539-9d2f-407eab042bbc,-1,A,True,,1W=0.3 1D=0.25 12H=0.2 4H=0.15 1H=0.1,-0.7,-1.0,-1.0,1.0,0.0,-1.0,-1.0,-1.0,,-1.0,,,,1470.0,1158.0,1189.0,1311.0,,1734.0,,,
XAUUSD,00e2e31b-5f14-4e36-959c-8c60b14d4e09,2026-06-23 07:24:36.447168,2026-06-23 07:04:36.447168,in_scope,4110.49,1M,4020.0,4200.0,short,-0.45,Bearish,Direccional,resolved,validation,-1.0,2026-06-24 06:25:00,1M,23.3399,dentro,True,9fb9e581-95fc-4539-9d2f-407eab042bbc,-1,B,True,,1W=0.15 1D=0.2 12H=0.3 4H=0.2 1H=0.15,-0.65,-1.0,-1.0,1.0,0.0,0.0,-1.0,-1.0,,-1.0,,,,1470.0,1158.0,1189.0,1311.0,,1734.0,,,
XAUUSD,00e2e31b-5f14-4e36-959c-8c60b14d4e09,2026-06-23 07:24:36.447168,2026-06-23 07:04:36.447168,in_scope,4110.49,1M,4020.0,4200.0,short,-0.45,Bearish,Direccional,resolved,validation,-1.0,2026-06-24 06:25:00,1M,23.3399,dentro,True,9fb9e581-95fc-4539-9d2f-407eab042bbc,-1,C,True,,1W=0.15 1D=0.2 12H=0.3 4H=0.2 1H=0.15,-0.65,-1.0,-1.0,1.0,0.0,0.0,-1.0,-1.0,,-1.0,,,,1470.0,1158.0,1189.0,1311.0,,1734.0,,,
XAUUSD,00e2e31b-5f14-4e36-959c-8c60b14d4e09,2026-06-23 07:24:36.447168,2026-06-23 07:04:36.447168,in_scope,4110.49,1M,4020.0,4200.0,short,-0.45,Bearish,Direccional,resolved,validation,-1.0,2026-06-24 06:25:00,1M,23.3399,dentro,True,9fb9e581-95fc-4539-9d2f-407eab042bbc,-1,D,True,,1W=0.08 1D=0.12 12H=0.17 4H=0.22 1H=0.26 30M=0.15,-0.8,-2.0,-1.0,1.0,0.0,0.0,-1.0,-1.0,,-1.0,-1.0,,,1470.0,1158.0,1189.0,1311.0,,1734.0,2487.0,,
XAUUSD,00e2e31b-5f14-4e36-959c-8c60b14d4e09,2026-06-23 07:24:36.447168,2026-06-23 07:04:36.447168,in_scope,4110.49,1M,4020.0,4200.0,short,-0.45,Bearish,Direccional,resolved,validation,-1.0,2026-06-24 06:25:00,1M,23.3399,dentro,True,9fb9e581-95fc-4539-9d2f-407eab042bbc,-1,E,True,,1W=0.07 1D=0.1 12H=0.14 4H=0.19 1H=0.24 30M=0.16 15M=0.1,-0.8300000000000001,-2.0,-1.0,1.0,0.0,0.0,-1.0,-1.0,,-1.0,-1.0,-1.0,,1470.0,1158.0,1189.0,1311.0,,1734.0,2487.0,3805.0,
XAUUSD,00e2e31b-5f14-4e36-959c-8c60b14d4e09,2026-06-23 07:24:36.447168,2026-06-23 07:04:36.447168,in_scope,4110.49,1M,4020.0,4200.0,short,-0.45,Bearish,Direccional,resolved,validation,-1.0,2026-06-24 06:25:00,1M,23.3399,dentro,True,9fb9e581-95fc-4539-9d2f-407eab042bbc,-1,F,True,,1W=0.09412 1D=0.1412 12H=0.2 4H=0.2588 1H=0.3059,-0.7647058823529412,-2.0,-1.0,1.0,0.0,0.0,-1.0,-1.0,,-1.0,,,,1470.0,1158.0,1189.0,1311.0,,1734.0,,,
XAUUSD,00e2e31b-5f14-4e36-959c-8c60b14d4e09,2026-06-23 07:24:36.447168,2026-06-23 07:04:36.447168,in_scope,4110.49,1M,4020.0,4200.0,short,-0.45,Bearish,Direccional,resolved,validation,-1.0,2026-06-24 06:25:00,1M,23.3399,dentro,True,9fb9e581-95fc-4539-9d2f-407eab042bbc,-1,G,True,,1W=0.1 1D=0.1 12H=0.1 4H=0.1 1H=0.2 30M=0.2 15M=0.2,-0.8,-2.0,-1.0,1.0,0.0,0.0,-1.0,-1.0,,-1.0,-1.0,-1.0,,1470.0,1158.0,1189.0,1311.0,,1734.0,2487.0,3805.0,
XAUUSD,00e2e31b-5f14-4e36-959c-8c60b14d4e09,2026-06-23 07:24:36.447168,2026-06-23 07:04:36.447168,in_scope,4110.49,1M,4020.0,4200.0,short,-0.45,Bearish,Direccional,resolved,validation,-1.0,2026-06-24 06:25:00,1M,23.3399,dentro,True,9fb9e581-95fc-4539-9d2f-407eab042bbc,-1,D-EQ,True,,1W=0.1667 1D=0.1667 12H=0.1667 4H=0.1667 1H=0.1667 30M=0.1667,-0.6666666666666666,-1.0,-1.0,1.0,0.0,0.0,-1.0,-1.0,,-1.0,-1.0,,,1470.0,1158.0,1189.0,1311.0,,1734.0,2487.0,,
XAUUSD,00e2e31b-5f14-4e36-959c-8c60b14d4e09,2026-06-23 07:24:36.447168,2026-06-23 07:04:36.447168,in_scope,4110.49,1M,4020.0,4200.0,short,-0.45,Bearish,Direccional,resolved,validation,-1.0,2026-06-24 06:25:00,1M,23.3399,dentro,True,9fb9e581-95fc-4539-9d2f-407eab042bbc,-1,2A,True,,1D=0.2 2H=0.2 1H=0.2 30M=0.2 5M=0.2,-0.5,-1.0,-1.0,1.0,,0.0,,,-0.5,-1.0,-1.0,,-0.0,,1158.0,,,1487.0,1734.0,2487.0,,9461.0
XAUUSD,00e2e31b-5f14-4e36-959c-8c60b14d4e09,2026-06-23 07:24:36.447168,2026-06-23 07:04:36.447168,in_scope,4110.49,1M,4020.0,4200.0,short,-0.45,Bearish,Direccional,resolved,validation,-1.0,2026-06-24 06:25:00,1M,23.3399,dentro,True,9fb9e581-95fc-4539-9d2f-407eab042bbc,-1,2B,True,,1D=0.1 2H=0.25 1H=0.25 30M=0.2 5M=0.2,-0.575,-1.0,-1.0,1.0,,0.0,,,-0.5,-1.0,-1.0,,-0.0,,1158.0,,,1487.0,1734.0,2487.0,,9461.0
XAUUSD,00e2e31b-5f14-4e36-959c-8c60b14d4e09,2026-06-23 07:24:36.447168,2026-06-23 07:04:36.447168,in_scope,4110.49,1M,4020.0,4200.0,short,-0.45,Bearish,Direccional,resolved,validation,-1.0,2026-06-24 06:25:00,1M,23.3399,dentro,True,9fb9e581-95fc-4539-9d2f-407eab042bbc,-1,2C,True,,1D=0.2 2H=0.2 1H=0.2 30M=0.3 5M=0.1,-0.6000000000000001,-1.0,-1.0,1.0,,0.0,,,-0.5,-1.0,-1.0,,-0.0,,1158.0,,,1487.0,1734.0,2487.0,,9461.0
XAUUSD,00e2e31b-5f14-4e36-959c-8c60b14d4e09,2026-06-23 07:24:36.447168,2026-06-23 07:04:36.447168,in_scope,4110.49,1M,4020.0,4200.0,short,-0.45,Bearish,Direccional,resolved,validation,-1.0,2026-06-24 06:25:00,1M,23.3399,dentro,True,9fb9e581-95fc-4539-9d2f-407eab042bbc,-1,2D,True,,1D=0.15 2H=0.3 1H=0.25 30M=0.2 5M=0.1,-0.6000000000000001,-1.0,-1.0,1.0,,0.0,,,-0.5,-1.0,-1.0,,-0.0,,1158.0,,,1487.0,1734.0,2487.0,,9461.0
XAUUSD,00e2e31b-5f14-4e36-959c-8c60b14d4e09,2026-06-23 07:24:36.447168,2026-06-23 07:04:36.447168,in_scope,4110.49,1M,4020.0,4200.0,short,-0.45,Bearish,Direccional,resolved,validation,-1.0,2026-06-24 06:25:00,1M,23.3399,dentro,True,9fb9e581-95fc-4539-9d2f-407eab042bbc,-1,2E,True,,1D=0.1 2H=0.25 1H=0.3 30M=0.25 5M=0.1,-0.675,-1.0,-1.0,1.0,,0.0,,,-0.5,-1.0,-1.0,,-0.0,,1158.0,,,1487.0,1734.0,2487.0,,9461.0
XAUUSD,00e2e31b-5f14-4e36-959c-8c60b14d4e09,2026-06-23 07:24:36.447168,2026-06-23 07:04:36.447168,in_scope,4110.49,1M,4020.0,4200.0,short,-0.45,Bearish,Direccional,resolved,validation,-1.0,2026-06-24 06:25:00,1M,23.3399,dentro,True,9fb9e581-95fc-4539-9d2f-407eab042bbc,-1,P2-DISC,True,,,-1.0,,-1.0,1.0,,,,,,,,,,,,,,,,,,
XAUUSD,00e2e31b-5f14-4e36-959c-8c60b14d4e09,2026-06-23 07:24:36.447168,2026-06-23 07:04:36.447168,in_scope,4110.49,1M,4020.0,4200.0,short,-0.45,Bearish,Direccional,resolved,validation,-1.0,2026-06-24 06:25:00,1M,23.3399,dentro,True,9fb9e581-95fc-4539-9d2f-407eab042bbc,-1,2F-LOO,True,,1D=0 2H=0.5 1H=0 30M=0.25 5M=0.25,,,-1.0,1.0,,0.0,,,-0.5,-1.0,-1.0,,-0.0,,,,,,,,,
XAUUSD,9fb9e581-95fc-4539-9d2f-407eab042bbc,2026-06-23 08:00:00.000000,,backdated,,,4020.0,4200.0,,-0.45,Bearish,Direccional,,,,,,,,,,-1,(fuera de alcance),,,,,,,,,,,,,,,,,,,,,,,,,
XAUUSD,2a7524a4-5a91-49c6-919a-45eac4a6de16,2026-06-24 06:46:24.971335,2026-06-24 06:26:24.971335,in_scope,4008.88,1M,4000.0,4100.0,short,-0.65,Bearish,Direccional,resolved,validation,-1.0,2026-06-24 06:51:00,1M,0.4097,dentro,False,,-2,A,True,,1W=0.3 1D=0.25 12H=0.2 4H=0.15 1H=0.1,-0.7,-1.0,-1.0,1.0,0.0,-1.0,-1.0,-1.0,,-1.0,,,,1470.0,1159.0,1191.0,1316.0,,1756.0,,,
XAUUSD,2a7524a4-5a91-49c6-919a-45eac4a6de16,2026-06-24 06:46:24.971335,2026-06-24 06:26:24.971335,in_scope,4008.88,1M,4000.0,4100.0,short,-0.65,Bearish,Direccional,resolved,validation,-1.0,2026-06-24 06:51:00,1M,0.4097,dentro,False,,-2,B,True,,1W=0.15 1D=0.2 12H=0.3 4H=0.2 1H=0.15,-0.65,-1.0,-1.0,1.0,0.0,0.0,-1.0,-1.0,,-1.0,,,,1470.0,1159.0,1191.0,1316.0,,1756.0,,,
XAUUSD,2a7524a4-5a91-49c6-919a-45eac4a6de16,2026-06-24 06:46:24.971335,2026-06-24 06:26:24.971335,in_scope,4008.88,1M,4000.0,4100.0,short,-0.65,Bearish,Direccional,resolved,validation,-1.0,2026-06-24 06:51:00,1M,0.4097,dentro,False,,-2,C,True,,1W=0.15 1D=0.2 12H=0.3 4H=0.2 1H=0.15,-0.65,-1.0,-1.0,1.0,0.0,0.0,-1.0,-1.0,,-1.0,,,,1470.0,1159.0,1191.0,1316.0,,1756.0,,,
XAUUSD,2a7524a4-5a91-49c6-919a-45eac4a6de16,2026-06-24 06:46:24.971335,2026-06-24 06:26:24.971335,in_scope,4008.88,1M,4000.0,4100.0,short,-0.65,Bearish,Direccional,resolved,validation,-1.0,2026-06-24 06:51:00,1M,0.4097,dentro,False,,-2,D,True,,1W=0.08 1D=0.12 12H=0.17 4H=0.22 1H=0.26 30M=0.15,-0.725,-1.0,-1.0,1.0,0.0,0.0,-1.0,-1.0,,-1.0,-0.5,,,1470.0,1159.0,1191.0,1316.0,,1756.0,2531.0,,
XAUUSD,2a7524a4-5a91-49c6-919a-45eac4a6de16,2026-06-24 06:46:24.971335,2026-06-24 06:26:24.971335,in_scope,4008.88,1M,4000.0,4100.0,short,-0.65,Bearish,Direccional,resolved,validation,-1.0,2026-06-24 06:51:00,1M,0.4097,dentro,False,,-2,E,True,,1W=0.07 1D=0.1 12H=0.14 4H=0.19 1H=0.24 30M=0.16 15M=0.1,-0.7000000000000001,-1.0,-1.0,1.0,0.0,0.0,-1.0,-1.0,,-1.0,-0.5,-0.5,,1470.0,1159.0,1191.0,1316.0,,1756.0,2531.0,3894.0,
XAUUSD,2a7524a4-5a91-49c6-919a-45eac4a6de16,2026-06-24 06:46:24.971335,2026-06-24 06:26:24.971335,in_scope,4008.88,1M,4000.0,4100.0,short,-0.65,Bearish,Direccional,resolved,validation,-1.0,2026-06-24 06:51:00,1M,0.4097,dentro,False,,-2,F,True,,1W=0.09412 1D=0.1412 12H=0.2 4H=0.2588 1H=0.3059,-0.7647058823529412,-2.0,-1.0,1.0,0.0,0.0,-1.0,-1.0,,-1.0,,,,1470.0,1159.0,1191.0,1316.0,,1756.0,,,
XAUUSD,2a7524a4-5a91-49c6-919a-45eac4a6de16,2026-06-24 06:46:24.971335,2026-06-24 06:26:24.971335,in_scope,4008.88,1M,4000.0,4100.0,short,-0.65,Bearish,Direccional,resolved,validation,-1.0,2026-06-24 06:51:00,1M,0.4097,dentro,False,,-2,G,True,,1W=0.1 1D=0.1 12H=0.1 4H=0.1 1H=0.2 30M=0.2 15M=0.2,-0.6,-1.0,-1.0,1.0,0.0,0.0,-1.0,-1.0,,-1.0,-0.5,-0.5,,1470.0,1159.0,1191.0,1316.0,,1756.0,2531.0,3894.0,
XAUUSD,2a7524a4-5a91-49c6-919a-45eac4a6de16,2026-06-24 06:46:24.971335,2026-06-24 06:26:24.971335,in_scope,4008.88,1M,4000.0,4100.0,short,-0.65,Bearish,Direccional,resolved,validation,-1.0,2026-06-24 06:51:00,1M,0.4097,dentro,False,,-2,D-EQ,True,,1W=0.1667 1D=0.1667 12H=0.1667 4H=0.1667 1H=0.1667 30M=0.1667,-0.5833333333333334,-1.0,-1.0,1.0,0.0,0.0,-1.0,-1.0,,-1.0,-0.5,,,1470.0,1159.0,1191.0,1316.0,,1756.0,2531.0,,
XAUUSD,2a7524a4-5a91-49c6-919a-45eac4a6de16,2026-06-24 06:46:24.971335,2026-06-24 06:26:24.971335,in_scope,4008.88,1M,4000.0,4100.0,short,-0.65,Bearish,Direccional,resolved,validation,-1.0,2026-06-24 06:51:00,1M,0.4097,dentro,False,,-2,2A,True,,1D=0.2 2H=0.2 1H=0.2 30M=0.2 5M=0.2,-0.7,-1.0,-1.0,1.0,,0.0,,,-1.0,-1.0,-0.5,,-1.0,,1159.0,,,1498.0,1756.0,2531.0,,9730.0
XAUUSD,2a7524a4-5a91-49c6-919a-45eac4a6de16,2026-06-24 06:46:24.971335,2026-06-24 06:26:24.971335,in_scope,4008.88,1M,4000.0,4100.0,short,-0.65,Bearish,Direccional,resolved,validation,-1.0,2026-06-24 06:51:00,1M,0.4097,dentro,False,,-2,2B,True,,1D=0.1 2H=0.25 1H=0.25 30M=0.2 5M=0.2,-0.8,-2.0,-1.0,1.0,,0.0,,,-1.0,-1.0,-0.5,,-1.0,,1159.0,,,1498.0,1756.0,2531.0,,9730.0
XAUUSD,2a7524a4-5a91-49c6-919a-45eac4a6de16,2026-06-24 06:46:24.971335,2026-06-24 06:26:24.971335,in_scope,4008.88,1M,4000.0,4100.0,short,-0.65,Bearish,Direccional,resolved,validation,-1.0,2026-06-24 06:51:00,1M,0.4097,dentro,False,,-2,2C,True,,1D=0.2 2H=0.2 1H=0.2 30M=0.3 5M=0.1,-0.65,-1.0,-1.0,1.0,,0.0,,,-1.0,-1.0,-0.5,,-1.0,,1159.0,,,1498.0,1756.0,2531.0,,9730.0
XAUUSD,2a7524a4-5a91-49c6-919a-45eac4a6de16,2026-06-24 06:46:24.971335,2026-06-24 06:26:24.971335,in_scope,4008.88,1M,4000.0,4100.0,short,-0.65,Bearish,Direccional,resolved,validation,-1.0,2026-06-24 06:51:00,1M,0.4097,dentro,False,,-2,2D,True,,1D=0.15 2H=0.3 1H=0.25 30M=0.2 5M=0.1,-0.75,-2.0,-1.0,1.0,,0.0,,,-1.0,-1.0,-0.5,,-1.0,,1159.0,,,1498.0,1756.0,2531.0,,9730.0
XAUUSD,2a7524a4-5a91-49c6-919a-45eac4a6de16,2026-06-24 06:46:24.971335,2026-06-24 06:26:24.971335,in_scope,4008.88,1M,4000.0,4100.0,short,-0.65,Bearish,Direccional,resolved,validation,-1.0,2026-06-24 06:51:00,1M,0.4097,dentro,False,,-2,2E,True,,1D=0.1 2H=0.25 1H=0.3 30M=0.25 5M=0.1,-0.775,-2.0,-1.0,1.0,,0.0,,,-1.0,-1.0,-0.5,,-1.0,,1159.0,,,1498.0,1756.0,2531.0,,9730.0
XAUUSD,2a7524a4-5a91-49c6-919a-45eac4a6de16,2026-06-24 06:46:24.971335,2026-06-24 06:26:24.971335,in_scope,4008.88,1M,4000.0,4100.0,short,-0.65,Bearish,Direccional,resolved,validation,-1.0,2026-06-24 06:51:00,1M,0.4097,dentro,False,,-2,P2-DISC,True,,,-2.0,,-1.0,1.0,,,,,,,,,,,,,,,,,,
XAUUSD,2a7524a4-5a91-49c6-919a-45eac4a6de16,2026-06-24 06:46:24.971335,2026-06-24 06:26:24.971335,in_scope,4008.88,1M,4000.0,4100.0,short,-0.65,Bearish,Direccional,resolved,validation,-1.0,2026-06-24 06:51:00,1M,0.4097,dentro,False,,-2,2F-LOO,True,,1D=0 2H=0.5 1H=0 30M=0.25 5M=0.25,,,-1.0,1.0,,0.0,,,-1.0,-1.0,-0.5,,-1.0,,,,,,,,,
XAUUSD,ee712b3a-45ff-4fd6-a63e-a4c51ead6d15,2026-06-25 06:54:37.570370,2026-06-25 06:34:37.570370,in_scope,3996.22,1M,3950.0,4041.0,short,-0.125,Choppy / Neutral,Choppy,resolved,invalidation,1.0,2026-06-25 09:53:00,1M,3.3062,dentro,False,,0,A,True,,1W=0.3 1D=0.25 12H=0.2 4H=0.15 1H=0.1,-0.7,-1.0,-1.0,0.0,0.0,-1.0,-1.0,-1.0,,-1.0,,,,1470.0,1160.0,1193.0,1322.0,,1779.0,,,
XAUUSD,ee712b3a-45ff-4fd6-a63e-a4c51ead6d15,2026-06-25 06:54:37.570370,2026-06-25 06:34:37.570370,in_scope,3996.22,1M,3950.0,4041.0,short,-0.125,Choppy / Neutral,Choppy,resolved,invalidation,1.0,2026-06-25 09:53:00,1M,3.3062,dentro,False,,0,B,True,,1W=0.15 1D=0.2 12H=0.3 4H=0.2 1H=0.15,-0.65,-1.0,-1.0,0.0,0.0,0.0,-1.0,-1.0,,-1.0,,,,1470.0,1160.0,1193.0,1322.0,,1779.0,,,
XAUUSD,ee712b3a-45ff-4fd6-a63e-a4c51ead6d15,2026-06-25 06:54:37.570370,2026-06-25 06:34:37.570370,in_scope,3996.22,1M,3950.0,4041.0,short,-0.125,Choppy / Neutral,Choppy,resolved,invalidation,1.0,2026-06-25 09:53:00,1M,3.3062,dentro,False,,0,C,True,,1W=0.15 1D=0.2 12H=0.3 4H=0.2 1H=0.15,-0.65,-1.0,-1.0,0.0,0.0,0.0,-1.0,-1.0,,-1.0,,,,1470.0,1160.0,1193.0,1322.0,,1779.0,,,
XAUUSD,ee712b3a-45ff-4fd6-a63e-a4c51ead6d15,2026-06-25 06:54:37.570370,2026-06-25 06:34:37.570370,in_scope,3996.22,1M,3950.0,4041.0,short,-0.125,Choppy / Neutral,Choppy,resolved,invalidation,1.0,2026-06-25 09:53:00,1M,3.3062,dentro,False,,0,D,True,,1W=0.08 1D=0.12 12H=0.17 4H=0.22 1H=0.26 30M=0.15,-0.725,-1.0,-1.0,0.0,0.0,0.0,-1.0,-1.0,,-1.0,-0.5,,,1470.0,1160.0,1193.0,1322.0,,1779.0,2578.0,,
XAUUSD,ee712b3a-45ff-4fd6-a63e-a4c51ead6d15,2026-06-25 06:54:37.570370,2026-06-25 06:34:37.570370,in_scope,3996.22,1M,3950.0,4041.0,short,-0.125,Choppy / Neutral,Choppy,resolved,invalidation,1.0,2026-06-25 09:53:00,1M,3.3062,dentro,False,,0,E,True,,1W=0.07 1D=0.1 12H=0.14 4H=0.19 1H=0.24 30M=0.16 15M=0.1,-0.65,-1.0,-1.0,0.0,0.0,0.0,-1.0,-1.0,,-1.0,-0.5,-0.0,,1470.0,1160.0,1193.0,1322.0,,1779.0,2578.0,3987.0,
XAUUSD,ee712b3a-45ff-4fd6-a63e-a4c51ead6d15,2026-06-25 06:54:37.570370,2026-06-25 06:34:37.570370,in_scope,3996.22,1M,3950.0,4041.0,short,-0.125,Choppy / Neutral,Choppy,resolved,invalidation,1.0,2026-06-25 09:53:00,1M,3.3062,dentro,False,,0,F,True,,1W=0.09412 1D=0.1412 12H=0.2 4H=0.2588 1H=0.3059,-0.7647058823529412,-2.0,-1.0,0.0,0.0,0.0,-1.0,-1.0,,-1.0,,,,1470.0,1160.0,1193.0,1322.0,,1779.0,,,
XAUUSD,ee712b3a-45ff-4fd6-a63e-a4c51ead6d15,2026-06-25 06:54:37.570370,2026-06-25 06:34:37.570370,in_scope,3996.22,1M,3950.0,4041.0,short,-0.125,Choppy / Neutral,Choppy,resolved,invalidation,1.0,2026-06-25 09:53:00,1M,3.3062,dentro,False,,0,G,True,,1W=0.1 1D=0.1 12H=0.1 4H=0.1 1H=0.2 30M=0.2 15M=0.2,-0.5,-1.0,-1.0,0.0,0.0,0.0,-1.0,-1.0,,-1.0,-0.5,-0.0,,1470.0,1160.0,1193.0,1322.0,,1779.0,2578.0,3987.0,
XAUUSD,ee712b3a-45ff-4fd6-a63e-a4c51ead6d15,2026-06-25 06:54:37.570370,2026-06-25 06:34:37.570370,in_scope,3996.22,1M,3950.0,4041.0,short,-0.125,Choppy / Neutral,Choppy,resolved,invalidation,1.0,2026-06-25 09:53:00,1M,3.3062,dentro,False,,0,D-EQ,True,,1W=0.1667 1D=0.1667 12H=0.1667 4H=0.1667 1H=0.1667 30M=0.1667,-0.5833333333333334,-1.0,-1.0,0.0,0.0,0.0,-1.0,-1.0,,-1.0,-0.5,,,1470.0,1160.0,1193.0,1322.0,,1779.0,2578.0,,
XAUUSD,ee712b3a-45ff-4fd6-a63e-a4c51ead6d15,2026-06-25 06:54:37.570370,2026-06-25 06:34:37.570370,in_scope,3996.22,1M,3950.0,4041.0,short,-0.125,Choppy / Neutral,Choppy,resolved,invalidation,1.0,2026-06-25 09:53:00,1M,3.3062,dentro,False,,0,2A,True,,1D=0.2 2H=0.2 1H=0.2 30M=0.2 5M=0.2,-0.5,-1.0,-1.0,0.0,,0.0,,,-1.0,-1.0,-0.5,,0.0,,1160.0,,,1510.0,1779.0,2578.0,,10007.0
XAUUSD,ee712b3a-45ff-4fd6-a63e-a4c51ead6d15,2026-06-25 06:54:37.570370,2026-06-25 06:34:37.570370,in_scope,3996.22,1M,3950.0,4041.0,short,-0.125,Choppy / Neutral,Choppy,resolved,invalidation,1.0,2026-06-25 09:53:00,1M,3.3062,dentro,False,,0,2B,True,,1D=0.1 2H=0.25 1H=0.25 30M=0.2 5M=0.2,-0.6,-1.0,-1.0,0.0,,0.0,,,-1.0,-1.0,-0.5,,0.0,,1160.0,,,1510.0,1779.0,2578.0,,10007.0
XAUUSD,ee712b3a-45ff-4fd6-a63e-a4c51ead6d15,2026-06-25 06:54:37.570370,2026-06-25 06:34:37.570370,in_scope,3996.22,1M,3950.0,4041.0,short,-0.125,Choppy / Neutral,Choppy,resolved,invalidation,1.0,2026-06-25 09:53:00,1M,3.3062,dentro,False,,0,2C,True,,1D=0.2 2H=0.2 1H=0.2 30M=0.3 5M=0.1,-0.55,-1.0,-1.0,0.0,,0.0,,,-1.0,-1.0,-0.5,,0.0,,1160.0,,,1510.0,1779.0,2578.0,,10007.0
XAUUSD,ee712b3a-45ff-4fd6-a63e-a4c51ead6d15,2026-06-25 06:54:37.570370,2026-06-25 06:34:37.570370,in_scope,3996.22,1M,3950.0,4041.0,short,-0.125,Choppy / Neutral,Choppy,resolved,invalidation,1.0,2026-06-25 09:53:00,1M,3.3062,dentro,False,,0,2D,True,,1D=0.15 2H=0.3 1H=0.25 30M=0.2 5M=0.1,-0.65,-1.0,-1.0,0.0,,0.0,,,-1.0,-1.0,-0.5,,0.0,,1160.0,,,1510.0,1779.0,2578.0,,10007.0
XAUUSD,ee712b3a-45ff-4fd6-a63e-a4c51ead6d15,2026-06-25 06:54:37.570370,2026-06-25 06:34:37.570370,in_scope,3996.22,1M,3950.0,4041.0,short,-0.125,Choppy / Neutral,Choppy,resolved,invalidation,1.0,2026-06-25 09:53:00,1M,3.3062,dentro,False,,0,2E,True,,1D=0.1 2H=0.25 1H=0.3 30M=0.25 5M=0.1,-0.675,-1.0,-1.0,0.0,,0.0,,,-1.0,-1.0,-0.5,,0.0,,1160.0,,,1510.0,1779.0,2578.0,,10007.0
XAUUSD,ee712b3a-45ff-4fd6-a63e-a4c51ead6d15,2026-06-25 06:54:37.570370,2026-06-25 06:34:37.570370,in_scope,3996.22,1M,3950.0,4041.0,short,-0.125,Choppy / Neutral,Choppy,resolved,invalidation,1.0,2026-06-25 09:53:00,1M,3.3062,dentro,False,,0,P2-DISC,True,,,0.0,,0.0,,,,,,,,,,,,,,,,,,,
XAUUSD,ee712b3a-45ff-4fd6-a63e-a4c51ead6d15,2026-06-25 06:54:37.570370,2026-06-25 06:34:37.570370,in_scope,3996.22,1M,3950.0,4041.0,short,-0.125,Choppy / Neutral,Choppy,resolved,invalidation,1.0,2026-06-25 09:53:00,1M,3.3062,dentro,False,,0,2F-LOO,True,,1D=0 2H=0.5 1H=0 30M=0.25 5M=0.25,,,-1.0,0.0,,0.0,,,-1.0,-1.0,-0.5,,0.0,,,,,,,,,
XAUUSD,d55f09b2-f542-4d0e-81ab-334ada101e7d,2026-06-26 05:26:02.574408,2026-06-26 05:06:02.574408,in_scope,4052.54,1M,4100.0,4020.0,long,0.55,Bullish,Direccional,resolved,invalidation,-1.0,2026-06-29 08:06:00,1M,74.9993,fuera,True,478d3315-009f-4323-b19a-c2793a083752,0,A,True,,1W=0.3 1D=0.25 12H=0.2 4H=0.15 1H=0.1,-0.6,-1.0,-1.0,1.0,0.0,-1.0,-1.0,-1.0,,0.0,,,,1470.0,1161.0,1195.0,1328.0,,1801.0,,,
XAUUSD,d55f09b2-f542-4d0e-81ab-334ada101e7d,2026-06-26 05:26:02.574408,2026-06-26 05:06:02.574408,in_scope,4052.54,1M,4100.0,4020.0,long,0.55,Bullish,Direccional,resolved,invalidation,-1.0,2026-06-29 08:06:00,1M,74.9993,fuera,True,478d3315-009f-4323-b19a-c2793a083752,0,B,True,,1W=0.15 1D=0.2 12H=0.3 4H=0.2 1H=0.15,-0.5,-1.0,-1.0,1.0,0.0,0.0,-1.0,-1.0,,0.0,,,,1470.0,1161.0,1195.0,1328.0,,1801.0,,,
XAUUSD,d55f09b2-f542-4d0e-81ab-334ada101e7d,2026-06-26 05:26:02.574408,2026-06-26 05:06:02.574408,in_scope,4052.54,1M,4100.0,4020.0,long,0.55,Bullish,Direccional,resolved,invalidation,-1.0,2026-06-29 08:06:00,1M,74.9993,fuera,True,478d3315-009f-4323-b19a-c2793a083752,0,C,True,,1W=0.15 1D=0.2 12H=0.3 4H=0.2 1H=0.15,-0.5,-1.0,-1.0,1.0,0.0,0.0,-1.0,-1.0,,0.0,,,,1470.0,1161.0,1195.0,1328.0,,1801.0,,,
XAUUSD,d55f09b2-f542-4d0e-81ab-334ada101e7d,2026-06-26 05:26:02.574408,2026-06-26 05:06:02.574408,in_scope,4052.54,1M,4100.0,4020.0,long,0.55,Bullish,Direccional,resolved,invalidation,-1.0,2026-06-29 08:06:00,1M,74.9993,fuera,True,478d3315-009f-4323-b19a-c2793a083752,0,D,True,,1W=0.08 1D=0.12 12H=0.17 4H=0.22 1H=0.26 30M=0.15,-0.39,-1.0,-1.0,1.0,0.0,0.0,-1.0,-1.0,,0.0,0.0,,,1470.0,1161.0,1195.0,1328.0,,1801.0,2621.0,,
XAUUSD,d55f09b2-f542-4d0e-81ab-334ada101e7d,2026-06-26 05:26:02.574408,2026-06-26 05:06:02.574408,in_scope,4052.54,1M,4100.0,4020.0,long,0.55,Bullish,Direccional,resolved,invalidation,-1.0,2026-06-29 08:06:00,1M,74.9993,fuera,True,478d3315-009f-4323-b19a-c2793a083752,0,E,True,,1W=0.07 1D=0.1 12H=0.14 4H=0.19 1H=0.24 30M=0.16 15M=0.1,-0.33,-1.0,-1.0,1.0,0.0,0.0,-1.0,-1.0,,0.0,0.0,0.0,,1470.0,1161.0,1195.0,1328.0,,1801.0,2621.0,4073.0,
XAUUSD,d55f09b2-f542-4d0e-81ab-334ada101e7d,2026-06-26 05:26:02.574408,2026-06-26 05:06:02.574408,in_scope,4052.54,1M,4100.0,4020.0,long,0.55,Bullish,Direccional,resolved,invalidation,-1.0,2026-06-29 08:06:00,1M,74.9993,fuera,True,478d3315-009f-4323-b19a-c2793a083752,0,F,True,,1W=0.09412 1D=0.1412 12H=0.2 4H=0.2588 1H=0.3059,-0.45882352941176474,-1.0,-1.0,1.0,0.0,0.0,-1.0,-1.0,,0.0,,,,1470.0,1161.0,1195.0,1328.0,,1801.0,,,
XAUUSD,d55f09b2-f542-4d0e-81ab-334ada101e7d,2026-06-26 05:26:02.574408,2026-06-26 05:06:02.574408,in_scope,4052.54,1M,4100.0,4020.0,long,0.55,Bullish,Direccional,resolved,invalidation,-1.0,2026-06-29 08:06:00,1M,74.9993,fuera,True,478d3315-009f-4323-b19a-c2793a083752,0,G,True,,1W=0.1 1D=0.1 12H=0.1 4H=0.1 1H=0.2 30M=0.2 15M=0.2,-0.2,0.0,0.0,,0.0,0.0,-1.0,-1.0,,0.0,0.0,0.0,,1470.0,1161.0,1195.0,1328.0,,1801.0,2621.0,4073.0,
XAUUSD,d55f09b2-f542-4d0e-81ab-334ada101e7d,2026-06-26 05:26:02.574408,2026-06-26 05:06:02.574408,in_scope,4052.54,1M,4100.0,4020.0,long,0.55,Bullish,Direccional,resolved,invalidation,-1.0,2026-06-29 08:06:00,1M,74.9993,fuera,True,478d3315-009f-4323-b19a-c2793a083752,0,D-EQ,True,,1W=0.1667 1D=0.1667 12H=0.1667 4H=0.1667 1H=0.1667 30M=0.1667,-0.3333333333333333,-1.0,-1.0,1.0,0.0,0.0,-1.0,-1.0,,0.0,0.0,,,1470.0,1161.0,1195.0,1328.0,,1801.0,2621.0,,
XAUUSD,d55f09b2-f542-4d0e-81ab-334ada101e7d,2026-06-26 05:26:02.574408,2026-06-26 05:06:02.574408,in_scope,4052.54,1M,4100.0,4020.0,long,0.55,Bullish,Direccional,resolved,invalidation,-1.0,2026-06-29 08:06:00,1M,74.9993,fuera,True,478d3315-009f-4323-b19a-c2793a083752,0,2A,True,,1D=0.2 2H=0.2 1H=0.2 30M=0.2 5M=0.2,0.2,0.0,0.0,,,0.0,,,0.0,0.0,0.0,,1.0,,1161.0,,,1522.0,1801.0,2621.0,,10266.0
XAUUSD,d55f09b2-f542-4d0e-81ab-334ada101e7d,2026-06-26 05:26:02.574408,2026-06-26 05:06:02.574408,in_scope,4052.54,1M,4100.0,4020.0,long,0.55,Bullish,Direccional,resolved,invalidation,-1.0,2026-06-29 08:06:00,1M,74.9993,fuera,True,478d3315-009f-4323-b19a-c2793a083752,0,2B,True,,1D=0.1 2H=0.25 1H=0.25 30M=0.2 5M=0.2,0.2,0.0,0.0,,,0.0,,,0.0,0.0,0.0,,1.0,,1161.0,,,1522.0,1801.0,2621.0,,10266.0
XAUUSD,d55f09b2-f542-4d0e-81ab-334ada101e7d,2026-06-26 05:26:02.574408,2026-06-26 05:06:02.574408,in_scope,4052.54,1M,4100.0,4020.0,long,0.55,Bullish,Direccional,resolved,invalidation,-1.0,2026-06-29 08:06:00,1M,74.9993,fuera,True,478d3315-009f-4323-b19a-c2793a083752,0,2C,True,,1D=0.2 2H=0.2 1H=0.2 30M=0.3 5M=0.1,0.1,0.0,0.0,,,0.0,,,0.0,0.0,0.0,,1.0,,1161.0,,,1522.0,1801.0,2621.0,,10266.0
XAUUSD,d55f09b2-f542-4d0e-81ab-334ada101e7d,2026-06-26 05:26:02.574408,2026-06-26 05:06:02.574408,in_scope,4052.54,1M,4100.0,4020.0,long,0.55,Bullish,Direccional,resolved,invalidation,-1.0,2026-06-29 08:06:00,1M,74.9993,fuera,True,478d3315-009f-4323-b19a-c2793a083752,0,2D,True,,1D=0.15 2H=0.3 1H=0.25 30M=0.2 5M=0.1,0.1,0.0,0.0,,,0.0,,,0.0,0.0,0.0,,1.0,,1161.0,,,1522.0,1801.0,2621.0,,10266.0
XAUUSD,d55f09b2-f542-4d0e-81ab-334ada101e7d,2026-06-26 05:26:02.574408,2026-06-26 05:06:02.574408,in_scope,4052.54,1M,4100.0,4020.0,long,0.55,Bullish,Direccional,resolved,invalidation,-1.0,2026-06-29 08:06:00,1M,74.9993,fuera,True,478d3315-009f-4323-b19a-c2793a083752,0,2E,True,,1D=0.1 2H=0.25 1H=0.3 30M=0.25 5M=0.1,0.1,0.0,0.0,,,0.0,,,0.0,0.0,0.0,,1.0,,1161.0,,,1522.0,1801.0,2621.0,,10266.0
XAUUSD,d55f09b2-f542-4d0e-81ab-334ada101e7d,2026-06-26 05:26:02.574408,2026-06-26 05:06:02.574408,in_scope,4052.54,1M,4100.0,4020.0,long,0.55,Bullish,Direccional,resolved,invalidation,-1.0,2026-06-29 08:06:00,1M,74.9993,fuera,True,478d3315-009f-4323-b19a-c2793a083752,0,P2-DISC,True,,,0.0,,0.0,,,,,,,,,,,,,,,,,,,
XAUUSD,d55f09b2-f542-4d0e-81ab-334ada101e7d,2026-06-26 05:26:02.574408,2026-06-26 05:06:02.574408,in_scope,4052.54,1M,4100.0,4020.0,long,0.55,Bullish,Direccional,resolved,invalidation,-1.0,2026-06-29 08:06:00,1M,74.9993,fuera,True,478d3315-009f-4323-b19a-c2793a083752,0,2F-LOO,True,,1D=0 2H=0.5 1H=0 30M=0.25 5M=0.25,,,1.0,0.0,,0.0,,,0.0,0.0,0.0,,1.0,,,,,,,,,
XAUUSD,478d3315-009f-4323-b19a-c2793a083752,2026-06-29 06:30:08.711298,2026-06-29 06:10:08.711298,in_scope,4047.98,1M,3980.0,4087.0,short,-0.35,Bearish,Direccional,resolved,validation,-1.0,2026-06-29 19:02:00,1M,12.8642,dentro,False,,-1,A,True,,1W=0.3 1D=0.25 12H=0.2 4H=0.15 1H=0.1,-0.6,-1.0,-1.0,1.0,0.0,-1.0,-1.0,-1.0,,-0.0,,,,1471.0,1162.0,1197.0,1334.0,,1824.0,,,
XAUUSD,478d3315-009f-4323-b19a-c2793a083752,2026-06-29 06:30:08.711298,2026-06-29 06:10:08.711298,in_scope,4047.98,1M,3980.0,4087.0,short,-0.35,Bearish,Direccional,resolved,validation,-1.0,2026-06-29 19:02:00,1M,12.8642,dentro,False,,-1,B,True,,1W=0.15 1D=0.2 12H=0.3 4H=0.2 1H=0.15,-0.5,-1.0,-1.0,1.0,0.0,0.0,-1.0,-1.0,,-0.0,,,,1471.0,1162.0,1197.0,1334.0,,1824.0,,,
XAUUSD,478d3315-009f-4323-b19a-c2793a083752,2026-06-29 06:30:08.711298,2026-06-29 06:10:08.711298,in_scope,4047.98,1M,3980.0,4087.0,short,-0.35,Bearish,Direccional,resolved,validation,-1.0,2026-06-29 19:02:00,1M,12.8642,dentro,False,,-1,C,True,,1W=0.15 1D=0.2 12H=0.3 4H=0.2 1H=0.15,-0.5,-1.0,-1.0,1.0,0.0,0.0,-1.0,-1.0,,-0.0,,,,1471.0,1162.0,1197.0,1334.0,,1824.0,,,
XAUUSD,478d3315-009f-4323-b19a-c2793a083752,2026-06-29 06:30:08.711298,2026-06-29 06:10:08.711298,in_scope,4047.98,1M,3980.0,4087.0,short,-0.35,Bearish,Direccional,resolved,validation,-1.0,2026-06-29 19:02:00,1M,12.8642,dentro,False,,-1,D,True,,1W=0.08 1D=0.12 12H=0.17 4H=0.22 1H=0.26 30M=0.15,-0.39,-1.0,-1.0,1.0,0.0,0.0,-1.0,-1.0,,-0.0,0.0,,,1471.0,1162.0,1197.0,1334.0,,1824.0,2666.0,,
XAUUSD,478d3315-009f-4323-b19a-c2793a083752,2026-06-29 06:30:08.711298,2026-06-29 06:10:08.711298,in_scope,4047.98,1M,3980.0,4087.0,short,-0.35,Bearish,Direccional,resolved,validation,-1.0,2026-06-29 19:02:00,1M,12.8642,dentro,False,,-1,E,True,,1W=0.07 1D=0.1 12H=0.14 4H=0.19 1H=0.24 30M=0.16 15M=0.1,-0.33,-1.0,-1.0,1.0,0.0,0.0,-1.0,-1.0,,-0.0,0.0,0.0,,1471.0,1162.0,1197.0,1334.0,,1824.0,2666.0,4162.0,
XAUUSD,478d3315-009f-4323-b19a-c2793a083752,2026-06-29 06:30:08.711298,2026-06-29 06:10:08.711298,in_scope,4047.98,1M,3980.0,4087.0,short,-0.35,Bearish,Direccional,resolved,validation,-1.0,2026-06-29 19:02:00,1M,12.8642,dentro,False,,-1,F,True,,1W=0.09412 1D=0.1412 12H=0.2 4H=0.2588 1H=0.3059,-0.45882352941176474,-1.0,-1.0,1.0,0.0,0.0,-1.0,-1.0,,-0.0,,,,1471.0,1162.0,1197.0,1334.0,,1824.0,,,
XAUUSD,478d3315-009f-4323-b19a-c2793a083752,2026-06-29 06:30:08.711298,2026-06-29 06:10:08.711298,in_scope,4047.98,1M,3980.0,4087.0,short,-0.35,Bearish,Direccional,resolved,validation,-1.0,2026-06-29 19:02:00,1M,12.8642,dentro,False,,-1,G,True,,1W=0.1 1D=0.1 12H=0.1 4H=0.1 1H=0.2 30M=0.2 15M=0.2,-0.2,0.0,0.0,,0.0,0.0,-1.0,-1.0,,-0.0,0.0,0.0,,1471.0,1162.0,1197.0,1334.0,,1824.0,2666.0,4162.0,
XAUUSD,478d3315-009f-4323-b19a-c2793a083752,2026-06-29 06:30:08.711298,2026-06-29 06:10:08.711298,in_scope,4047.98,1M,3980.0,4087.0,short,-0.35,Bearish,Direccional,resolved,validation,-1.0,2026-06-29 19:02:00,1M,12.8642,dentro,False,,-1,D-EQ,True,,1W=0.1667 1D=0.1667 12H=0.1667 4H=0.1667 1H=0.1667 30M=0.1667,-0.3333333333333333,-1.0,-1.0,1.0,0.0,0.0,-1.0,-1.0,,-0.0,0.0,,,1471.0,1162.0,1197.0,1334.0,,1824.0,2666.0,,
XAUUSD,478d3315-009f-4323-b19a-c2793a083752,2026-06-29 06:30:08.711298,2026-06-29 06:10:08.711298,in_scope,4047.98,1M,3980.0,4087.0,short,-0.35,Bearish,Direccional,resolved,validation,-1.0,2026-06-29 19:02:00,1M,12.8642,dentro,False,,-1,2A,True,,1D=0.2 2H=0.2 1H=0.2 30M=0.2 5M=0.2,-0.1,0.0,0.0,,,0.0,,,-0.5,-0.0,0.0,,0.0,,1162.0,,,1534.0,1824.0,2666.0,,10531.0
XAUUSD,478d3315-009f-4323-b19a-c2793a083752,2026-06-29 06:30:08.711298,2026-06-29 06:10:08.711298,in_scope,4047.98,1M,3980.0,4087.0,short,-0.35,Bearish,Direccional,resolved,validation,-1.0,2026-06-29 19:02:00,1M,12.8642,dentro,False,,-1,2B,True,,1D=0.1 2H=0.25 1H=0.25 30M=0.2 5M=0.2,-0.125,0.0,0.0,,,0.0,,,-0.5,-0.0,0.0,,0.0,,1162.0,,,1534.0,1824.0,2666.0,,10531.0
XAUUSD,478d3315-009f-4323-b19a-c2793a083752,2026-06-29 06:30:08.711298,2026-06-29 06:10:08.711298,in_scope,4047.98,1M,3980.0,4087.0,short,-0.35,Bearish,Direccional,resolved,validation,-1.0,2026-06-29 19:02:00,1M,12.8642,dentro,False,,-1,2C,True,,1D=0.2 2H=0.2 1H=0.2 30M=0.3 5M=0.1,-0.1,0.0,0.0,,,0.0,,,-0.5,-0.0,0.0,,0.0,,1162.0,,,1534.0,1824.0,2666.0,,10531.0
XAUUSD,478d3315-009f-4323-b19a-c2793a083752,2026-06-29 06:30:08.711298,2026-06-29 06:10:08.711298,in_scope,4047.98,1M,3980.0,4087.0,short,-0.35,Bearish,Direccional,resolved,validation,-1.0,2026-06-29 19:02:00,1M,12.8642,dentro,False,,-1,2D,True,,1D=0.15 2H=0.3 1H=0.25 30M=0.2 5M=0.1,-0.15,0.0,0.0,,,0.0,,,-0.5,-0.0,0.0,,0.0,,1162.0,,,1534.0,1824.0,2666.0,,10531.0
XAUUSD,478d3315-009f-4323-b19a-c2793a083752,2026-06-29 06:30:08.711298,2026-06-29 06:10:08.711298,in_scope,4047.98,1M,3980.0,4087.0,short,-0.35,Bearish,Direccional,resolved,validation,-1.0,2026-06-29 19:02:00,1M,12.8642,dentro,False,,-1,2E,True,,1D=0.1 2H=0.25 1H=0.3 30M=0.25 5M=0.1,-0.125,0.0,0.0,,,0.0,,,-0.5,-0.0,0.0,,0.0,,1162.0,,,1534.0,1824.0,2666.0,,10531.0
XAUUSD,478d3315-009f-4323-b19a-c2793a083752,2026-06-29 06:30:08.711298,2026-06-29 06:10:08.711298,in_scope,4047.98,1M,3980.0,4087.0,short,-0.35,Bearish,Direccional,resolved,validation,-1.0,2026-06-29 19:02:00,1M,12.8642,dentro,False,,-1,P2-DISC,True,,,-1.0,,-1.0,1.0,,,,,,,,,,,,,,,,,,
XAUUSD,478d3315-009f-4323-b19a-c2793a083752,2026-06-29 06:30:08.711298,2026-06-29 06:10:08.711298,in_scope,4047.98,1M,3980.0,4087.0,short,-0.35,Bearish,Direccional,resolved,validation,-1.0,2026-06-29 19:02:00,1M,12.8642,dentro,False,,-1,2F-LOO,True,,1D=0 2H=0.5 1H=0 30M=0.25 5M=0.25,,,-1.0,1.0,,0.0,,,-0.5,-0.0,0.0,,0.0,,,,,,,,,
XAUUSD,b993a3b0-6309-42cd-a6fd-18fe953e3962,2026-06-30 06:47:26.361223,2026-06-30 06:27:26.361223,in_scope,4015.73,1M,3950.0,4060.0,short,-0.2,Choppy / Neutral,Choppy,resolved,invalidation,1.0,2026-06-30 08:23:00,1M,1.926,dentro,False,,-1,A,True,,1W=0.3 1D=0.25 12H=0.2 4H=0.15 1H=0.1,-0.6,-1.0,-1.0,0.0,0.0,-1.0,-1.0,-1.0,,0.0,,,,1471.0,1163.0,1199.0,1340.0,,1847.0,,,
XAUUSD,b993a3b0-6309-42cd-a6fd-18fe953e3962,2026-06-30 06:47:26.361223,2026-06-30 06:27:26.361223,in_scope,4015.73,1M,3950.0,4060.0,short,-0.2,Choppy / Neutral,Choppy,resolved,invalidation,1.0,2026-06-30 08:23:00,1M,1.926,dentro,False,,-1,B,True,,1W=0.15 1D=0.2 12H=0.3 4H=0.2 1H=0.15,-0.5,-1.0,-1.0,0.0,0.0,0.0,-1.0,-1.0,,0.0,,,,1471.0,1163.0,1199.0,1340.0,,1847.0,,,
XAUUSD,b993a3b0-6309-42cd-a6fd-18fe953e3962,2026-06-30 06:47:26.361223,2026-06-30 06:27:26.361223,in_scope,4015.73,1M,3950.0,4060.0,short,-0.2,Choppy / Neutral,Choppy,resolved,invalidation,1.0,2026-06-30 08:23:00,1M,1.926,dentro,False,,-1,C,True,,1W=0.15 1D=0.2 12H=0.3 4H=0.2 1H=0.15,-0.5,-1.0,-1.0,0.0,0.0,0.0,-1.0,-1.0,,0.0,,,,1471.0,1163.0,1199.0,1340.0,,1847.0,,,
XAUUSD,b993a3b0-6309-42cd-a6fd-18fe953e3962,2026-06-30 06:47:26.361223,2026-06-30 06:27:26.361223,in_scope,4015.73,1M,3950.0,4060.0,short,-0.2,Choppy / Neutral,Choppy,resolved,invalidation,1.0,2026-06-30 08:23:00,1M,1.926,dentro,False,,-1,D,True,,1W=0.08 1D=0.12 12H=0.17 4H=0.22 1H=0.26 30M=0.15,-0.39,-1.0,-1.0,0.0,0.0,0.0,-1.0,-1.0,,0.0,0.0,,,1471.0,1163.0,1199.0,1340.0,,1847.0,2712.0,,
XAUUSD,b993a3b0-6309-42cd-a6fd-18fe953e3962,2026-06-30 06:47:26.361223,2026-06-30 06:27:26.361223,in_scope,4015.73,1M,3950.0,4060.0,short,-0.2,Choppy / Neutral,Choppy,resolved,invalidation,1.0,2026-06-30 08:23:00,1M,1.926,dentro,False,,-1,E,True,,1W=0.07 1D=0.1 12H=0.14 4H=0.19 1H=0.24 30M=0.16 15M=0.1,-0.33,-1.0,-1.0,0.0,0.0,0.0,-1.0,-1.0,,0.0,0.0,0.0,,1471.0,1163.0,1199.0,1340.0,,1847.0,2712.0,4255.0,
XAUUSD,b993a3b0-6309-42cd-a6fd-18fe953e3962,2026-06-30 06:47:26.361223,2026-06-30 06:27:26.361223,in_scope,4015.73,1M,3950.0,4060.0,short,-0.2,Choppy / Neutral,Choppy,resolved,invalidation,1.0,2026-06-30 08:23:00,1M,1.926,dentro,False,,-1,F,True,,1W=0.09412 1D=0.1412 12H=0.2 4H=0.2588 1H=0.3059,-0.45882352941176474,-1.0,-1.0,0.0,0.0,0.0,-1.0,-1.0,,0.0,,,,1471.0,1163.0,1199.0,1340.0,,1847.0,,,
XAUUSD,b993a3b0-6309-42cd-a6fd-18fe953e3962,2026-06-30 06:47:26.361223,2026-06-30 06:27:26.361223,in_scope,4015.73,1M,3950.0,4060.0,short,-0.2,Choppy / Neutral,Choppy,resolved,invalidation,1.0,2026-06-30 08:23:00,1M,1.926,dentro,False,,-1,G,True,,1W=0.1 1D=0.1 12H=0.1 4H=0.1 1H=0.2 30M=0.2 15M=0.2,-0.2,0.0,0.0,,0.0,0.0,-1.0,-1.0,,0.0,0.0,0.0,,1471.0,1163.0,1199.0,1340.0,,1847.0,2712.0,4255.0,
XAUUSD,b993a3b0-6309-42cd-a6fd-18fe953e3962,2026-06-30 06:47:26.361223,2026-06-30 06:27:26.361223,in_scope,4015.73,1M,3950.0,4060.0,short,-0.2,Choppy / Neutral,Choppy,resolved,invalidation,1.0,2026-06-30 08:23:00,1M,1.926,dentro,False,,-1,D-EQ,True,,1W=0.1667 1D=0.1667 12H=0.1667 4H=0.1667 1H=0.1667 30M=0.1667,-0.3333333333333333,-1.0,-1.0,0.0,0.0,0.0,-1.0,-1.0,,0.0,0.0,,,1471.0,1163.0,1199.0,1340.0,,1847.0,2712.0,,
XAUUSD,b993a3b0-6309-42cd-a6fd-18fe953e3962,2026-06-30 06:47:26.361223,2026-06-30 06:27:26.361223,in_scope,4015.73,1M,3950.0,4060.0,short,-0.2,Choppy / Neutral,Choppy,resolved,invalidation,1.0,2026-06-30 08:23:00,1M,1.926,dentro,False,,-1,2A,True,,1D=0.2 2H=0.2 1H=0.2 30M=0.2 5M=0.2,0.0,0.0,0.0,,,0.0,,,0.0,0.0,0.0,,0.0,,1163.0,,,1546.0,1847.0,2712.0,,10810.0
XAUUSD,b993a3b0-6309-42cd-a6fd-18fe953e3962,2026-06-30 06:47:26.361223,2026-06-30 06:27:26.361223,in_scope,4015.73,1M,3950.0,4060.0,short,-0.2,Choppy / Neutral,Choppy,resolved,invalidation,1.0,2026-06-30 08:23:00,1M,1.926,dentro,False,,-1,2B,True,,1D=0.1 2H=0.25 1H=0.25 30M=0.2 5M=0.2,0.0,0.0,0.0,,,0.0,,,0.0,0.0,0.0,,0.0,,1163.0,,,1546.0,1847.0,2712.0,,10810.0
XAUUSD,b993a3b0-6309-42cd-a6fd-18fe953e3962,2026-06-30 06:47:26.361223,2026-06-30 06:27:26.361223,in_scope,4015.73,1M,3950.0,4060.0,short,-0.2,Choppy / Neutral,Choppy,resolved,invalidation,1.0,2026-06-30 08:23:00,1M,1.926,dentro,False,,-1,2C,True,,1D=0.2 2H=0.2 1H=0.2 30M=0.3 5M=0.1,0.0,0.0,0.0,,,0.0,,,0.0,0.0,0.0,,0.0,,1163.0,,,1546.0,1847.0,2712.0,,10810.0
XAUUSD,b993a3b0-6309-42cd-a6fd-18fe953e3962,2026-06-30 06:47:26.361223,2026-06-30 06:27:26.361223,in_scope,4015.73,1M,3950.0,4060.0,short,-0.2,Choppy / Neutral,Choppy,resolved,invalidation,1.0,2026-06-30 08:23:00,1M,1.926,dentro,False,,-1,2D,True,,1D=0.15 2H=0.3 1H=0.25 30M=0.2 5M=0.1,0.0,0.0,0.0,,,0.0,,,0.0,0.0,0.0,,0.0,,1163.0,,,1546.0,1847.0,2712.0,,10810.0
XAUUSD,b993a3b0-6309-42cd-a6fd-18fe953e3962,2026-06-30 06:47:26.361223,2026-06-30 06:27:26.361223,in_scope,4015.73,1M,3950.0,4060.0,short,-0.2,Choppy / Neutral,Choppy,resolved,invalidation,1.0,2026-06-30 08:23:00,1M,1.926,dentro,False,,-1,2E,True,,1D=0.1 2H=0.25 1H=0.3 30M=0.25 5M=0.1,0.0,0.0,0.0,,,0.0,,,0.0,0.0,0.0,,0.0,,1163.0,,,1546.0,1847.0,2712.0,,10810.0
XAUUSD,b993a3b0-6309-42cd-a6fd-18fe953e3962,2026-06-30 06:47:26.361223,2026-06-30 06:27:26.361223,in_scope,4015.73,1M,3950.0,4060.0,short,-0.2,Choppy / Neutral,Choppy,resolved,invalidation,1.0,2026-06-30 08:23:00,1M,1.926,dentro,False,,-1,P2-DISC,True,,,-1.0,,-1.0,0.0,,,,,,,,,,,,,,,,,,
XAUUSD,b993a3b0-6309-42cd-a6fd-18fe953e3962,2026-06-30 06:47:26.361223,2026-06-30 06:27:26.361223,in_scope,4015.73,1M,3950.0,4060.0,short,-0.2,Choppy / Neutral,Choppy,resolved,invalidation,1.0,2026-06-30 08:23:00,1M,1.926,dentro,False,,-1,2F-LOO,True,,1D=0 2H=0.5 1H=0 30M=0.25 5M=0.25,,,0.0,,,0.0,,,0.0,0.0,0.0,,0.0,,,,,,,,,
XAUUSD,d3c184ad-77bd-4005-a9af-d4d45a0056aa,2026-07-01 06:39:28.814603,2026-07-01 06:19:28.814603,in_scope,4026.1,1M,4100.0,3960.0,long,0.5,Bullish,Direccional,resolved,validation,1.0,2026-07-01 07:44:00,1M,1.4087,dentro,False,,1,A,True,,1W=0.3 1D=0.25 12H=0.2 4H=0.15 1H=0.1,-0.6,-1.0,-1.0,0.0,0.0,-1.0,-1.0,-1.0,,0.0,,,,1471.0,1164.0,1201.0,1346.0,,1870.0,,,
XAUUSD,d3c184ad-77bd-4005-a9af-d4d45a0056aa,2026-07-01 06:39:28.814603,2026-07-01 06:19:28.814603,in_scope,4026.1,1M,4100.0,3960.0,long,0.5,Bullish,Direccional,resolved,validation,1.0,2026-07-01 07:44:00,1M,1.4087,dentro,False,,1,B,True,,1W=0.15 1D=0.2 12H=0.3 4H=0.2 1H=0.15,-0.5,-1.0,-1.0,0.0,0.0,0.0,-1.0,-1.0,,0.0,,,,1471.0,1164.0,1201.0,1346.0,,1870.0,,,
XAUUSD,d3c184ad-77bd-4005-a9af-d4d45a0056aa,2026-07-01 06:39:28.814603,2026-07-01 06:19:28.814603,in_scope,4026.1,1M,4100.0,3960.0,long,0.5,Bullish,Direccional,resolved,validation,1.0,2026-07-01 07:44:00,1M,1.4087,dentro,False,,1,C,True,,1W=0.15 1D=0.2 12H=0.3 4H=0.2 1H=0.15,-0.5,-1.0,-1.0,0.0,0.0,0.0,-1.0,-1.0,,0.0,,,,1471.0,1164.0,1201.0,1346.0,,1870.0,,,
XAUUSD,d3c184ad-77bd-4005-a9af-d4d45a0056aa,2026-07-01 06:39:28.814603,2026-07-01 06:19:28.814603,in_scope,4026.1,1M,4100.0,3960.0,long,0.5,Bullish,Direccional,resolved,validation,1.0,2026-07-01 07:44:00,1M,1.4087,dentro,False,,1,D,True,,1W=0.08 1D=0.12 12H=0.17 4H=0.22 1H=0.26 30M=0.15,-0.39,-1.0,-1.0,0.0,0.0,0.0,-1.0,-1.0,,0.0,0.0,,,1471.0,1164.0,1201.0,1346.0,,1870.0,2758.0,,
XAUUSD,d3c184ad-77bd-4005-a9af-d4d45a0056aa,2026-07-01 06:39:28.814603,2026-07-01 06:19:28.814603,in_scope,4026.1,1M,4100.0,3960.0,long,0.5,Bullish,Direccional,resolved,validation,1.0,2026-07-01 07:44:00,1M,1.4087,dentro,False,,1,E,True,,1W=0.07 1D=0.1 12H=0.14 4H=0.19 1H=0.24 30M=0.16 15M=0.1,-0.33,-1.0,-1.0,0.0,0.0,0.0,-1.0,-1.0,,0.0,0.0,0.0,,1471.0,1164.0,1201.0,1346.0,,1870.0,2758.0,4347.0,
XAUUSD,d3c184ad-77bd-4005-a9af-d4d45a0056aa,2026-07-01 06:39:28.814603,2026-07-01 06:19:28.814603,in_scope,4026.1,1M,4100.0,3960.0,long,0.5,Bullish,Direccional,resolved,validation,1.0,2026-07-01 07:44:00,1M,1.4087,dentro,False,,1,F,True,,1W=0.09412 1D=0.1412 12H=0.2 4H=0.2588 1H=0.3059,-0.45882352941176474,-1.0,-1.0,0.0,0.0,0.0,-1.0,-1.0,,0.0,,,,1471.0,1164.0,1201.0,1346.0,,1870.0,,,
XAUUSD,d3c184ad-77bd-4005-a9af-d4d45a0056aa,2026-07-01 06:39:28.814603,2026-07-01 06:19:28.814603,in_scope,4026.1,1M,4100.0,3960.0,long,0.5,Bullish,Direccional,resolved,validation,1.0,2026-07-01 07:44:00,1M,1.4087,dentro,False,,1,G,True,,1W=0.1 1D=0.1 12H=0.1 4H=0.1 1H=0.2 30M=0.2 15M=0.2,-0.2,0.0,0.0,,0.0,0.0,-1.0,-1.0,,0.0,0.0,0.0,,1471.0,1164.0,1201.0,1346.0,,1870.0,2758.0,4347.0,
XAUUSD,d3c184ad-77bd-4005-a9af-d4d45a0056aa,2026-07-01 06:39:28.814603,2026-07-01 06:19:28.814603,in_scope,4026.1,1M,4100.0,3960.0,long,0.5,Bullish,Direccional,resolved,validation,1.0,2026-07-01 07:44:00,1M,1.4087,dentro,False,,1,D-EQ,True,,1W=0.1667 1D=0.1667 12H=0.1667 4H=0.1667 1H=0.1667 30M=0.1667,-0.3333333333333333,-1.0,-1.0,0.0,0.0,0.0,-1.0,-1.0,,0.0,0.0,,,1471.0,1164.0,1201.0,1346.0,,1870.0,2758.0,,
XAUUSD,d3c184ad-77bd-4005-a9af-d4d45a0056aa,2026-07-01 06:39:28.814603,2026-07-01 06:19:28.814603,in_scope,4026.1,1M,4100.0,3960.0,long,0.5,Bullish,Direccional,resolved,validation,1.0,2026-07-01 07:44:00,1M,1.4087,dentro,False,,1,2A,True,,1D=0.2 2H=0.2 1H=0.2 30M=0.2 5M=0.2,-0.1,0.0,0.0,,,0.0,,,-0.5,0.0,0.0,,0.0,,1164.0,,,1558.0,1870.0,2758.0,,11084.0
XAUUSD,d3c184ad-77bd-4005-a9af-d4d45a0056aa,2026-07-01 06:39:28.814603,2026-07-01 06:19:28.814603,in_scope,4026.1,1M,4100.0,3960.0,long,0.5,Bullish,Direccional,resolved,validation,1.0,2026-07-01 07:44:00,1M,1.4087,dentro,False,,1,2B,True,,1D=0.1 2H=0.25 1H=0.25 30M=0.2 5M=0.2,-0.125,0.0,0.0,,,0.0,,,-0.5,0.0,0.0,,0.0,,1164.0,,,1558.0,1870.0,2758.0,,11084.0
XAUUSD,d3c184ad-77bd-4005-a9af-d4d45a0056aa,2026-07-01 06:39:28.814603,2026-07-01 06:19:28.814603,in_scope,4026.1,1M,4100.0,3960.0,long,0.5,Bullish,Direccional,resolved,validation,1.0,2026-07-01 07:44:00,1M,1.4087,dentro,False,,1,2C,True,,1D=0.2 2H=0.2 1H=0.2 30M=0.3 5M=0.1,-0.1,0.0,0.0,,,0.0,,,-0.5,0.0,0.0,,0.0,,1164.0,,,1558.0,1870.0,2758.0,,11084.0
XAUUSD,d3c184ad-77bd-4005-a9af-d4d45a0056aa,2026-07-01 06:39:28.814603,2026-07-01 06:19:28.814603,in_scope,4026.1,1M,4100.0,3960.0,long,0.5,Bullish,Direccional,resolved,validation,1.0,2026-07-01 07:44:00,1M,1.4087,dentro,False,,1,2D,True,,1D=0.15 2H=0.3 1H=0.25 30M=0.2 5M=0.1,-0.15,0.0,0.0,,,0.0,,,-0.5,0.0,0.0,,0.0,,1164.0,,,1558.0,1870.0,2758.0,,11084.0
XAUUSD,d3c184ad-77bd-4005-a9af-d4d45a0056aa,2026-07-01 06:39:28.814603,2026-07-01 06:19:28.814603,in_scope,4026.1,1M,4100.0,3960.0,long,0.5,Bullish,Direccional,resolved,validation,1.0,2026-07-01 07:44:00,1M,1.4087,dentro,False,,1,2E,True,,1D=0.1 2H=0.25 1H=0.3 30M=0.25 5M=0.1,-0.125,0.0,0.0,,,0.0,,,-0.5,0.0,0.0,,0.0,,1164.0,,,1558.0,1870.0,2758.0,,11084.0
XAUUSD,d3c184ad-77bd-4005-a9af-d4d45a0056aa,2026-07-01 06:39:28.814603,2026-07-01 06:19:28.814603,in_scope,4026.1,1M,4100.0,3960.0,long,0.5,Bullish,Direccional,resolved,validation,1.0,2026-07-01 07:44:00,1M,1.4087,dentro,False,,1,P2-DISC,True,,,1.0,,1.0,1.0,,,,,,,,,,,,,,,,,,
XAUUSD,d3c184ad-77bd-4005-a9af-d4d45a0056aa,2026-07-01 06:39:28.814603,2026-07-01 06:19:28.814603,in_scope,4026.1,1M,4100.0,3960.0,long,0.5,Bullish,Direccional,resolved,validation,1.0,2026-07-01 07:44:00,1M,1.4087,dentro,False,,1,2F-LOO,True,,1D=0 2H=0.5 1H=0 30M=0.25 5M=0.25,,,-1.0,0.0,,0.0,,,-0.5,0.0,0.0,,0.0,,,,,,,,,
XAUUSD,7ea316f3-8171-4422-934d-295ec2e2dc4b,2026-07-02 06:35:42.851145,2026-07-02 06:15:42.851145,levels_same_side,4064.23,1M,4150.0,4098.0,,0.275,Bullish,Direccional,,,,,,,,,,0,(fuera de alcance),,,,,,,,,,,,,,,,,,,,,,,,,
XAUUSD,8096ad6b-0807-483e-b7de-135a4fa90a37,2026-07-03 06:27:42.971802,2026-07-03 06:07:42.971802,in_scope,4180.42,1M,4140.0,4200.0,short,-0.225,Choppy / Neutral,Choppy,resolved,invalidation,1.0,2026-07-05 17:28:00,1M,59.3381,fuera,False,,0,A,True,,1W=0.3 1D=0.25 12H=0.2 4H=0.15 1H=0.1,-0.15,0.0,0.0,,0.0,-1.0,0.0,0.0,,1.0,,,,1471.0,1166.0,1205.0,1358.0,,1916.0,,,
XAUUSD,8096ad6b-0807-483e-b7de-135a4fa90a37,2026-07-03 06:27:42.971802,2026-07-03 06:07:42.971802,in_scope,4180.42,1M,4140.0,4200.0,short,-0.225,Choppy / Neutral,Choppy,resolved,invalidation,1.0,2026-07-05 17:28:00,1M,59.3381,fuera,False,,0,B,True,,1W=0.15 1D=0.2 12H=0.3 4H=0.2 1H=0.15,0.0,0.0,0.0,,0.0,0.0,0.0,0.0,,0.0,,,,1471.0,1166.0,1205.0,1358.0,,1916.0,,,
XAUUSD,8096ad6b-0807-483e-b7de-135a4fa90a37,2026-07-03 06:27:42.971802,2026-07-03 06:07:42.971802,in_scope,4180.42,1M,4140.0,4200.0,short,-0.225,Choppy / Neutral,Choppy,resolved,invalidation,1.0,2026-07-05 17:28:00,1M,59.3381,fuera,False,,0,C,True,,1W=0.15 1D=0.2 12H=0.3 4H=0.2 1H=0.15,0.0,0.0,0.0,,0.0,0.0,0.0,0.0,,0.0,,,,1471.0,1166.0,1205.0,1358.0,,1916.0,,,
XAUUSD,8096ad6b-0807-483e-b7de-135a4fa90a37,2026-07-03 06:27:42.971802,2026-07-03 06:07:42.971802,in_scope,4180.42,1M,4140.0,4200.0,short,-0.225,Choppy / Neutral,Choppy,resolved,invalidation,1.0,2026-07-05 17:28:00,1M,59.3381,fuera,False,,0,D,True,,1W=0.08 1D=0.12 12H=0.17 4H=0.22 1H=0.26 30M=0.15,0.15,0.0,0.0,,0.0,0.0,0.0,0.0,,0.0,1.0,,,1471.0,1166.0,1205.0,1358.0,,1916.0,2850.0,,
XAUUSD,8096ad6b-0807-483e-b7de-135a4fa90a37,2026-07-03 06:27:42.971802,2026-07-03 06:07:42.971802,in_scope,4180.42,1M,4140.0,4200.0,short,-0.225,Choppy / Neutral,Choppy,resolved,invalidation,1.0,2026-07-05 17:28:00,1M,59.3381,fuera,False,,0,E,True,,1W=0.07 1D=0.1 12H=0.14 4H=0.19 1H=0.24 30M=0.16 15M=0.1,0.26,1.0,1.0,1.0,0.0,0.0,0.0,0.0,,0.0,1.0,1.0,,1471.0,1166.0,1205.0,1358.0,,1916.0,2850.0,4530.0,
XAUUSD,8096ad6b-0807-483e-b7de-135a4fa90a37,2026-07-03 06:27:42.971802,2026-07-03 06:07:42.971802,in_scope,4180.42,1M,4140.0,4200.0,short,-0.225,Choppy / Neutral,Choppy,resolved,invalidation,1.0,2026-07-05 17:28:00,1M,59.3381,fuera,False,,0,F,True,,1W=0.09412 1D=0.1412 12H=0.2 4H=0.2588 1H=0.3059,0.0,0.0,0.0,,0.0,0.0,0.0,0.0,,0.0,,,,1471.0,1166.0,1205.0,1358.0,,1916.0,,,
XAUUSD,8096ad6b-0807-483e-b7de-135a4fa90a37,2026-07-03 06:27:42.971802,2026-07-03 06:07:42.971802,in_scope,4180.42,1M,4140.0,4200.0,short,-0.225,Choppy / Neutral,Choppy,resolved,invalidation,1.0,2026-07-05 17:28:00,1M,59.3381,fuera,False,,0,G,True,,1W=0.1 1D=0.1 12H=0.1 4H=0.1 1H=0.2 30M=0.2 15M=0.2,0.4,1.0,1.0,1.0,0.0,0.0,0.0,0.0,,0.0,1.0,1.0,,1471.0,1166.0,1205.0,1358.0,,1916.0,2850.0,4530.0,
XAUUSD,8096ad6b-0807-483e-b7de-135a4fa90a37,2026-07-03 06:27:42.971802,2026-07-03 06:07:42.971802,in_scope,4180.42,1M,4140.0,4200.0,short,-0.225,Choppy / Neutral,Choppy,resolved,invalidation,1.0,2026-07-05 17:28:00,1M,59.3381,fuera,False,,0,D-EQ,True,,1W=0.1667 1D=0.1667 12H=0.1667 4H=0.1667 1H=0.1667 30M=0.1667,0.16666666666666666,0.0,0.0,,0.0,0.0,0.0,0.0,,0.0,1.0,,,1471.0,1166.0,1205.0,1358.0,,1916.0,2850.0,,
XAUUSD,8096ad6b-0807-483e-b7de-135a4fa90a37,2026-07-03 06:27:42.971802,2026-07-03 06:07:42.971802,in_scope,4180.42,1M,4140.0,4200.0,short,-0.225,Choppy / Neutral,Choppy,resolved,invalidation,1.0,2026-07-05 17:28:00,1M,59.3381,fuera,False,,0,2A,True,,1D=0.2 2H=0.2 1H=0.2 30M=0.2 5M=0.2,0.2,0.0,0.0,,,0.0,,,0.0,0.0,1.0,,0.0,,1166.0,,,1582.0,1916.0,2850.0,,11634.0
XAUUSD,8096ad6b-0807-483e-b7de-135a4fa90a37,2026-07-03 06:27:42.971802,2026-07-03 06:07:42.971802,in_scope,4180.42,1M,4140.0,4200.0,short,-0.225,Choppy / Neutral,Choppy,resolved,invalidation,1.0,2026-07-05 17:28:00,1M,59.3381,fuera,False,,0,2B,True,,1D=0.1 2H=0.25 1H=0.25 30M=0.2 5M=0.2,0.2,0.0,0.0,,,0.0,,,0.0,0.0,1.0,,0.0,,1166.0,,,1582.0,1916.0,2850.0,,11634.0
XAUUSD,8096ad6b-0807-483e-b7de-135a4fa90a37,2026-07-03 06:27:42.971802,2026-07-03 06:07:42.971802,in_scope,4180.42,1M,4140.0,4200.0,short,-0.225,Choppy / Neutral,Choppy,resolved,invalidation,1.0,2026-07-05 17:28:00,1M,59.3381,fuera,False,,0,2C,True,,1D=0.2 2H=0.2 1H=0.2 30M=0.3 5M=0.1,0.3,1.0,1.0,1.0,,0.0,,,0.0,0.0,1.0,,0.0,,1166.0,,,1582.0,1916.0,2850.0,,11634.0
XAUUSD,8096ad6b-0807-483e-b7de-135a4fa90a37,2026-07-03 06:27:42.971802,2026-07-03 06:07:42.971802,in_scope,4180.42,1M,4140.0,4200.0,short,-0.225,Choppy / Neutral,Choppy,resolved,invalidation,1.0,2026-07-05 17:28:00,1M,59.3381,fuera,False,,0,2D,True,,1D=0.15 2H=0.3 1H=0.25 30M=0.2 5M=0.1,0.2,0.0,0.0,,,0.0,,,0.0,0.0,1.0,,0.0,,1166.0,,,1582.0,1916.0,2850.0,,11634.0
XAUUSD,8096ad6b-0807-483e-b7de-135a4fa90a37,2026-07-03 06:27:42.971802,2026-07-03 06:07:42.971802,in_scope,4180.42,1M,4140.0,4200.0,short,-0.225,Choppy / Neutral,Choppy,resolved,invalidation,1.0,2026-07-05 17:28:00,1M,59.3381,fuera,False,,0,2E,True,,1D=0.1 2H=0.25 1H=0.3 30M=0.25 5M=0.1,0.25,1.0,1.0,1.0,,0.0,,,0.0,0.0,1.0,,0.0,,1166.0,,,1582.0,1916.0,2850.0,,11634.0
XAUUSD,8096ad6b-0807-483e-b7de-135a4fa90a37,2026-07-03 06:27:42.971802,2026-07-03 06:07:42.971802,in_scope,4180.42,1M,4140.0,4200.0,short,-0.225,Choppy / Neutral,Choppy,resolved,invalidation,1.0,2026-07-05 17:28:00,1M,59.3381,fuera,False,,0,P2-DISC,True,,,0.0,,0.0,,,,,,,,,,,,,,,,,,,
XAUUSD,8096ad6b-0807-483e-b7de-135a4fa90a37,2026-07-03 06:27:42.971802,2026-07-03 06:07:42.971802,in_scope,4180.42,1M,4140.0,4200.0,short,-0.225,Choppy / Neutral,Choppy,resolved,invalidation,1.0,2026-07-05 17:28:00,1M,59.3381,fuera,False,,0,2F-LOO,True,,1D=0 2H=0.5 1H=0.5 30M=0 5M=0,,,0.0,,,0.0,,,0.0,0.0,1.0,,0.0,,,,,,,,,
XAUUSD,d6300e0d-1c35-49bf-ab33-8424b6ab4fcb,2026-07-06 06:34:05.447258,2026-07-06 06:14:05.447258,in_scope,4155.23,1M,4120.0,4170.0,short,-0.425,Bearish,Direccional,resolved,validation,-1.0,2026-07-06 23:39:00,1M,17.4152,dentro,False,,0,A,True,,1W=0.3 1D=0.25 12H=0.2 4H=0.15 1H=0.1,0.0,0.0,0.0,,0.0,0.0,0.0,0.0,,0.0,,,,1472.0,1167.0,1207.0,1363.0,,1935.0,,,
XAUUSD,d6300e0d-1c35-49bf-ab33-8424b6ab4fcb,2026-07-06 06:34:05.447258,2026-07-06 06:14:05.447258,in_scope,4155.23,1M,4120.0,4170.0,short,-0.425,Bearish,Direccional,resolved,validation,-1.0,2026-07-06 23:39:00,1M,17.4152,dentro,False,,0,B,True,,1W=0.15 1D=0.2 12H=0.3 4H=0.2 1H=0.15,0.0,0.0,0.0,,0.0,0.0,0.0,0.0,,0.0,,,,1472.0,1167.0,1207.0,1363.0,,1935.0,,,
XAUUSD,d6300e0d-1c35-49bf-ab33-8424b6ab4fcb,2026-07-06 06:34:05.447258,2026-07-06 06:14:05.447258,in_scope,4155.23,1M,4120.0,4170.0,short,-0.425,Bearish,Direccional,resolved,validation,-1.0,2026-07-06 23:39:00,1M,17.4152,dentro,False,,0,C,True,,1W=0.15 1D=0.2 12H=0.3 4H=0.2 1H=0.15,0.0,0.0,0.0,,0.0,0.0,0.0,0.0,,0.0,,,,1472.0,1167.0,1207.0,1363.0,,1935.0,,,
XAUUSD,d6300e0d-1c35-49bf-ab33-8424b6ab4fcb,2026-07-06 06:34:05.447258,2026-07-06 06:14:05.447258,in_scope,4155.23,1M,4120.0,4170.0,short,-0.425,Bearish,Direccional,resolved,validation,-1.0,2026-07-06 23:39:00,1M,17.4152,dentro,False,,0,D,True,,1W=0.08 1D=0.12 12H=0.17 4H=0.22 1H=0.26 30M=0.15,0.0,0.0,0.0,,0.0,0.0,0.0,0.0,,0.0,0.0,,,1472.0,1167.0,1207.0,1363.0,,1935.0,2888.0,,
XAUUSD,d6300e0d-1c35-49bf-ab33-8424b6ab4fcb,2026-07-06 06:34:05.447258,2026-07-06 06:14:05.447258,in_scope,4155.23,1M,4120.0,4170.0,short,-0.425,Bearish,Direccional,resolved,validation,-1.0,2026-07-06 23:39:00,1M,17.4152,dentro,False,,0,E,True,,1W=0.07 1D=0.1 12H=0.14 4H=0.19 1H=0.24 30M=0.16 15M=0.1,0.0,0.0,0.0,,0.0,0.0,0.0,0.0,,0.0,0.0,0.0,,1472.0,1167.0,1207.0,1363.0,,1935.0,2888.0,4606.0,
XAUUSD,d6300e0d-1c35-49bf-ab33-8424b6ab4fcb,2026-07-06 06:34:05.447258,2026-07-06 06:14:05.447258,in_scope,4155.23,1M,4120.0,4170.0,short,-0.425,Bearish,Direccional,resolved,validation,-1.0,2026-07-06 23:39:00,1M,17.4152,dentro,False,,0,F,True,,1W=0.09412 1D=0.1412 12H=0.2 4H=0.2588 1H=0.3059,0.0,0.0,0.0,,0.0,0.0,0.0,0.0,,0.0,,,,1472.0,1167.0,1207.0,1363.0,,1935.0,,,
XAUUSD,d6300e0d-1c35-49bf-ab33-8424b6ab4fcb,2026-07-06 06:34:05.447258,2026-07-06 06:14:05.447258,in_scope,4155.23,1M,4120.0,4170.0,short,-0.425,Bearish,Direccional,resolved,validation,-1.0,2026-07-06 23:39:00,1M,17.4152,dentro,False,,0,G,True,,1W=0.1 1D=0.1 12H=0.1 4H=0.1 1H=0.2 30M=0.2 15M=0.2,0.0,0.0,0.0,,0.0,0.0,0.0,0.0,,0.0,0.0,0.0,,1472.0,1167.0,1207.0,1363.0,,1935.0,2888.0,4606.0,
XAUUSD,d6300e0d-1c35-49bf-ab33-8424b6ab4fcb,2026-07-06 06:34:05.447258,2026-07-06 06:14:05.447258,in_scope,4155.23,1M,4120.0,4170.0,short,-0.425,Bearish,Direccional,resolved,validation,-1.0,2026-07-06 23:39:00,1M,17.4152,dentro,False,,0,D-EQ,True,,1W=0.1667 1D=0.1667 12H=0.1667 4H=0.1667 1H=0.1667 30M=0.1667,0.0,0.0,0.0,,0.0,0.0,0.0,0.0,,0.0,0.0,,,1472.0,1167.0,1207.0,1363.0,,1935.0,2888.0,,
XAUUSD,d6300e0d-1c35-49bf-ab33-8424b6ab4fcb,2026-07-06 06:34:05.447258,2026-07-06 06:14:05.447258,in_scope,4155.23,1M,4120.0,4170.0,short,-0.425,Bearish,Direccional,resolved,validation,-1.0,2026-07-06 23:39:00,1M,17.4152,dentro,False,,0,2A,True,,1D=0.2 2H=0.2 1H=0.2 30M=0.2 5M=0.2,0.0,0.0,0.0,,,0.0,,,0.0,0.0,0.0,,0.0,,1167.0,,,1592.0,1935.0,2888.0,,11863.0
XAUUSD,d6300e0d-1c35-49bf-ab33-8424b6ab4fcb,2026-07-06 06:34:05.447258,2026-07-06 06:14:05.447258,in_scope,4155.23,1M,4120.0,4170.0,short,-0.425,Bearish,Direccional,resolved,validation,-1.0,2026-07-06 23:39:00,1M,17.4152,dentro,False,,0,2B,True,,1D=0.1 2H=0.25 1H=0.25 30M=0.2 5M=0.2,0.0,0.0,0.0,,,0.0,,,0.0,0.0,0.0,,0.0,,1167.0,,,1592.0,1935.0,2888.0,,11863.0
XAUUSD,d6300e0d-1c35-49bf-ab33-8424b6ab4fcb,2026-07-06 06:34:05.447258,2026-07-06 06:14:05.447258,in_scope,4155.23,1M,4120.0,4170.0,short,-0.425,Bearish,Direccional,resolved,validation,-1.0,2026-07-06 23:39:00,1M,17.4152,dentro,False,,0,2C,True,,1D=0.2 2H=0.2 1H=0.2 30M=0.3 5M=0.1,0.0,0.0,0.0,,,0.0,,,0.0,0.0,0.0,,0.0,,1167.0,,,1592.0,1935.0,2888.0,,11863.0
XAUUSD,d6300e0d-1c35-49bf-ab33-8424b6ab4fcb,2026-07-06 06:34:05.447258,2026-07-06 06:14:05.447258,in_scope,4155.23,1M,4120.0,4170.0,short,-0.425,Bearish,Direccional,resolved,validation,-1.0,2026-07-06 23:39:00,1M,17.4152,dentro,False,,0,2D,True,,1D=0.15 2H=0.3 1H=0.25 30M=0.2 5M=0.1,0.0,0.0,0.0,,,0.0,,,0.0,0.0,0.0,,0.0,,1167.0,,,1592.0,1935.0,2888.0,,11863.0
XAUUSD,d6300e0d-1c35-49bf-ab33-8424b6ab4fcb,2026-07-06 06:34:05.447258,2026-07-06 06:14:05.447258,in_scope,4155.23,1M,4120.0,4170.0,short,-0.425,Bearish,Direccional,resolved,validation,-1.0,2026-07-06 23:39:00,1M,17.4152,dentro,False,,0,2E,True,,1D=0.1 2H=0.25 1H=0.3 30M=0.25 5M=0.1,0.0,0.0,0.0,,,0.0,,,0.0,0.0,0.0,,0.0,,1167.0,,,1592.0,1935.0,2888.0,,11863.0
XAUUSD,d6300e0d-1c35-49bf-ab33-8424b6ab4fcb,2026-07-06 06:34:05.447258,2026-07-06 06:14:05.447258,in_scope,4155.23,1M,4120.0,4170.0,short,-0.425,Bearish,Direccional,resolved,validation,-1.0,2026-07-06 23:39:00,1M,17.4152,dentro,False,,0,P2-DISC,True,,,0.0,,0.0,,,,,,,,,,,,,,,,,,,
XAUUSD,d6300e0d-1c35-49bf-ab33-8424b6ab4fcb,2026-07-06 06:34:05.447258,2026-07-06 06:14:05.447258,in_scope,4155.23,1M,4120.0,4170.0,short,-0.425,Bearish,Direccional,resolved,validation,-1.0,2026-07-06 23:39:00,1M,17.4152,dentro,False,,0,2F-LOO,True,,1D=0 2H=0.5 1H=0 30M=0.25 5M=0.25,,,0.0,,,0.0,,,0.0,0.0,0.0,,0.0,,,,,,,,,
XAUUSD,aa45fe58-b7f3-4fdf-84f3-de1f6a58ae17,2026-07-07 06:34:09.766952,2026-07-07 06:14:09.766952,in_scope,4170.01,1M,4200.0,4120.0,long,0.275,Bullish,Direccional,resolved,invalidation,-1.0,2026-07-07 13:01:00,1M,6.7806,dentro,False,,0,A,True,,1W=0.3 1D=0.25 12H=0.2 4H=0.15 1H=0.1,-0.35000000000000003,-1.0,-1.0,1.0,0.0,-1.0,0.0,-1.0,,0.5,,,,1472.0,1168.0,1209.0,1369.0,,1958.0,,,
XAUUSD,aa45fe58-b7f3-4fdf-84f3-de1f6a58ae17,2026-07-07 06:34:09.766952,2026-07-07 06:14:09.766952,in_scope,4170.01,1M,4200.0,4120.0,long,0.275,Bullish,Direccional,resolved,invalidation,-1.0,2026-07-07 13:01:00,1M,6.7806,dentro,False,,0,B,True,,1W=0.15 1D=0.2 12H=0.3 4H=0.2 1H=0.15,-0.125,0.0,0.0,,0.0,0.0,0.0,-1.0,,0.5,,,,1472.0,1168.0,1209.0,1369.0,,1958.0,,,
XAUUSD,aa45fe58-b7f3-4fdf-84f3-de1f6a58ae17,2026-07-07 06:34:09.766952,2026-07-07 06:14:09.766952,in_scope,4170.01,1M,4200.0,4120.0,long,0.275,Bullish,Direccional,resolved,invalidation,-1.0,2026-07-07 13:01:00,1M,6.7806,dentro,False,,0,C,True,,1W=0.15 1D=0.2 12H=0.3 4H=0.2 1H=0.15,0.075,0.0,0.0,,0.0,0.0,0.0,0.0,,0.5,,,,1472.0,1168.0,1209.0,1369.0,,1958.0,,,
XAUUSD,aa45fe58-b7f3-4fdf-84f3-de1f6a58ae17,2026-07-07 06:34:09.766952,2026-07-07 06:14:09.766952,in_scope,4170.01,1M,4200.0,4120.0,long,0.275,Bullish,Direccional,resolved,invalidation,-1.0,2026-07-07 13:01:00,1M,6.7806,dentro,False,,0,D,True,,1W=0.08 1D=0.12 12H=0.17 4H=0.22 1H=0.26 30M=0.15,0.13,0.0,0.0,,0.0,0.0,0.0,0.0,,0.5,0.0,,,1472.0,1168.0,1209.0,1369.0,,1958.0,2934.0,,
XAUUSD,aa45fe58-b7f3-4fdf-84f3-de1f6a58ae17,2026-07-07 06:34:09.766952,2026-07-07 06:14:09.766952,in_scope,4170.01,1M,4200.0,4120.0,long,0.275,Bullish,Direccional,resolved,invalidation,-1.0,2026-07-07 13:01:00,1M,6.7806,dentro,False,,0,E,True,,1W=0.07 1D=0.1 12H=0.14 4H=0.19 1H=0.24 30M=0.16 15M=0.1,0.12,0.0,0.0,,0.0,0.0,0.0,0.0,,0.5,0.0,0.0,,1472.0,1168.0,1209.0,1369.0,,1958.0,2934.0,4698.0,
XAUUSD,aa45fe58-b7f3-4fdf-84f3-de1f6a58ae17,2026-07-07 06:34:09.766952,2026-07-07 06:14:09.766952,in_scope,4170.01,1M,4200.0,4120.0,long,0.275,Bullish,Direccional,resolved,invalidation,-1.0,2026-07-07 13:01:00,1M,6.7806,dentro,False,,0,F,True,,1W=0.09412 1D=0.1412 12H=0.2 4H=0.2588 1H=0.3059,0.15294117647058825,0.0,0.0,,0.0,0.0,0.0,0.0,,0.5,,,,1472.0,1168.0,1209.0,1369.0,,1958.0,,,
XAUUSD,aa45fe58-b7f3-4fdf-84f3-de1f6a58ae17,2026-07-07 06:34:09.766952,2026-07-07 06:14:09.766952,in_scope,4170.01,1M,4200.0,4120.0,long,0.275,Bullish,Direccional,resolved,invalidation,-1.0,2026-07-07 13:01:00,1M,6.7806,dentro,False,,0,G,True,,1W=0.1 1D=0.1 12H=0.1 4H=0.1 1H=0.2 30M=0.2 15M=0.2,0.1,0.0,0.0,,0.0,0.0,0.0,0.0,,0.5,0.0,0.0,,1472.0,1168.0,1209.0,1369.0,,1958.0,2934.0,4698.0,
XAUUSD,aa45fe58-b7f3-4fdf-84f3-de1f6a58ae17,2026-07-07 06:34:09.766952,2026-07-07 06:14:09.766952,in_scope,4170.01,1M,4200.0,4120.0,long,0.275,Bullish,Direccional,resolved,invalidation,-1.0,2026-07-07 13:01:00,1M,6.7806,dentro,False,,0,D-EQ,True,,1W=0.1667 1D=0.1667 12H=0.1667 4H=0.1667 1H=0.1667 30M=0.1667,0.08333333333333333,0.0,0.0,,0.0,0.0,0.0,0.0,,0.5,0.0,,,1472.0,1168.0,1209.0,1369.0,,1958.0,2934.0,,
XAUUSD,aa45fe58-b7f3-4fdf-84f3-de1f6a58ae17,2026-07-07 06:34:09.766952,2026-07-07 06:14:09.766952,in_scope,4170.01,1M,4200.0,4120.0,long,0.275,Bullish,Direccional,resolved,invalidation,-1.0,2026-07-07 13:01:00,1M,6.7806,dentro,False,,0,2A,True,,1D=0.2 2H=0.2 1H=0.2 30M=0.2 5M=0.2,0.1,0.0,0.0,,,0.0,,,0.0,0.5,0.0,,0.0,,1168.0,,,1604.0,1958.0,2934.0,,12139.0
XAUUSD,aa45fe58-b7f3-4fdf-84f3-de1f6a58ae17,2026-07-07 06:34:09.766952,2026-07-07 06:14:09.766952,in_scope,4170.01,1M,4200.0,4120.0,long,0.275,Bullish,Direccional,resolved,invalidation,-1.0,2026-07-07 13:01:00,1M,6.7806,dentro,False,,0,2B,True,,1D=0.1 2H=0.25 1H=0.25 30M=0.2 5M=0.2,0.125,0.0,0.0,,,0.0,,,0.0,0.5,0.0,,0.0,,1168.0,,,1604.0,1958.0,2934.0,,12139.0
XAUUSD,aa45fe58-b7f3-4fdf-84f3-de1f6a58ae17,2026-07-07 06:34:09.766952,2026-07-07 06:14:09.766952,in_scope,4170.01,1M,4200.0,4120.0,long,0.275,Bullish,Direccional,resolved,invalidation,-1.0,2026-07-07 13:01:00,1M,6.7806,dentro,False,,0,2C,True,,1D=0.2 2H=0.2 1H=0.2 30M=0.3 5M=0.1,0.1,0.0,0.0,,,0.0,,,0.0,0.5,0.0,,0.0,,1168.0,,,1604.0,1958.0,2934.0,,12139.0
XAUUSD,aa45fe58-b7f3-4fdf-84f3-de1f6a58ae17,2026-07-07 06:34:09.766952,2026-07-07 06:14:09.766952,in_scope,4170.01,1M,4200.0,4120.0,long,0.275,Bullish,Direccional,resolved,invalidation,-1.0,2026-07-07 13:01:00,1M,6.7806,dentro,False,,0,2D,True,,1D=0.15 2H=0.3 1H=0.25 30M=0.2 5M=0.1,0.125,0.0,0.0,,,0.0,,,0.0,0.5,0.0,,0.0,,1168.0,,,1604.0,1958.0,2934.0,,12139.0
XAUUSD,aa45fe58-b7f3-4fdf-84f3-de1f6a58ae17,2026-07-07 06:34:09.766952,2026-07-07 06:14:09.766952,in_scope,4170.01,1M,4200.0,4120.0,long,0.275,Bullish,Direccional,resolved,invalidation,-1.0,2026-07-07 13:01:00,1M,6.7806,dentro,False,,0,2E,True,,1D=0.1 2H=0.25 1H=0.3 30M=0.25 5M=0.1,0.15,0.0,0.0,,,0.0,,,0.0,0.5,0.0,,0.0,,1168.0,,,1604.0,1958.0,2934.0,,12139.0
XAUUSD,aa45fe58-b7f3-4fdf-84f3-de1f6a58ae17,2026-07-07 06:34:09.766952,2026-07-07 06:14:09.766952,in_scope,4170.01,1M,4200.0,4120.0,long,0.275,Bullish,Direccional,resolved,invalidation,-1.0,2026-07-07 13:01:00,1M,6.7806,dentro,False,,0,P2-DISC,True,,,0.0,,0.0,,,,,,,,,,,,,,,,,,,
XAUUSD,aa45fe58-b7f3-4fdf-84f3-de1f6a58ae17,2026-07-07 06:34:09.766952,2026-07-07 06:14:09.766952,in_scope,4170.01,1M,4200.0,4120.0,long,0.275,Bullish,Direccional,resolved,invalidation,-1.0,2026-07-07 13:01:00,1M,6.7806,dentro,False,,0,2F-LOO,True,,1D=0 2H=0.5 1H=0.5 30M=0 5M=0,,,1.0,0.0,,0.0,,,0.0,0.5,0.0,,0.0,,,,,,,,,
XAUUSD,45c7ffc0-4523-48e5-a542-b6dce424532f,2026-07-08 06:30:00.000000,,backdated,,,4030.0,4110.0,,-0.325,Bearish,Direccional,,,,,,,,,,-1,(fuera de alcance),,,,,,,,,,,,,,,,,,,,,,,,,
XAUUSD,f24b9653-ad3b-4eb0-9a78-badb9a64a09f,2026-07-09 05:30:00.000000,,backdated,,,4020.0,4140.0,,-0.625,Bearish,Direccional,,,,,,,,,,0,(fuera de alcance),,,,,,,,,,,,,,,,,,,,,,,,,
XAUUSD,7ae2bfe8-eccf-4bf7-ab12-a7e1532ec32e,2026-07-10 05:30:00.000000,,backdated,,,4080.92,4140.0,,-0.55,Bearish,Direccional,,,,,,,,,,0,(fuera de alcance),,,,,,,,,,,,,,,,,,,,,,,,,
XAUUSD,b867b660-07f5-4197-ab3a-da76d1f4d70b,2026-07-12 18:00:00.000000,,backdated,,,4054.0,4120.0,,-0.7,Bearish,Direccional,,,,,,,,,,-2,(fuera de alcance),,,,,,,,,,,,,,,,,,,,,,,,,
XAUUSD,79a818c1-d199-4d3f-a481-9587c3784e23,2026-07-13 05:30:00.000000,,backdated,,,4030.0,4093.0,,-0.45,Bearish,Direccional,,,,,,,,,,-1,(fuera de alcance),,,,,,,,,,,,,,,,,,,,,,,,,
XAUUSD,5e8fc526-d7a0-4029-9764-7e772371f355,2026-07-14 05:30:00.000000,,backdated,,,4056.0,3986.0,,0.15,Choppy / Neutral,Choppy,,,,,,,,,,0,(fuera de alcance),,,,,,,,,,,,,,,,,,,,,,,,,
XAUUSD,7e13e596-852f-45bf-a4cc-1020fb63ed3c,2026-07-20 07:03:21.908134,2026-07-20 06:43:21.908134,in_scope,4008.21,1M,3985.0,4045.0,short,-0.275,Bearish,Direccional,resolved,invalidation,1.0,2026-07-20 21:26:00,1M,14.7106,dentro,False,,0,A,True,,1W=0.3 1D=0.25 12H=0.2 4H=0.15 1H=0.1,-0.25,-1.0,-1.0,0.0,0.0,-1.0,-0.0,0.0,,0.0,,,,1474.0,1177.0,1227.0,1423.0,,2165.0,,,
XAUUSD,7e13e596-852f-45bf-a4cc-1020fb63ed3c,2026-07-20 07:03:21.908134,2026-07-20 06:43:21.908134,in_scope,4008.21,1M,3985.0,4045.0,short,-0.275,Bearish,Direccional,resolved,invalidation,1.0,2026-07-20 21:26:00,1M,14.7106,dentro,False,,0,B,True,,1W=0.15 1D=0.2 12H=0.3 4H=0.2 1H=0.15,0.0,0.0,0.0,,0.0,0.0,-0.0,0.0,,0.0,,,,1474.0,1177.0,1227.0,1423.0,,2165.0,,,
XAUUSD,7e13e596-852f-45bf-a4cc-1020fb63ed3c,2026-07-20 07:03:21.908134,2026-07-20 06:43:21.908134,in_scope,4008.21,1M,3985.0,4045.0,short,-0.275,Bearish,Direccional,resolved,invalidation,1.0,2026-07-20 21:26:00,1M,14.7106,dentro,False,,0,C,True,,1W=0.15 1D=0.2 12H=0.3 4H=0.2 1H=0.15,0.0,0.0,0.0,,0.0,0.0,-0.0,0.0,,0.0,,,,1474.0,1177.0,1227.0,1423.0,,2165.0,,,
XAUUSD,7e13e596-852f-45bf-a4cc-1020fb63ed3c,2026-07-20 07:03:21.908134,2026-07-20 06:43:21.908134,in_scope,4008.21,1M,3985.0,4045.0,short,-0.275,Bearish,Direccional,resolved,invalidation,1.0,2026-07-20 21:26:00,1M,14.7106,dentro,False,,0,D,True,,1W=0.08 1D=0.12 12H=0.17 4H=0.22 1H=0.26 30M=0.15,0.0,0.0,0.0,,0.0,0.0,-0.0,0.0,,0.0,0.0,,,1474.0,1177.0,1227.0,1423.0,,2165.0,3349.0,,
XAUUSD,7e13e596-852f-45bf-a4cc-1020fb63ed3c,2026-07-20 07:03:21.908134,2026-07-20 06:43:21.908134,in_scope,4008.21,1M,3985.0,4045.0,short,-0.275,Bearish,Direccional,resolved,invalidation,1.0,2026-07-20 21:26:00,1M,14.7106,dentro,False,,0,E,True,,1W=0.07 1D=0.1 12H=0.14 4H=0.19 1H=0.24 30M=0.16 15M=0.1,0.0,0.0,0.0,,0.0,0.0,-0.0,0.0,,0.0,0.0,0.0,,1474.0,1177.0,1227.0,1423.0,,2165.0,3349.0,5528.0,
XAUUSD,7e13e596-852f-45bf-a4cc-1020fb63ed3c,2026-07-20 07:03:21.908134,2026-07-20 06:43:21.908134,in_scope,4008.21,1M,3985.0,4045.0,short,-0.275,Bearish,Direccional,resolved,invalidation,1.0,2026-07-20 21:26:00,1M,14.7106,dentro,False,,0,F,True,,1W=0.09412 1D=0.1412 12H=0.2 4H=0.2588 1H=0.3059,0.0,0.0,0.0,,0.0,0.0,-0.0,0.0,,0.0,,,,1474.0,1177.0,1227.0,1423.0,,2165.0,,,
XAUUSD,7e13e596-852f-45bf-a4cc-1020fb63ed3c,2026-07-20 07:03:21.908134,2026-07-20 06:43:21.908134,in_scope,4008.21,1M,3985.0,4045.0,short,-0.275,Bearish,Direccional,resolved,invalidation,1.0,2026-07-20 21:26:00,1M,14.7106,dentro,False,,0,G,True,,1W=0.1 1D=0.1 12H=0.1 4H=0.1 1H=0.2 30M=0.2 15M=0.2,0.0,0.0,0.0,,0.0,0.0,-0.0,0.0,,0.0,0.0,0.0,,1474.0,1177.0,1227.0,1423.0,,2165.0,3349.0,5528.0,
XAUUSD,7e13e596-852f-45bf-a4cc-1020fb63ed3c,2026-07-20 07:03:21.908134,2026-07-20 06:43:21.908134,in_scope,4008.21,1M,3985.0,4045.0,short,-0.275,Bearish,Direccional,resolved,invalidation,1.0,2026-07-20 21:26:00,1M,14.7106,dentro,False,,0,D-EQ,True,,1W=0.1667 1D=0.1667 12H=0.1667 4H=0.1667 1H=0.1667 30M=0.1667,0.0,0.0,0.0,,0.0,0.0,-0.0,0.0,,0.0,0.0,,,1474.0,1177.0,1227.0,1423.0,,2165.0,3349.0,,
XAUUSD,7e13e596-852f-45bf-a4cc-1020fb63ed3c,2026-07-20 07:03:21.908134,2026-07-20 06:43:21.908134,in_scope,4008.21,1M,3985.0,4045.0,short,-0.275,Bearish,Direccional,resolved,invalidation,1.0,2026-07-20 21:26:00,1M,14.7106,dentro,False,,0,2A,True,,1D=0.2 2H=0.2 1H=0.2 30M=0.2 5M=0.2,0.0,0.0,0.0,,,0.0,,,0.0,0.0,0.0,,0.0,,1177.0,,,1712.0,2165.0,3349.0,,14629.0
XAUUSD,7e13e596-852f-45bf-a4cc-1020fb63ed3c,2026-07-20 07:03:21.908134,2026-07-20 06:43:21.908134,in_scope,4008.21,1M,3985.0,4045.0,short,-0.275,Bearish,Direccional,resolved,invalidation,1.0,2026-07-20 21:26:00,1M,14.7106,dentro,False,,0,2B,True,,1D=0.1 2H=0.25 1H=0.25 30M=0.2 5M=0.2,0.0,0.0,0.0,,,0.0,,,0.0,0.0,0.0,,0.0,,1177.0,,,1712.0,2165.0,3349.0,,14629.0
XAUUSD,7e13e596-852f-45bf-a4cc-1020fb63ed3c,2026-07-20 07:03:21.908134,2026-07-20 06:43:21.908134,in_scope,4008.21,1M,3985.0,4045.0,short,-0.275,Bearish,Direccional,resolved,invalidation,1.0,2026-07-20 21:26:00,1M,14.7106,dentro,False,,0,2C,True,,1D=0.2 2H=0.2 1H=0.2 30M=0.3 5M=0.1,0.0,0.0,0.0,,,0.0,,,0.0,0.0,0.0,,0.0,,1177.0,,,1712.0,2165.0,3349.0,,14629.0
XAUUSD,7e13e596-852f-45bf-a4cc-1020fb63ed3c,2026-07-20 07:03:21.908134,2026-07-20 06:43:21.908134,in_scope,4008.21,1M,3985.0,4045.0,short,-0.275,Bearish,Direccional,resolved,invalidation,1.0,2026-07-20 21:26:00,1M,14.7106,dentro,False,,0,2D,True,,1D=0.15 2H=0.3 1H=0.25 30M=0.2 5M=0.1,0.0,0.0,0.0,,,0.0,,,0.0,0.0,0.0,,0.0,,1177.0,,,1712.0,2165.0,3349.0,,14629.0
XAUUSD,7e13e596-852f-45bf-a4cc-1020fb63ed3c,2026-07-20 07:03:21.908134,2026-07-20 06:43:21.908134,in_scope,4008.21,1M,3985.0,4045.0,short,-0.275,Bearish,Direccional,resolved,invalidation,1.0,2026-07-20 21:26:00,1M,14.7106,dentro,False,,0,2E,True,,1D=0.1 2H=0.25 1H=0.3 30M=0.25 5M=0.1,0.0,0.0,0.0,,,0.0,,,0.0,0.0,0.0,,0.0,,1177.0,,,1712.0,2165.0,3349.0,,14629.0
XAUUSD,7e13e596-852f-45bf-a4cc-1020fb63ed3c,2026-07-20 07:03:21.908134,2026-07-20 06:43:21.908134,in_scope,4008.21,1M,3985.0,4045.0,short,-0.275,Bearish,Direccional,resolved,invalidation,1.0,2026-07-20 21:26:00,1M,14.7106,dentro,False,,0,P2-DISC,True,,,0.0,,0.0,,,,,,,,,,,,,,,,,,,
XAUUSD,7e13e596-852f-45bf-a4cc-1020fb63ed3c,2026-07-20 07:03:21.908134,2026-07-20 06:43:21.908134,in_scope,4008.21,1M,3985.0,4045.0,short,-0.275,Bearish,Direccional,resolved,invalidation,1.0,2026-07-20 21:26:00,1M,14.7106,dentro,False,,0,2F-LOO,True,,1D=0 2H=0.5 1H=0 30M=0.25 5M=0.25,,,0.0,,,0.0,,,0.0,0.0,0.0,,0.0,,,,,,,,,
XAUUSD,e2044e36-c869-4227-ad3b-1e44b4c1d5b7,2026-07-21 05:50:32.743594,2026-07-21 05:30:32.743594,in_scope,4058.11,1M,4100.0,4028.0,long,0.2,Choppy / Neutral,Choppy,resolved,validation,1.0,2026-07-21 18:30:00,1M,12.9909,dentro,False,,-1,A,True,,1W=0.3 1D=0.25 12H=0.2 4H=0.15 1H=0.1,-0.25,-1.0,-1.0,0.0,0.0,-1.0,0.0,0.0,,0.0,,,,1474.0,1178.0,1229.0,1429.0,,2187.0,,,
XAUUSD,e2044e36-c869-4227-ad3b-1e44b4c1d5b7,2026-07-21 05:50:32.743594,2026-07-21 05:30:32.743594,in_scope,4058.11,1M,4100.0,4028.0,long,0.2,Choppy / Neutral,Choppy,resolved,validation,1.0,2026-07-21 18:30:00,1M,12.9909,dentro,False,,-1,B,True,,1W=0.15 1D=0.2 12H=0.3 4H=0.2 1H=0.15,0.0,0.0,0.0,,0.0,0.0,0.0,0.0,,0.0,,,,1474.0,1178.0,1229.0,1429.0,,2187.0,,,
XAUUSD,e2044e36-c869-4227-ad3b-1e44b4c1d5b7,2026-07-21 05:50:32.743594,2026-07-21 05:30:32.743594,in_scope,4058.11,1M,4100.0,4028.0,long,0.2,Choppy / Neutral,Choppy,resolved,validation,1.0,2026-07-21 18:30:00,1M,12.9909,dentro,False,,-1,C,True,,1W=0.15 1D=0.2 12H=0.3 4H=0.2 1H=0.15,0.0,0.0,0.0,,0.0,0.0,0.0,0.0,,0.0,,,,1474.0,1178.0,1229.0,1429.0,,2187.0,,,
XAUUSD,e2044e36-c869-4227-ad3b-1e44b4c1d5b7,2026-07-21 05:50:32.743594,2026-07-21 05:30:32.743594,in_scope,4058.11,1M,4100.0,4028.0,long,0.2,Choppy / Neutral,Choppy,resolved,validation,1.0,2026-07-21 18:30:00,1M,12.9909,dentro,False,,-1,D,True,,1W=0.08 1D=0.12 12H=0.17 4H=0.22 1H=0.26 30M=0.15,0.0,0.0,0.0,,0.0,0.0,0.0,0.0,,0.0,0.0,,,1474.0,1178.0,1229.0,1429.0,,2187.0,3393.0,,
XAUUSD,e2044e36-c869-4227-ad3b-1e44b4c1d5b7,2026-07-21 05:50:32.743594,2026-07-21 05:30:32.743594,in_scope,4058.11,1M,4100.0,4028.0,long,0.2,Choppy / Neutral,Choppy,resolved,validation,1.0,2026-07-21 18:30:00,1M,12.9909,dentro,False,,-1,E,True,,1W=0.07 1D=0.1 12H=0.14 4H=0.19 1H=0.24 30M=0.16 15M=0.1,0.0,0.0,0.0,,0.0,0.0,0.0,0.0,,0.0,0.0,0.0,,1474.0,1178.0,1229.0,1429.0,,2187.0,3393.0,5616.0,
XAUUSD,e2044e36-c869-4227-ad3b-1e44b4c1d5b7,2026-07-21 05:50:32.743594,2026-07-21 05:30:32.743594,in_scope,4058.11,1M,4100.0,4028.0,long,0.2,Choppy / Neutral,Choppy,resolved,validation,1.0,2026-07-21 18:30:00,1M,12.9909,dentro,False,,-1,F,True,,1W=0.09412 1D=0.1412 12H=0.2 4H=0.2588 1H=0.3059,0.0,0.0,0.0,,0.0,0.0,0.0,0.0,,0.0,,,,1474.0,1178.0,1229.0,1429.0,,2187.0,,,
XAUUSD,e2044e36-c869-4227-ad3b-1e44b4c1d5b7,2026-07-21 05:50:32.743594,2026-07-21 05:30:32.743594,in_scope,4058.11,1M,4100.0,4028.0,long,0.2,Choppy / Neutral,Choppy,resolved,validation,1.0,2026-07-21 18:30:00,1M,12.9909,dentro,False,,-1,G,True,,1W=0.1 1D=0.1 12H=0.1 4H=0.1 1H=0.2 30M=0.2 15M=0.2,0.0,0.0,0.0,,0.0,0.0,0.0,0.0,,0.0,0.0,0.0,,1474.0,1178.0,1229.0,1429.0,,2187.0,3393.0,5616.0,
XAUUSD,e2044e36-c869-4227-ad3b-1e44b4c1d5b7,2026-07-21 05:50:32.743594,2026-07-21 05:30:32.743594,in_scope,4058.11,1M,4100.0,4028.0,long,0.2,Choppy / Neutral,Choppy,resolved,validation,1.0,2026-07-21 18:30:00,1M,12.9909,dentro,False,,-1,D-EQ,True,,1W=0.1667 1D=0.1667 12H=0.1667 4H=0.1667 1H=0.1667 30M=0.1667,0.0,0.0,0.0,,0.0,0.0,0.0,0.0,,0.0,0.0,,,1474.0,1178.0,1229.0,1429.0,,2187.0,3393.0,,
XAUUSD,e2044e36-c869-4227-ad3b-1e44b4c1d5b7,2026-07-21 05:50:32.743594,2026-07-21 05:30:32.743594,in_scope,4058.11,1M,4100.0,4028.0,long,0.2,Choppy / Neutral,Choppy,resolved,validation,1.0,2026-07-21 18:30:00,1M,12.9909,dentro,False,,-1,2A,True,,1D=0.2 2H=0.2 1H=0.2 30M=0.2 5M=0.2,0.0,0.0,0.0,,,0.0,,,0.0,0.0,0.0,,0.0,,1178.0,,,1724.0,2187.0,3393.0,,14891.0
XAUUSD,e2044e36-c869-4227-ad3b-1e44b4c1d5b7,2026-07-21 05:50:32.743594,2026-07-21 05:30:32.743594,in_scope,4058.11,1M,4100.0,4028.0,long,0.2,Choppy / Neutral,Choppy,resolved,validation,1.0,2026-07-21 18:30:00,1M,12.9909,dentro,False,,-1,2B,True,,1D=0.1 2H=0.25 1H=0.25 30M=0.2 5M=0.2,0.0,0.0,0.0,,,0.0,,,0.0,0.0,0.0,,0.0,,1178.0,,,1724.0,2187.0,3393.0,,14891.0
XAUUSD,e2044e36-c869-4227-ad3b-1e44b4c1d5b7,2026-07-21 05:50:32.743594,2026-07-21 05:30:32.743594,in_scope,4058.11,1M,4100.0,4028.0,long,0.2,Choppy / Neutral,Choppy,resolved,validation,1.0,2026-07-21 18:30:00,1M,12.9909,dentro,False,,-1,2C,True,,1D=0.2 2H=0.2 1H=0.2 30M=0.3 5M=0.1,0.0,0.0,0.0,,,0.0,,,0.0,0.0,0.0,,0.0,,1178.0,,,1724.0,2187.0,3393.0,,14891.0
XAUUSD,e2044e36-c869-4227-ad3b-1e44b4c1d5b7,2026-07-21 05:50:32.743594,2026-07-21 05:30:32.743594,in_scope,4058.11,1M,4100.0,4028.0,long,0.2,Choppy / Neutral,Choppy,resolved,validation,1.0,2026-07-21 18:30:00,1M,12.9909,dentro,False,,-1,2D,True,,1D=0.15 2H=0.3 1H=0.25 30M=0.2 5M=0.1,0.0,0.0,0.0,,,0.0,,,0.0,0.0,0.0,,0.0,,1178.0,,,1724.0,2187.0,3393.0,,14891.0
XAUUSD,e2044e36-c869-4227-ad3b-1e44b4c1d5b7,2026-07-21 05:50:32.743594,2026-07-21 05:30:32.743594,in_scope,4058.11,1M,4100.0,4028.0,long,0.2,Choppy / Neutral,Choppy,resolved,validation,1.0,2026-07-21 18:30:00,1M,12.9909,dentro,False,,-1,2E,True,,1D=0.1 2H=0.25 1H=0.3 30M=0.25 5M=0.1,0.0,0.0,0.0,,,0.0,,,0.0,0.0,0.0,,0.0,,1178.0,,,1724.0,2187.0,3393.0,,14891.0
XAUUSD,e2044e36-c869-4227-ad3b-1e44b4c1d5b7,2026-07-21 05:50:32.743594,2026-07-21 05:30:32.743594,in_scope,4058.11,1M,4100.0,4028.0,long,0.2,Choppy / Neutral,Choppy,resolved,validation,1.0,2026-07-21 18:30:00,1M,12.9909,dentro,False,,-1,P2-DISC,True,,,-1.0,,-1.0,0.0,,,,,,,,,,,,,,,,,,
XAUUSD,e2044e36-c869-4227-ad3b-1e44b4c1d5b7,2026-07-21 05:50:32.743594,2026-07-21 05:30:32.743594,in_scope,4058.11,1M,4100.0,4028.0,long,0.2,Choppy / Neutral,Choppy,resolved,validation,1.0,2026-07-21 18:30:00,1M,12.9909,dentro,False,,-1,2F-LOO,True,,1D=0 2H=0.5 1H=0 30M=0.25 5M=0.25,,,0.0,,,0.0,,,0.0,0.0,0.0,,0.0,,,,,,,,,
XAUUSD,db7de070-0d59-4ea5-84a1-0c49739e585d,2026-07-22 05:47:19.417505,2026-07-22 05:27:19.417505,in_scope,4117.76,1M,4080.0,4143.0,short,-0.3,Bearish,Direccional,resolved,invalidation,1.0,2026-07-22 07:31:00,1M,2.0613,dentro,False,,0,A,True,,1W=0.3 1D=0.25 12H=0.2 4H=0.15 1H=0.1,-0.15,0.0,0.0,,0.0,-1.0,0.0,0.0,,1.0,,,,1474.0,1179.0,1231.0,1435.0,,2210.0,,,
XAUUSD,db7de070-0d59-4ea5-84a1-0c49739e585d,2026-07-22 05:47:19.417505,2026-07-22 05:27:19.417505,in_scope,4117.76,1M,4080.0,4143.0,short,-0.3,Bearish,Direccional,resolved,invalidation,1.0,2026-07-22 07:31:00,1M,2.0613,dentro,False,,0,B,True,,1W=0.15 1D=0.2 12H=0.3 4H=0.2 1H=0.15,0.0,0.0,0.0,,0.0,0.0,0.0,0.0,,0.0,,,,1474.0,1179.0,1231.0,1435.0,,2210.0,,,
XAUUSD,db7de070-0d59-4ea5-84a1-0c49739e585d,2026-07-22 05:47:19.417505,2026-07-22 05:27:19.417505,in_scope,4117.76,1M,4080.0,4143.0,short,-0.3,Bearish,Direccional,resolved,invalidation,1.0,2026-07-22 07:31:00,1M,2.0613,dentro,False,,0,C,True,,1W=0.15 1D=0.2 12H=0.3 4H=0.2 1H=0.15,0.0,0.0,0.0,,0.0,0.0,0.0,0.0,,0.0,,,,1474.0,1179.0,1231.0,1435.0,,2210.0,,,
XAUUSD,db7de070-0d59-4ea5-84a1-0c49739e585d,2026-07-22 05:47:19.417505,2026-07-22 05:27:19.417505,in_scope,4117.76,1M,4080.0,4143.0,short,-0.3,Bearish,Direccional,resolved,invalidation,1.0,2026-07-22 07:31:00,1M,2.0613,dentro,False,,0,D,True,,1W=0.08 1D=0.12 12H=0.17 4H=0.22 1H=0.26 30M=0.15,0.15,0.0,0.0,,0.0,0.0,0.0,0.0,,0.0,1.0,,,1474.0,1179.0,1231.0,1435.0,,2210.0,3438.0,,
XAUUSD,db7de070-0d59-4ea5-84a1-0c49739e585d,2026-07-22 05:47:19.417505,2026-07-22 05:27:19.417505,in_scope,4117.76,1M,4080.0,4143.0,short,-0.3,Bearish,Direccional,resolved,invalidation,1.0,2026-07-22 07:31:00,1M,2.0613,dentro,False,,0,E,True,,1W=0.07 1D=0.1 12H=0.14 4H=0.19 1H=0.24 30M=0.16 15M=0.1,0.16,0.0,0.0,,0.0,0.0,0.0,0.0,,0.0,1.0,0.0,,1474.0,1179.0,1231.0,1435.0,,2210.0,3438.0,5707.0,
XAUUSD,db7de070-0d59-4ea5-84a1-0c49739e585d,2026-07-22 05:47:19.417505,2026-07-22 05:27:19.417505,in_scope,4117.76,1M,4080.0,4143.0,short,-0.3,Bearish,Direccional,resolved,invalidation,1.0,2026-07-22 07:31:00,1M,2.0613,dentro,False,,0,F,True,,1W=0.09412 1D=0.1412 12H=0.2 4H=0.2588 1H=0.3059,0.0,0.0,0.0,,0.0,0.0,0.0,0.0,,0.0,,,,1474.0,1179.0,1231.0,1435.0,,2210.0,,,
XAUUSD,db7de070-0d59-4ea5-84a1-0c49739e585d,2026-07-22 05:47:19.417505,2026-07-22 05:27:19.417505,in_scope,4117.76,1M,4080.0,4143.0,short,-0.3,Bearish,Direccional,resolved,invalidation,1.0,2026-07-22 07:31:00,1M,2.0613,dentro,False,,0,G,True,,1W=0.1 1D=0.1 12H=0.1 4H=0.1 1H=0.2 30M=0.2 15M=0.2,0.2,0.0,0.0,,0.0,0.0,0.0,0.0,,0.0,1.0,0.0,,1474.0,1179.0,1231.0,1435.0,,2210.0,3438.0,5707.0,
XAUUSD,db7de070-0d59-4ea5-84a1-0c49739e585d,2026-07-22 05:47:19.417505,2026-07-22 05:27:19.417505,in_scope,4117.76,1M,4080.0,4143.0,short,-0.3,Bearish,Direccional,resolved,invalidation,1.0,2026-07-22 07:31:00,1M,2.0613,dentro,False,,0,D-EQ,True,,1W=0.1667 1D=0.1667 12H=0.1667 4H=0.1667 1H=0.1667 30M=0.1667,0.16666666666666666,0.0,0.0,,0.0,0.0,0.0,0.0,,0.0,1.0,,,1474.0,1179.0,1231.0,1435.0,,2210.0,3438.0,,
XAUUSD,db7de070-0d59-4ea5-84a1-0c49739e585d,2026-07-22 05:47:19.417505,2026-07-22 05:27:19.417505,in_scope,4117.76,1M,4080.0,4143.0,short,-0.3,Bearish,Direccional,resolved,invalidation,1.0,2026-07-22 07:31:00,1M,2.0613,dentro,False,,0,2A,True,,1D=0.2 2H=0.2 1H=0.2 30M=0.2 5M=0.2,0.2,0.0,0.0,,,0.0,,,0.0,0.0,1.0,,0.0,,1179.0,,,1736.0,2210.0,3438.0,,15166.0
XAUUSD,db7de070-0d59-4ea5-84a1-0c49739e585d,2026-07-22 05:47:19.417505,2026-07-22 05:27:19.417505,in_scope,4117.76,1M,4080.0,4143.0,short,-0.3,Bearish,Direccional,resolved,invalidation,1.0,2026-07-22 07:31:00,1M,2.0613,dentro,False,,0,2B,True,,1D=0.1 2H=0.25 1H=0.25 30M=0.2 5M=0.2,0.2,0.0,0.0,,,0.0,,,0.0,0.0,1.0,,0.0,,1179.0,,,1736.0,2210.0,3438.0,,15166.0
XAUUSD,db7de070-0d59-4ea5-84a1-0c49739e585d,2026-07-22 05:47:19.417505,2026-07-22 05:27:19.417505,in_scope,4117.76,1M,4080.0,4143.0,short,-0.3,Bearish,Direccional,resolved,invalidation,1.0,2026-07-22 07:31:00,1M,2.0613,dentro,False,,0,2C,True,,1D=0.2 2H=0.2 1H=0.2 30M=0.3 5M=0.1,0.3,1.0,1.0,1.0,,0.0,,,0.0,0.0,1.0,,0.0,,1179.0,,,1736.0,2210.0,3438.0,,15166.0
XAUUSD,db7de070-0d59-4ea5-84a1-0c49739e585d,2026-07-22 05:47:19.417505,2026-07-22 05:27:19.417505,in_scope,4117.76,1M,4080.0,4143.0,short,-0.3,Bearish,Direccional,resolved,invalidation,1.0,2026-07-22 07:31:00,1M,2.0613,dentro,False,,0,2D,True,,1D=0.15 2H=0.3 1H=0.25 30M=0.2 5M=0.1,0.2,0.0,0.0,,,0.0,,,0.0,0.0,1.0,,0.0,,1179.0,,,1736.0,2210.0,3438.0,,15166.0
XAUUSD,db7de070-0d59-4ea5-84a1-0c49739e585d,2026-07-22 05:47:19.417505,2026-07-22 05:27:19.417505,in_scope,4117.76,1M,4080.0,4143.0,short,-0.3,Bearish,Direccional,resolved,invalidation,1.0,2026-07-22 07:31:00,1M,2.0613,dentro,False,,0,2E,True,,1D=0.1 2H=0.25 1H=0.3 30M=0.25 5M=0.1,0.25,1.0,1.0,1.0,,0.0,,,0.0,0.0,1.0,,0.0,,1179.0,,,1736.0,2210.0,3438.0,,15166.0
XAUUSD,db7de070-0d59-4ea5-84a1-0c49739e585d,2026-07-22 05:47:19.417505,2026-07-22 05:27:19.417505,in_scope,4117.76,1M,4080.0,4143.0,short,-0.3,Bearish,Direccional,resolved,invalidation,1.0,2026-07-22 07:31:00,1M,2.0613,dentro,False,,0,P2-DISC,True,,,0.0,,0.0,,,,,,,,,,,,,,,,,,,
XAUUSD,db7de070-0d59-4ea5-84a1-0c49739e585d,2026-07-22 05:47:19.417505,2026-07-22 05:27:19.417505,in_scope,4117.76,1M,4080.0,4143.0,short,-0.3,Bearish,Direccional,resolved,invalidation,1.0,2026-07-22 07:31:00,1M,2.0613,dentro,False,,0,2F-LOO,True,,1D=0 2H=0.5 1H=0.5 30M=0 5M=0,,,0.0,,,0.0,,,0.0,0.0,1.0,,0.0,,,,,,,,,
XAUUSD,38d0f2bb-c47c-4d20-8bfb-2e980b4ab027,2026-07-23 05:49:18.426690,,missing_levels,,,,,,-0.075,Choppy / Neutral,Choppy,,,,,,,,,,0,(fuera de alcance),,,,,,,,,,,,,,,,,,,,,,,,,
XAUUSD,4a166533-8ade-48a2-8001-fa258d7b9e8a,2026-07-24 06:20:01.820872,2026-07-24 06:00:01.820872,in_scope,4057.81,1M,4077.5,4030.0,long,0.15,Choppy / Neutral,Choppy,resolved,validation,1.0,2026-07-24 09:15:00,1M,3.2495,dentro,False,,0,A,True,,1W=0.3 1D=0.25 12H=0.2 4H=0.15 1H=0.1,-0.325,-1.0,-1.0,0.0,0.0,-1.0,-0.0,-0.5,,0.0,,,,1474.0,1181.0,1235.0,1447.0,,2257.0,,,
XAUUSD,4a166533-8ade-48a2-8001-fa258d7b9e8a,2026-07-24 06:20:01.820872,2026-07-24 06:00:01.820872,in_scope,4057.81,1M,4077.5,4030.0,long,0.15,Choppy / Neutral,Choppy,resolved,validation,1.0,2026-07-24 09:15:00,1M,3.2495,dentro,False,,0,B,True,,1W=0.15 1D=0.2 12H=0.3 4H=0.2 1H=0.15,-0.1,0.0,0.0,,0.0,0.0,-0.0,-0.5,,0.0,,,,1474.0,1181.0,1235.0,1447.0,,2257.0,,,
XAUUSD,4a166533-8ade-48a2-8001-fa258d7b9e8a,2026-07-24 06:20:01.820872,2026-07-24 06:00:01.820872,in_scope,4057.81,1M,4077.5,4030.0,long,0.15,Choppy / Neutral,Choppy,resolved,validation,1.0,2026-07-24 09:15:00,1M,3.2495,dentro,False,,0,C,True,,1W=0.15 1D=0.2 12H=0.3 4H=0.2 1H=0.15,-0.1,0.0,0.0,,0.0,0.0,-0.0,-0.5,,0.0,,,,1474.0,1181.0,1235.0,1447.0,,2257.0,,,
XAUUSD,4a166533-8ade-48a2-8001-fa258d7b9e8a,2026-07-24 06:20:01.820872,2026-07-24 06:00:01.820872,in_scope,4057.81,1M,4077.5,4030.0,long,0.15,Choppy / Neutral,Choppy,resolved,validation,1.0,2026-07-24 09:15:00,1M,3.2495,dentro,False,,0,D,True,,1W=0.08 1D=0.12 12H=0.17 4H=0.22 1H=0.26 30M=0.15,-0.11,0.0,0.0,,0.0,0.0,-0.0,-0.5,,0.0,0.0,,,1474.0,1181.0,1235.0,1447.0,,2257.0,3532.0,,
XAUUSD,4a166533-8ade-48a2-8001-fa258d7b9e8a,2026-07-24 06:20:01.820872,2026-07-24 06:00:01.820872,in_scope,4057.81,1M,4077.5,4030.0,long,0.15,Choppy / Neutral,Choppy,resolved,validation,1.0,2026-07-24 09:15:00,1M,3.2495,dentro,False,,0,E,True,,1W=0.07 1D=0.1 12H=0.14 4H=0.19 1H=0.24 30M=0.16 15M=0.1,-0.095,0.0,0.0,,0.0,0.0,-0.0,-0.5,,0.0,0.0,0.0,,1474.0,1181.0,1235.0,1447.0,,2257.0,3532.0,5894.0,
XAUUSD,4a166533-8ade-48a2-8001-fa258d7b9e8a,2026-07-24 06:20:01.820872,2026-07-24 06:00:01.820872,in_scope,4057.81,1M,4077.5,4030.0,long,0.15,Choppy / Neutral,Choppy,resolved,validation,1.0,2026-07-24 09:15:00,1M,3.2495,dentro,False,,0,F,True,,1W=0.09412 1D=0.1412 12H=0.2 4H=0.2588 1H=0.3059,-0.12941176470588237,0.0,0.0,,0.0,0.0,-0.0,-0.5,,0.0,,,,1474.0,1181.0,1235.0,1447.0,,2257.0,,,
XAUUSD,4a166533-8ade-48a2-8001-fa258d7b9e8a,2026-07-24 06:20:01.820872,2026-07-24 06:00:01.820872,in_scope,4057.81,1M,4077.5,4030.0,long,0.15,Choppy / Neutral,Choppy,resolved,validation,1.0,2026-07-24 09:15:00,1M,3.2495,dentro,False,,0,G,True,,1W=0.1 1D=0.1 12H=0.1 4H=0.1 1H=0.2 30M=0.2 15M=0.2,-0.05,0.0,0.0,,0.0,0.0,-0.0,-0.5,,0.0,0.0,0.0,,1474.0,1181.0,1235.0,1447.0,,2257.0,3532.0,5894.0,
XAUUSD,4a166533-8ade-48a2-8001-fa258d7b9e8a,2026-07-24 06:20:01.820872,2026-07-24 06:00:01.820872,in_scope,4057.81,1M,4077.5,4030.0,long,0.15,Choppy / Neutral,Choppy,resolved,validation,1.0,2026-07-24 09:15:00,1M,3.2495,dentro,False,,0,D-EQ,True,,1W=0.1667 1D=0.1667 12H=0.1667 4H=0.1667 1H=0.1667 30M=0.1667,-0.08333333333333333,0.0,0.0,,0.0,0.0,-0.0,-0.5,,0.0,0.0,,,1474.0,1181.0,1235.0,1447.0,,2257.0,3532.0,,
XAUUSD,4a166533-8ade-48a2-8001-fa258d7b9e8a,2026-07-24 06:20:01.820872,2026-07-24 06:00:01.820872,in_scope,4057.81,1M,4077.5,4030.0,long,0.15,Choppy / Neutral,Choppy,resolved,validation,1.0,2026-07-24 09:15:00,1M,3.2495,dentro,False,,0,2A,True,,1D=0.2 2H=0.2 1H=0.2 30M=0.2 5M=0.2,0.0,0.0,0.0,,,0.0,,,0.0,0.0,0.0,,0.0,,1181.0,,,1760.0,2257.0,3532.0,,15725.0
XAUUSD,4a166533-8ade-48a2-8001-fa258d7b9e8a,2026-07-24 06:20:01.820872,2026-07-24 06:00:01.820872,in_scope,4057.81,1M,4077.5,4030.0,long,0.15,Choppy / Neutral,Choppy,resolved,validation,1.0,2026-07-24 09:15:00,1M,3.2495,dentro,False,,0,2B,True,,1D=0.1 2H=0.25 1H=0.25 30M=0.2 5M=0.2,0.0,0.0,0.0,,,0.0,,,0.0,0.0,0.0,,0.0,,1181.0,,,1760.0,2257.0,3532.0,,15725.0
XAUUSD,4a166533-8ade-48a2-8001-fa258d7b9e8a,2026-07-24 06:20:01.820872,2026-07-24 06:00:01.820872,in_scope,4057.81,1M,4077.5,4030.0,long,0.15,Choppy / Neutral,Choppy,resolved,validation,1.0,2026-07-24 09:15:00,1M,3.2495,dentro,False,,0,2C,True,,1D=0.2 2H=0.2 1H=0.2 30M=0.3 5M=0.1,0.0,0.0,0.0,,,0.0,,,0.0,0.0,0.0,,0.0,,1181.0,,,1760.0,2257.0,3532.0,,15725.0
XAUUSD,4a166533-8ade-48a2-8001-fa258d7b9e8a,2026-07-24 06:20:01.820872,2026-07-24 06:00:01.820872,in_scope,4057.81,1M,4077.5,4030.0,long,0.15,Choppy / Neutral,Choppy,resolved,validation,1.0,2026-07-24 09:15:00,1M,3.2495,dentro,False,,0,2D,True,,1D=0.15 2H=0.3 1H=0.25 30M=0.2 5M=0.1,0.0,0.0,0.0,,,0.0,,,0.0,0.0,0.0,,0.0,,1181.0,,,1760.0,2257.0,3532.0,,15725.0
XAUUSD,4a166533-8ade-48a2-8001-fa258d7b9e8a,2026-07-24 06:20:01.820872,2026-07-24 06:00:01.820872,in_scope,4057.81,1M,4077.5,4030.0,long,0.15,Choppy / Neutral,Choppy,resolved,validation,1.0,2026-07-24 09:15:00,1M,3.2495,dentro,False,,0,2E,True,,1D=0.1 2H=0.25 1H=0.3 30M=0.25 5M=0.1,0.0,0.0,0.0,,,0.0,,,0.0,0.0,0.0,,0.0,,1181.0,,,1760.0,2257.0,3532.0,,15725.0
XAUUSD,4a166533-8ade-48a2-8001-fa258d7b9e8a,2026-07-24 06:20:01.820872,2026-07-24 06:00:01.820872,in_scope,4057.81,1M,4077.5,4030.0,long,0.15,Choppy / Neutral,Choppy,resolved,validation,1.0,2026-07-24 09:15:00,1M,3.2495,dentro,False,,0,P2-DISC,True,,,0.0,,0.0,,,,,,,,,,,,,,,,,,,
XAUUSD,4a166533-8ade-48a2-8001-fa258d7b9e8a,2026-07-24 06:20:01.820872,2026-07-24 06:00:01.820872,in_scope,4057.81,1M,4077.5,4030.0,long,0.15,Choppy / Neutral,Choppy,resolved,validation,1.0,2026-07-24 09:15:00,1M,3.2495,dentro,False,,0,2F-LOO,True,,1D=0 2H=0.5 1H=0 30M=0.25 5M=0.25,,,0.0,,,0.0,,,0.0,0.0,0.0,,0.0,,,,,,,,,
XAUUSD,85d8f20c-97a6-4e50-83d7-1164c5900f2f,2026-07-26 16:58:47.835334,2026-07-26 16:38:47.835334,in_scope,4092.25,1M,4120.0,4067.0,long,0.35,Bullish,Direccional,resolved,invalidation,-1.0,2026-07-27 08:30:00,1M,15.8534,dentro,True,2237dc83-055c-4626-be0a-c0b0aa5372d8,1,A,True,,1W=0.3 1D=0.25 12H=0.2 4H=0.15 1H=0.1,-0.35,-1.0,-1.0,1.0,0.0,-1.0,-0.0,-0.0,,-1.0,,,,1475.0,1182.0,1236.0,1450.0,,2266.0,,,
XAUUSD,85d8f20c-97a6-4e50-83d7-1164c5900f2f,2026-07-26 16:58:47.835334,2026-07-26 16:38:47.835334,in_scope,4092.25,1M,4120.0,4067.0,long,0.35,Bullish,Direccional,resolved,invalidation,-1.0,2026-07-27 08:30:00,1M,15.8534,dentro,True,2237dc83-055c-4626-be0a-c0b0aa5372d8,1,B,True,,1W=0.15 1D=0.2 12H=0.3 4H=0.2 1H=0.15,0.0,0.0,0.0,,0.0,0.0,-0.0,-0.0,,0.0,,,,1475.0,1182.0,1236.0,1450.0,,2266.0,,,
XAUUSD,85d8f20c-97a6-4e50-83d7-1164c5900f2f,2026-07-26 16:58:47.835334,2026-07-26 16:38:47.835334,in_scope,4092.25,1M,4120.0,4067.0,long,0.35,Bullish,Direccional,resolved,invalidation,-1.0,2026-07-27 08:30:00,1M,15.8534,dentro,True,2237dc83-055c-4626-be0a-c0b0aa5372d8,1,C,True,,1W=0.15 1D=0.2 12H=0.3 4H=0.2 1H=0.15,0.0,0.0,0.0,,0.0,0.0,0.0,0.0,,0.0,,,,1475.0,1182.0,1236.0,1450.0,,2266.0,,,
XAUUSD,85d8f20c-97a6-4e50-83d7-1164c5900f2f,2026-07-26 16:58:47.835334,2026-07-26 16:38:47.835334,in_scope,4092.25,1M,4120.0,4067.0,long,0.35,Bullish,Direccional,resolved,invalidation,-1.0,2026-07-27 08:30:00,1M,15.8534,dentro,True,2237dc83-055c-4626-be0a-c0b0aa5372d8,1,D,True,,1W=0.08 1D=0.12 12H=0.17 4H=0.22 1H=0.26 30M=0.15,0.0,0.0,0.0,,0.0,0.0,0.0,0.0,,0.0,0.0,,,1475.0,1182.0,1236.0,1450.0,,2266.0,3551.0,,
XAUUSD,85d8f20c-97a6-4e50-83d7-1164c5900f2f,2026-07-26 16:58:47.835334,2026-07-26 16:38:47.835334,in_scope,4092.25,1M,4120.0,4067.0,long,0.35,Bullish,Direccional,resolved,invalidation,-1.0,2026-07-27 08:30:00,1M,15.8534,dentro,True,2237dc83-055c-4626-be0a-c0b0aa5372d8,1,E,True,,1W=0.07 1D=0.1 12H=0.14 4H=0.19 1H=0.24 30M=0.16 15M=0.1,0.0,0.0,0.0,,0.0,0.0,0.0,0.0,,0.0,0.0,0.0,,1475.0,1182.0,1236.0,1450.0,,2266.0,3551.0,5932.0,
XAUUSD,85d8f20c-97a6-4e50-83d7-1164c5900f2f,2026-07-26 16:58:47.835334,2026-07-26 16:38:47.835334,in_scope,4092.25,1M,4120.0,4067.0,long,0.35,Bullish,Direccional,resolved,invalidation,-1.0,2026-07-27 08:30:00,1M,15.8534,dentro,True,2237dc83-055c-4626-be0a-c0b0aa5372d8,1,F,True,,1W=0.09412 1D=0.1412 12H=0.2 4H=0.2588 1H=0.3059,0.0,0.0,0.0,,0.0,0.0,0.0,0.0,,0.0,,,,1475.0,1182.0,1236.0,1450.0,,2266.0,,,
XAUUSD,85d8f20c-97a6-4e50-83d7-1164c5900f2f,2026-07-26 16:58:47.835334,2026-07-26 16:38:47.835334,in_scope,4092.25,1M,4120.0,4067.0,long,0.35,Bullish,Direccional,resolved,invalidation,-1.0,2026-07-27 08:30:00,1M,15.8534,dentro,True,2237dc83-055c-4626-be0a-c0b0aa5372d8,1,G,True,,1W=0.1 1D=0.1 12H=0.1 4H=0.1 1H=0.2 30M=0.2 15M=0.2,0.0,0.0,0.0,,0.0,0.0,0.0,0.0,,0.0,0.0,0.0,,1475.0,1182.0,1236.0,1450.0,,2266.0,3551.0,5932.0,
XAUUSD,85d8f20c-97a6-4e50-83d7-1164c5900f2f,2026-07-26 16:58:47.835334,2026-07-26 16:38:47.835334,in_scope,4092.25,1M,4120.0,4067.0,long,0.35,Bullish,Direccional,resolved,invalidation,-1.0,2026-07-27 08:30:00,1M,15.8534,dentro,True,2237dc83-055c-4626-be0a-c0b0aa5372d8,1,D-EQ,True,,1W=0.1667 1D=0.1667 12H=0.1667 4H=0.1667 1H=0.1667 30M=0.1667,0.0,0.0,0.0,,0.0,0.0,0.0,0.0,,0.0,0.0,,,1475.0,1182.0,1236.0,1450.0,,2266.0,3551.0,,
XAUUSD,85d8f20c-97a6-4e50-83d7-1164c5900f2f,2026-07-26 16:58:47.835334,2026-07-26 16:38:47.835334,in_scope,4092.25,1M,4120.0,4067.0,long,0.35,Bullish,Direccional,resolved,invalidation,-1.0,2026-07-27 08:30:00,1M,15.8534,dentro,True,2237dc83-055c-4626-be0a-c0b0aa5372d8,1,2A,True,,1D=0.2 2H=0.2 1H=0.2 30M=0.2 5M=0.2,0.1,0.0,0.0,,,0.0,,,-0.5,0.0,0.0,,1.0,,1182.0,,,1765.0,2266.0,3551.0,,15840.0
XAUUSD,85d8f20c-97a6-4e50-83d7-1164c5900f2f,2026-07-26 16:58:47.835334,2026-07-26 16:38:47.835334,in_scope,4092.25,1M,4120.0,4067.0,long,0.35,Bullish,Direccional,resolved,invalidation,-1.0,2026-07-27 08:30:00,1M,15.8534,dentro,True,2237dc83-055c-4626-be0a-c0b0aa5372d8,1,2B,True,,1D=0.1 2H=0.25 1H=0.25 30M=0.2 5M=0.2,0.07500000000000001,0.0,0.0,,,0.0,,,-0.5,0.0,0.0,,1.0,,1182.0,,,1765.0,2266.0,3551.0,,15840.0
XAUUSD,85d8f20c-97a6-4e50-83d7-1164c5900f2f,2026-07-26 16:58:47.835334,2026-07-26 16:38:47.835334,in_scope,4092.25,1M,4120.0,4067.0,long,0.35,Bullish,Direccional,resolved,invalidation,-1.0,2026-07-27 08:30:00,1M,15.8534,dentro,True,2237dc83-055c-4626-be0a-c0b0aa5372d8,1,2C,True,,1D=0.2 2H=0.2 1H=0.2 30M=0.3 5M=0.1,0.0,0.0,0.0,,,0.0,,,-0.5,0.0,0.0,,1.0,,1182.0,,,1765.0,2266.0,3551.0,,15840.0
XAUUSD,85d8f20c-97a6-4e50-83d7-1164c5900f2f,2026-07-26 16:58:47.835334,2026-07-26 16:38:47.835334,in_scope,4092.25,1M,4120.0,4067.0,long,0.35,Bullish,Direccional,resolved,invalidation,-1.0,2026-07-27 08:30:00,1M,15.8534,dentro,True,2237dc83-055c-4626-be0a-c0b0aa5372d8,1,2D,True,,1D=0.15 2H=0.3 1H=0.25 30M=0.2 5M=0.1,-0.04999999999999999,0.0,0.0,,,0.0,,,-0.5,0.0,0.0,,1.0,,1182.0,,,1765.0,2266.0,3551.0,,15840.0
XAUUSD,85d8f20c-97a6-4e50-83d7-1164c5900f2f,2026-07-26 16:58:47.835334,2026-07-26 16:38:47.835334,in_scope,4092.25,1M,4120.0,4067.0,long,0.35,Bullish,Direccional,resolved,invalidation,-1.0,2026-07-27 08:30:00,1M,15.8534,dentro,True,2237dc83-055c-4626-be0a-c0b0aa5372d8,1,2E,True,,1D=0.1 2H=0.25 1H=0.3 30M=0.25 5M=0.1,-0.024999999999999994,0.0,0.0,,,0.0,,,-0.5,0.0,0.0,,1.0,,1182.0,,,1765.0,2266.0,3551.0,,15840.0
XAUUSD,85d8f20c-97a6-4e50-83d7-1164c5900f2f,2026-07-26 16:58:47.835334,2026-07-26 16:38:47.835334,in_scope,4092.25,1M,4120.0,4067.0,long,0.35,Bullish,Direccional,resolved,invalidation,-1.0,2026-07-27 08:30:00,1M,15.8534,dentro,True,2237dc83-055c-4626-be0a-c0b0aa5372d8,1,P2-DISC,True,,,1.0,,1.0,0.0,,,,,,,,,,,,,,,,,,
XAUUSD,85d8f20c-97a6-4e50-83d7-1164c5900f2f,2026-07-26 16:58:47.835334,2026-07-26 16:38:47.835334,in_scope,4092.25,1M,4120.0,4067.0,long,0.35,Bullish,Direccional,resolved,invalidation,-1.0,2026-07-27 08:30:00,1M,15.8534,dentro,True,2237dc83-055c-4626-be0a-c0b0aa5372d8,1,2F-LOO,True,,1D=0 2H=0.5 1H=0 30M=0.25 5M=0.25,,,0.0,,,0.0,,,-0.5,0.0,0.0,,1.0,,,,,,,,,
XAUUSD,2237dc83-055c-4626-be0a-c0b0aa5372d8,2026-07-27 05:37:16.395782,2026-07-27 05:17:16.395782,in_scope,4101.65,1M,4079.0,4120.0,short,-0.15,Choppy / Neutral,Choppy,resolved,validation,-1.0,2026-07-27 07:28:00,1M,2.1788,dentro,False,,1,A,True,,1W=0.3 1D=0.25 12H=0.2 4H=0.15 1H=0.1,-0.15,0.0,0.0,,0.0,-1.0,0.0,0.0,,1.0,,,,1475.0,1182.0,1237.0,1453.0,,2279.0,,,
XAUUSD,2237dc83-055c-4626-be0a-c0b0aa5372d8,2026-07-27 05:37:16.395782,2026-07-27 05:17:16.395782,in_scope,4101.65,1M,4079.0,4120.0,short,-0.15,Choppy / Neutral,Choppy,resolved,validation,-1.0,2026-07-27 07:28:00,1M,2.1788,dentro,False,,1,B,True,,1W=0.15 1D=0.2 12H=0.3 4H=0.2 1H=0.15,0.15,0.0,0.0,,0.0,0.0,0.0,0.0,,1.0,,,,1475.0,1182.0,1237.0,1453.0,,2279.0,,,
XAUUSD,2237dc83-055c-4626-be0a-c0b0aa5372d8,2026-07-27 05:37:16.395782,2026-07-27 05:17:16.395782,in_scope,4101.65,1M,4079.0,4120.0,short,-0.15,Choppy / Neutral,Choppy,resolved,validation,-1.0,2026-07-27 07:28:00,1M,2.1788,dentro,False,,1,C,True,,1W=0.15 1D=0.2 12H=0.3 4H=0.2 1H=0.15,0.15,0.0,0.0,,0.0,0.0,0.0,0.0,,1.0,,,,1475.0,1182.0,1237.0,1453.0,,2279.0,,,
XAUUSD,2237dc83-055c-4626-be0a-c0b0aa5372d8,2026-07-27 05:37:16.395782,2026-07-27 05:17:16.395782,in_scope,4101.65,1M,4079.0,4120.0,short,-0.15,Choppy / Neutral,Choppy,resolved,validation,-1.0,2026-07-27 07:28:00,1M,2.1788,dentro,False,,1,D,True,,1W=0.08 1D=0.12 12H=0.17 4H=0.22 1H=0.26 30M=0.15,0.41000000000000003,1.0,1.0,0.0,0.0,0.0,0.0,0.0,,1.0,1.0,,,1475.0,1182.0,1237.0,1453.0,,2279.0,3576.0,,
XAUUSD,2237dc83-055c-4626-be0a-c0b0aa5372d8,2026-07-27 05:37:16.395782,2026-07-27 05:17:16.395782,in_scope,4101.65,1M,4079.0,4120.0,short,-0.15,Choppy / Neutral,Choppy,resolved,validation,-1.0,2026-07-27 07:28:00,1M,2.1788,dentro,False,,1,E,True,,1W=0.07 1D=0.1 12H=0.14 4H=0.19 1H=0.24 30M=0.16 15M=0.1,0.4,1.0,1.0,0.0,0.0,0.0,0.0,0.0,,1.0,1.0,0.0,,1475.0,1182.0,1237.0,1453.0,,2279.0,3576.0,5983.0,
XAUUSD,2237dc83-055c-4626-be0a-c0b0aa5372d8,2026-07-27 05:37:16.395782,2026-07-27 05:17:16.395782,in_scope,4101.65,1M,4079.0,4120.0,short,-0.15,Choppy / Neutral,Choppy,resolved,validation,-1.0,2026-07-27 07:28:00,1M,2.1788,dentro,False,,1,F,True,,1W=0.09412 1D=0.1412 12H=0.2 4H=0.2588 1H=0.3059,0.3058823529411765,1.0,1.0,0.0,0.0,0.0,0.0,0.0,,1.0,,,,1475.0,1182.0,1237.0,1453.0,,2279.0,,,
XAUUSD,2237dc83-055c-4626-be0a-c0b0aa5372d8,2026-07-27 05:37:16.395782,2026-07-27 05:17:16.395782,in_scope,4101.65,1M,4079.0,4120.0,short,-0.15,Choppy / Neutral,Choppy,resolved,validation,-1.0,2026-07-27 07:28:00,1M,2.1788,dentro,False,,1,G,True,,1W=0.1 1D=0.1 12H=0.1 4H=0.1 1H=0.2 30M=0.2 15M=0.2,0.4,1.0,1.0,0.0,0.0,0.0,0.0,0.0,,1.0,1.0,0.0,,1475.0,1182.0,1237.0,1453.0,,2279.0,3576.0,5983.0,
XAUUSD,2237dc83-055c-4626-be0a-c0b0aa5372d8,2026-07-27 05:37:16.395782,2026-07-27 05:17:16.395782,in_scope,4101.65,1M,4079.0,4120.0,short,-0.15,Choppy / Neutral,Choppy,resolved,validation,-1.0,2026-07-27 07:28:00,1M,2.1788,dentro,False,,1,D-EQ,True,,1W=0.1667 1D=0.1667 12H=0.1667 4H=0.1667 1H=0.1667 30M=0.1667,0.3333333333333333,1.0,1.0,0.0,0.0,0.0,0.0,0.0,,1.0,1.0,,,1475.0,1182.0,1237.0,1453.0,,2279.0,3576.0,,
XAUUSD,2237dc83-055c-4626-be0a-c0b0aa5372d8,2026-07-27 05:37:16.395782,2026-07-27 05:17:16.395782,in_scope,4101.65,1M,4079.0,4120.0,short,-0.15,Choppy / Neutral,Choppy,resolved,validation,-1.0,2026-07-27 07:28:00,1M,2.1788,dentro,False,,1,2A,True,,1D=0.2 2H=0.2 1H=0.2 30M=0.2 5M=0.2,0.4,1.0,1.0,0.0,,0.0,,,0.0,1.0,1.0,,0.0,,1182.0,,,1772.0,2279.0,3576.0,,15992.0
XAUUSD,2237dc83-055c-4626-be0a-c0b0aa5372d8,2026-07-27 05:37:16.395782,2026-07-27 05:17:16.395782,in_scope,4101.65,1M,4079.0,4120.0,short,-0.15,Choppy / Neutral,Choppy,resolved,validation,-1.0,2026-07-27 07:28:00,1M,2.1788,dentro,False,,1,2B,True,,1D=0.1 2H=0.25 1H=0.25 30M=0.2 5M=0.2,0.45,1.0,1.0,0.0,,0.0,,,0.0,1.0,1.0,,0.0,,1182.0,,,1772.0,2279.0,3576.0,,15992.0
XAUUSD,2237dc83-055c-4626-be0a-c0b0aa5372d8,2026-07-27 05:37:16.395782,2026-07-27 05:17:16.395782,in_scope,4101.65,1M,4079.0,4120.0,short,-0.15,Choppy / Neutral,Choppy,resolved,validation,-1.0,2026-07-27 07:28:00,1M,2.1788,dentro,False,,1,2C,True,,1D=0.2 2H=0.2 1H=0.2 30M=0.3 5M=0.1,0.5,1.0,1.0,0.0,,0.0,,,0.0,1.0,1.0,,0.0,,1182.0,,,1772.0,2279.0,3576.0,,15992.0
XAUUSD,2237dc83-055c-4626-be0a-c0b0aa5372d8,2026-07-27 05:37:16.395782,2026-07-27 05:17:16.395782,in_scope,4101.65,1M,4079.0,4120.0,short,-0.15,Choppy / Neutral,Choppy,resolved,validation,-1.0,2026-07-27 07:28:00,1M,2.1788,dentro,False,,1,2D,True,,1D=0.15 2H=0.3 1H=0.25 30M=0.2 5M=0.1,0.45,1.0,1.0,0.0,,0.0,,,0.0,1.0,1.0,,0.0,,1182.0,,,1772.0,2279.0,3576.0,,15992.0
XAUUSD,2237dc83-055c-4626-be0a-c0b0aa5372d8,2026-07-27 05:37:16.395782,2026-07-27 05:17:16.395782,in_scope,4101.65,1M,4079.0,4120.0,short,-0.15,Choppy / Neutral,Choppy,resolved,validation,-1.0,2026-07-27 07:28:00,1M,2.1788,dentro,False,,1,2E,True,,1D=0.1 2H=0.25 1H=0.3 30M=0.25 5M=0.1,0.55,1.0,1.0,0.0,,0.0,,,0.0,1.0,1.0,,0.0,,1182.0,,,1772.0,2279.0,3576.0,,15992.0
XAUUSD,2237dc83-055c-4626-be0a-c0b0aa5372d8,2026-07-27 05:37:16.395782,2026-07-27 05:17:16.395782,in_scope,4101.65,1M,4079.0,4120.0,short,-0.15,Choppy / Neutral,Choppy,resolved,validation,-1.0,2026-07-27 07:28:00,1M,2.1788,dentro,False,,1,P2-DISC,True,,,1.0,,1.0,0.0,,,,,,,,,,,,,,,,,,
XAUUSD,2237dc83-055c-4626-be0a-c0b0aa5372d8,2026-07-27 05:37:16.395782,2026-07-27 05:17:16.395782,in_scope,4101.65,1M,4079.0,4120.0,short,-0.15,Choppy / Neutral,Choppy,resolved,validation,-1.0,2026-07-27 07:28:00,1M,2.1788,dentro,False,,1,2F-LOO,True,,1D=0 2H=0.5 1H=0 30M=0.25 5M=0.25,,,1.0,0.0,,0.0,,,0.0,1.0,1.0,,0.0,,,,,,,,,
XAUUSD,82c1c17c-56d6-4158-90b3-332a7212bc4e,2026-07-27 09:09:16.152984,2026-07-27 08:49:16.152984,in_scope,4072.54,1M,4056.0,4100.0,short,-0.275,Bearish,Direccional,resolved,validation,-1.0,2026-07-27 19:00:00,1M,10.1788,dentro,False,,0,A,True,,1W=0.3 1D=0.25 12H=0.2 4H=0.15 1H=0.1,-0.25,-1.0,-1.0,1.0,0.0,-1.0,0.0,0.0,,0.0,,,,1475.0,1182.0,1237.0,1454.0,,2282.0,,,
XAUUSD,82c1c17c-56d6-4158-90b3-332a7212bc4e,2026-07-27 09:09:16.152984,2026-07-27 08:49:16.152984,in_scope,4072.54,1M,4056.0,4100.0,short,-0.275,Bearish,Direccional,resolved,validation,-1.0,2026-07-27 19:00:00,1M,10.1788,dentro,False,,0,B,True,,1W=0.15 1D=0.2 12H=0.3 4H=0.2 1H=0.15,0.0,0.0,0.0,,0.0,0.0,0.0,0.0,,0.0,,,,1475.0,1182.0,1237.0,1454.0,,2282.0,,,
XAUUSD,82c1c17c-56d6-4158-90b3-332a7212bc4e,2026-07-27 09:09:16.152984,2026-07-27 08:49:16.152984,in_scope,4072.54,1M,4056.0,4100.0,short,-0.275,Bearish,Direccional,resolved,validation,-1.0,2026-07-27 19:00:00,1M,10.1788,dentro,False,,0,C,True,,1W=0.15 1D=0.2 12H=0.3 4H=0.2 1H=0.15,0.0,0.0,0.0,,0.0,0.0,0.0,0.0,,0.0,,,,1475.0,1182.0,1237.0,1454.0,,2282.0,,,
XAUUSD,82c1c17c-56d6-4158-90b3-332a7212bc4e,2026-07-27 09:09:16.152984,2026-07-27 08:49:16.152984,in_scope,4072.54,1M,4056.0,4100.0,short,-0.275,Bearish,Direccional,resolved,validation,-1.0,2026-07-27 19:00:00,1M,10.1788,dentro,False,,0,D,True,,1W=0.08 1D=0.12 12H=0.17 4H=0.22 1H=0.26 30M=0.15,0.0,0.0,0.0,,0.0,0.0,0.0,0.0,,0.0,0.0,,,1475.0,1182.0,1237.0,1454.0,,2282.0,3583.0,,
XAUUSD,82c1c17c-56d6-4158-90b3-332a7212bc4e,2026-07-27 09:09:16.152984,2026-07-27 08:49:16.152984,in_scope,4072.54,1M,4056.0,4100.0,short,-0.275,Bearish,Direccional,resolved,validation,-1.0,2026-07-27 19:00:00,1M,10.1788,dentro,False,,0,E,True,,1W=0.07 1D=0.1 12H=0.14 4H=0.19 1H=0.24 30M=0.16 15M=0.1,0.0,0.0,0.0,,0.0,0.0,0.0,0.0,,0.0,0.0,0.0,,1475.0,1182.0,1237.0,1454.0,,2282.0,3583.0,5997.0,
XAUUSD,82c1c17c-56d6-4158-90b3-332a7212bc4e,2026-07-27 09:09:16.152984,2026-07-27 08:49:16.152984,in_scope,4072.54,1M,4056.0,4100.0,short,-0.275,Bearish,Direccional,resolved,validation,-1.0,2026-07-27 19:00:00,1M,10.1788,dentro,False,,0,F,True,,1W=0.09412 1D=0.1412 12H=0.2 4H=0.2588 1H=0.3059,0.0,0.0,0.0,,0.0,0.0,0.0,0.0,,0.0,,,,1475.0,1182.0,1237.0,1454.0,,2282.0,,,
XAUUSD,82c1c17c-56d6-4158-90b3-332a7212bc4e,2026-07-27 09:09:16.152984,2026-07-27 08:49:16.152984,in_scope,4072.54,1M,4056.0,4100.0,short,-0.275,Bearish,Direccional,resolved,validation,-1.0,2026-07-27 19:00:00,1M,10.1788,dentro,False,,0,G,True,,1W=0.1 1D=0.1 12H=0.1 4H=0.1 1H=0.2 30M=0.2 15M=0.2,0.0,0.0,0.0,,0.0,0.0,0.0,0.0,,0.0,0.0,0.0,,1475.0,1182.0,1237.0,1454.0,,2282.0,3583.0,5997.0,
XAUUSD,82c1c17c-56d6-4158-90b3-332a7212bc4e,2026-07-27 09:09:16.152984,2026-07-27 08:49:16.152984,in_scope,4072.54,1M,4056.0,4100.0,short,-0.275,Bearish,Direccional,resolved,validation,-1.0,2026-07-27 19:00:00,1M,10.1788,dentro,False,,0,D-EQ,True,,1W=0.1667 1D=0.1667 12H=0.1667 4H=0.1667 1H=0.1667 30M=0.1667,0.0,0.0,0.0,,0.0,0.0,0.0,0.0,,0.0,0.0,,,1475.0,1182.0,1237.0,1454.0,,2282.0,3583.0,,
XAUUSD,82c1c17c-56d6-4158-90b3-332a7212bc4e,2026-07-27 09:09:16.152984,2026-07-27 08:49:16.152984,in_scope,4072.54,1M,4056.0,4100.0,short,-0.275,Bearish,Direccional,resolved,validation,-1.0,2026-07-27 19:00:00,1M,10.1788,dentro,False,,0,2A,True,,1D=0.2 2H=0.2 1H=0.2 30M=0.2 5M=0.2,0.0,0.0,0.0,,,0.0,,,0.0,0.0,0.0,,0.0,,1182.0,,,1773.0,2282.0,3583.0,,16034.0
XAUUSD,82c1c17c-56d6-4158-90b3-332a7212bc4e,2026-07-27 09:09:16.152984,2026-07-27 08:49:16.152984,in_scope,4072.54,1M,4056.0,4100.0,short,-0.275,Bearish,Direccional,resolved,validation,-1.0,2026-07-27 19:00:00,1M,10.1788,dentro,False,,0,2B,True,,1D=0.1 2H=0.25 1H=0.25 30M=0.2 5M=0.2,0.0,0.0,0.0,,,0.0,,,0.0,0.0,0.0,,0.0,,1182.0,,,1773.0,2282.0,3583.0,,16034.0
XAUUSD,82c1c17c-56d6-4158-90b3-332a7212bc4e,2026-07-27 09:09:16.152984,2026-07-27 08:49:16.152984,in_scope,4072.54,1M,4056.0,4100.0,short,-0.275,Bearish,Direccional,resolved,validation,-1.0,2026-07-27 19:00:00,1M,10.1788,dentro,False,,0,2C,True,,1D=0.2 2H=0.2 1H=0.2 30M=0.3 5M=0.1,0.0,0.0,0.0,,,0.0,,,0.0,0.0,0.0,,0.0,,1182.0,,,1773.0,2282.0,3583.0,,16034.0
XAUUSD,82c1c17c-56d6-4158-90b3-332a7212bc4e,2026-07-27 09:09:16.152984,2026-07-27 08:49:16.152984,in_scope,4072.54,1M,4056.0,4100.0,short,-0.275,Bearish,Direccional,resolved,validation,-1.0,2026-07-27 19:00:00,1M,10.1788,dentro,False,,0,2D,True,,1D=0.15 2H=0.3 1H=0.25 30M=0.2 5M=0.1,0.0,0.0,0.0,,,0.0,,,0.0,0.0,0.0,,0.0,,1182.0,,,1773.0,2282.0,3583.0,,16034.0
XAUUSD,82c1c17c-56d6-4158-90b3-332a7212bc4e,2026-07-27 09:09:16.152984,2026-07-27 08:49:16.152984,in_scope,4072.54,1M,4056.0,4100.0,short,-0.275,Bearish,Direccional,resolved,validation,-1.0,2026-07-27 19:00:00,1M,10.1788,dentro,False,,0,2E,True,,1D=0.1 2H=0.25 1H=0.3 30M=0.25 5M=0.1,0.0,0.0,0.0,,,0.0,,,0.0,0.0,0.0,,0.0,,1182.0,,,1773.0,2282.0,3583.0,,16034.0
XAUUSD,82c1c17c-56d6-4158-90b3-332a7212bc4e,2026-07-27 09:09:16.152984,2026-07-27 08:49:16.152984,in_scope,4072.54,1M,4056.0,4100.0,short,-0.275,Bearish,Direccional,resolved,validation,-1.0,2026-07-27 19:00:00,1M,10.1788,dentro,False,,0,P2-DISC,True,,,0.0,,0.0,,,,,,,,,,,,,,,,,,,
XAUUSD,82c1c17c-56d6-4158-90b3-332a7212bc4e,2026-07-27 09:09:16.152984,2026-07-27 08:49:16.152984,in_scope,4072.54,1M,4056.0,4100.0,short,-0.275,Bearish,Direccional,resolved,validation,-1.0,2026-07-27 19:00:00,1M,10.1788,dentro,False,,0,2F,True,,1D=0.15 2H=0.6 1H=0 30M=0.2 5M=0.05,,,0.0,,,0.0,,,0.0,0.0,0.0,,0.0,,,,,,,,,
XAUUSD,82c1c17c-56d6-4158-90b3-332a7212bc4e,2026-07-27 09:09:16.152984,2026-07-27 08:49:16.152984,in_scope,4072.54,1M,4056.0,4100.0,short,-0.275,Bearish,Direccional,resolved,validation,-1.0,2026-07-27 19:00:00,1M,10.1788,dentro,False,,0,2F-LOO,True,,1D=0 2H=0.5 1H=0 30M=0.25 5M=0.25,,,0.0,,,0.0,,,0.0,0.0,0.0,,0.0,,,,,,,,,
XAUUSD,7afc4c20-cefb-4090-9cee-85ebdf1dda87,2026-07-28 05:46:33.232975,2026-07-28 05:26:33.232975,in_scope,4028.14,1M,4010.0,4080.0,short,-0.425,Bearish,Direccional,resolved,validation,-1.0,2026-07-29 06:30:00,1M,25.0574,dentro,False,,-1,A,True,,1W=0.3 1D=0.25 12H=0.2 4H=0.15 1H=0.1,-0.3,-1.0,-1.0,1.0,0.0,-1.0,-0.0,-0.0,,-0.5,,,,1475.0,1183.0,1239.0,1459.0,,2302.0,,,
XAUUSD,7afc4c20-cefb-4090-9cee-85ebdf1dda87,2026-07-28 05:46:33.232975,2026-07-28 05:26:33.232975,in_scope,4028.14,1M,4010.0,4080.0,short,-0.425,Bearish,Direccional,resolved,validation,-1.0,2026-07-29 06:30:00,1M,25.0574,dentro,False,,-1,B,True,,1W=0.15 1D=0.2 12H=0.3 4H=0.2 1H=0.15,0.0,0.0,0.0,,0.0,0.0,-0.0,-0.0,,0.0,,,,1475.0,1183.0,1239.0,1459.0,,2302.0,,,
XAUUSD,7afc4c20-cefb-4090-9cee-85ebdf1dda87,2026-07-28 05:46:33.232975,2026-07-28 05:26:33.232975,in_scope,4028.14,1M,4010.0,4080.0,short,-0.425,Bearish,Direccional,resolved,validation,-1.0,2026-07-29 06:30:00,1M,25.0574,dentro,False,,-1,C,True,,1W=0.15 1D=0.2 12H=0.3 4H=0.2 1H=0.15,0.0,0.0,0.0,,0.0,0.0,-0.0,-0.0,,0.0,,,,1475.0,1183.0,1239.0,1459.0,,2302.0,,,
XAUUSD,7afc4c20-cefb-4090-9cee-85ebdf1dda87,2026-07-28 05:46:33.232975,2026-07-28 05:26:33.232975,in_scope,4028.14,1M,4010.0,4080.0,short,-0.425,Bearish,Direccional,resolved,validation,-1.0,2026-07-29 06:30:00,1M,25.0574,dentro,False,,-1,D,True,,1W=0.08 1D=0.12 12H=0.17 4H=0.22 1H=0.26 30M=0.15,-0.15,0.0,0.0,,0.0,0.0,-0.0,-0.0,,0.0,-1.0,,,1475.0,1183.0,1239.0,1459.0,,2302.0,3622.0,,
XAUUSD,7afc4c20-cefb-4090-9cee-85ebdf1dda87,2026-07-28 05:46:33.232975,2026-07-28 05:26:33.232975,in_scope,4028.14,1M,4010.0,4080.0,short,-0.425,Bearish,Direccional,resolved,validation,-1.0,2026-07-29 06:30:00,1M,25.0574,dentro,False,,-1,E,True,,1W=0.07 1D=0.1 12H=0.14 4H=0.19 1H=0.24 30M=0.16 15M=0.1,-0.26,-1.0,-1.0,1.0,0.0,0.0,-0.0,-0.0,,0.0,-1.0,-1.0,,1475.0,1183.0,1239.0,1459.0,,2302.0,3622.0,6075.0,
XAUUSD,7afc4c20-cefb-4090-9cee-85ebdf1dda87,2026-07-28 05:46:33.232975,2026-07-28 05:26:33.232975,in_scope,4028.14,1M,4010.0,4080.0,short,-0.425,Bearish,Direccional,resolved,validation,-1.0,2026-07-29 06:30:00,1M,25.0574,dentro,False,,-1,F,True,,1W=0.09412 1D=0.1412 12H=0.2 4H=0.2588 1H=0.3059,0.0,0.0,0.0,,0.0,0.0,-0.0,-0.0,,0.0,,,,1475.0,1183.0,1239.0,1459.0,,2302.0,,,
XAUUSD,7afc4c20-cefb-4090-9cee-85ebdf1dda87,2026-07-28 05:46:33.232975,2026-07-28 05:26:33.232975,in_scope,4028.14,1M,4010.0,4080.0,short,-0.425,Bearish,Direccional,resolved,validation,-1.0,2026-07-29 06:30:00,1M,25.0574,dentro,False,,-1,G,True,,1W=0.1 1D=0.1 12H=0.1 4H=0.1 1H=0.2 30M=0.2 15M=0.2,-0.4,-1.0,-1.0,1.0,0.0,0.0,-0.0,-0.0,,0.0,-1.0,-1.0,,1475.0,1183.0,1239.0,1459.0,,2302.0,3622.0,6075.0,
XAUUSD,7afc4c20-cefb-4090-9cee-85ebdf1dda87,2026-07-28 05:46:33.232975,2026-07-28 05:26:33.232975,in_scope,4028.14,1M,4010.0,4080.0,short,-0.425,Bearish,Direccional,resolved,validation,-1.0,2026-07-29 06:30:00,1M,25.0574,dentro,False,,-1,D-EQ,True,,1W=0.1667 1D=0.1667 12H=0.1667 4H=0.1667 1H=0.1667 30M=0.1667,-0.16666666666666666,0.0,0.0,,0.0,0.0,-0.0,-0.0,,0.0,-1.0,,,1475.0,1183.0,1239.0,1459.0,,2302.0,3622.0,,
XAUUSD,7afc4c20-cefb-4090-9cee-85ebdf1dda87,2026-07-28 05:46:33.232975,2026-07-28 05:26:33.232975,in_scope,4028.14,1M,4010.0,4080.0,short,-0.425,Bearish,Direccional,resolved,validation,-1.0,2026-07-29 06:30:00,1M,25.0574,dentro,False,,-1,2A,True,,1D=0.2 2H=0.2 1H=0.2 30M=0.2 5M=0.2,-0.30000000000000004,-1.0,-1.0,1.0,,0.0,,,-0.5,0.0,-1.0,,0.0,,1183.0,,,1784.0,2302.0,3622.0,,16270.0
XAUUSD,7afc4c20-cefb-4090-9cee-85ebdf1dda87,2026-07-28 05:46:33.232975,2026-07-28 05:26:33.232975,in_scope,4028.14,1M,4010.0,4080.0,short,-0.425,Bearish,Direccional,resolved,validation,-1.0,2026-07-29 06:30:00,1M,25.0574,dentro,False,,-1,2B,True,,1D=0.1 2H=0.25 1H=0.25 30M=0.2 5M=0.2,-0.325,-1.0,-1.0,1.0,,0.0,,,-0.5,0.0,-1.0,,0.0,,1183.0,,,1784.0,2302.0,3622.0,,16270.0
XAUUSD,7afc4c20-cefb-4090-9cee-85ebdf1dda87,2026-07-28 05:46:33.232975,2026-07-28 05:26:33.232975,in_scope,4028.14,1M,4010.0,4080.0,short,-0.425,Bearish,Direccional,resolved,validation,-1.0,2026-07-29 06:30:00,1M,25.0574,dentro,False,,-1,2C,True,,1D=0.2 2H=0.2 1H=0.2 30M=0.3 5M=0.1,-0.4,-1.0,-1.0,1.0,,0.0,,,-0.5,0.0,-1.0,,0.0,,1183.0,,,1784.0,2302.0,3622.0,,16270.0
XAUUSD,7afc4c20-cefb-4090-9cee-85ebdf1dda87,2026-07-28 05:46:33.232975,2026-07-28 05:26:33.232975,in_scope,4028.14,1M,4010.0,4080.0,short,-0.425,Bearish,Direccional,resolved,validation,-1.0,2026-07-29 06:30:00,1M,25.0574,dentro,False,,-1,2D,True,,1D=0.15 2H=0.3 1H=0.25 30M=0.2 5M=0.1,-0.35,-1.0,-1.0,1.0,,0.0,,,-0.5,0.0,-1.0,,0.0,,1183.0,,,1784.0,2302.0,3622.0,,16270.0
XAUUSD,7afc4c20-cefb-4090-9cee-85ebdf1dda87,2026-07-28 05:46:33.232975,2026-07-28 05:26:33.232975,in_scope,4028.14,1M,4010.0,4080.0,short,-0.425,Bearish,Direccional,resolved,validation,-1.0,2026-07-29 06:30:00,1M,25.0574,dentro,False,,-1,2E,True,,1D=0.1 2H=0.25 1H=0.3 30M=0.25 5M=0.1,-0.375,-1.0,-1.0,1.0,,0.0,,,-0.5,0.0,-1.0,,0.0,,1183.0,,,1784.0,2302.0,3622.0,,16270.0
XAUUSD,7afc4c20-cefb-4090-9cee-85ebdf1dda87,2026-07-28 05:46:33.232975,2026-07-28 05:26:33.232975,in_scope,4028.14,1M,4010.0,4080.0,short,-0.425,Bearish,Direccional,resolved,validation,-1.0,2026-07-29 06:30:00,1M,25.0574,dentro,False,,-1,P2-DISC,True,,,-1.0,,-1.0,1.0,,,,,,,,,,,,,,,,,,
XAUUSD,7afc4c20-cefb-4090-9cee-85ebdf1dda87,2026-07-28 05:46:33.232975,2026-07-28 05:26:33.232975,in_scope,4028.14,1M,4010.0,4080.0,short,-0.425,Bearish,Direccional,resolved,validation,-1.0,2026-07-29 06:30:00,1M,25.0574,dentro,False,,-1,2F,True,,1D=0.15 2H=0.6 1H=0 30M=0.2 5M=0.05,,,-1.0,1.0,,0.0,,,-0.5,0.0,-1.0,,0.0,,,,,,,,,
XAUUSD,7afc4c20-cefb-4090-9cee-85ebdf1dda87,2026-07-28 05:46:33.232975,2026-07-28 05:26:33.232975,in_scope,4028.14,1M,4010.0,4080.0,short,-0.425,Bearish,Direccional,resolved,validation,-1.0,2026-07-29 06:30:00,1M,25.0574,dentro,False,,-1,2F-LOO,True,,1D=0 2H=0.5 1H=0 30M=0.25 5M=0.25,,,-1.0,1.0,,0.0,,,-0.5,0.0,-1.0,,0.0,,,,,,,,,
XAUUSD,1b9d7fc1-d014-4d04-93ca-3a4f0a997698,2026-07-30 05:42:21.308075,2026-07-30 05:22:21.308075,in_scope,4077.88,1M,4120.0,4020.0,long,0.325,Bullish,Direccional,resolved,validation,1.0,2026-07-30 08:01:00,1M,2.6441,dentro,False,,0,A,True,,1W=0.3 1D=0.25 12H=0.2 4H=0.15 1H=0.1,-0.25,-1.0,-1.0,0.0,0.0,-1.0,0.0,0.0,,0.0,,,,1475.0,1185.0,1243.0,1471.0,,2348.0,,,
XAUUSD,1b9d7fc1-d014-4d04-93ca-3a4f0a997698,2026-07-30 05:42:21.308075,2026-07-30 05:22:21.308075,in_scope,4077.88,1M,4120.0,4020.0,long,0.325,Bullish,Direccional,resolved,validation,1.0,2026-07-30 08:01:00,1M,2.6441,dentro,False,,0,B,True,,1W=0.15 1D=0.2 12H=0.3 4H=0.2 1H=0.15,0.0,0.0,0.0,,0.0,0.0,0.0,0.0,,0.0,,,,1475.0,1185.0,1243.0,1471.0,,2348.0,,,
XAUUSD,1b9d7fc1-d014-4d04-93ca-3a4f0a997698,2026-07-30 05:42:21.308075,2026-07-30 05:22:21.308075,in_scope,4077.88,1M,4120.0,4020.0,long,0.325,Bullish,Direccional,resolved,validation,1.0,2026-07-30 08:01:00,1M,2.6441,dentro,False,,0,C,True,,1W=0.15 1D=0.2 12H=0.3 4H=0.2 1H=0.15,0.0,0.0,0.0,,0.0,0.0,0.0,0.0,,0.0,,,,1475.0,1185.0,1243.0,1471.0,,2348.0,,,
XAUUSD,1b9d7fc1-d014-4d04-93ca-3a4f0a997698,2026-07-30 05:42:21.308075,2026-07-30 05:22:21.308075,in_scope,4077.88,1M,4120.0,4020.0,long,0.325,Bullish,Direccional,resolved,validation,1.0,2026-07-30 08:01:00,1M,2.6441,dentro,False,,0,D,True,,1W=0.08 1D=0.12 12H=0.17 4H=0.22 1H=0.26 30M=0.15,0.0,0.0,0.0,,0.0,0.0,0.0,0.0,,0.0,0.0,,,1475.0,1185.0,1243.0,1471.0,,2348.0,3714.0,,
XAUUSD,1b9d7fc1-d014-4d04-93ca-3a4f0a997698,2026-07-30 05:42:21.308075,2026-07-30 05:22:21.308075,in_scope,4077.88,1M,4120.0,4020.0,long,0.325,Bullish,Direccional,resolved,validation,1.0,2026-07-30 08:01:00,1M,2.6441,dentro,False,,0,E,True,,1W=0.07 1D=0.1 12H=0.14 4H=0.19 1H=0.24 30M=0.16 15M=0.1,0.05,0.0,0.0,,0.0,0.0,0.0,0.0,,0.0,0.0,0.5,,1475.0,1185.0,1243.0,1471.0,,2348.0,3714.0,6259.0,
XAUUSD,1b9d7fc1-d014-4d04-93ca-3a4f0a997698,2026-07-30 05:42:21.308075,2026-07-30 05:22:21.308075,in_scope,4077.88,1M,4120.0,4020.0,long,0.325,Bullish,Direccional,resolved,validation,1.0,2026-07-30 08:01:00,1M,2.6441,dentro,False,,0,F,True,,1W=0.09412 1D=0.1412 12H=0.2 4H=0.2588 1H=0.3059,0.0,0.0,0.0,,0.0,0.0,0.0,0.0,,0.0,,,,1475.0,1185.0,1243.0,1471.0,,2348.0,,,
XAUUSD,1b9d7fc1-d014-4d04-93ca-3a4f0a997698,2026-07-30 05:42:21.308075,2026-07-30 05:22:21.308075,in_scope,4077.88,1M,4120.0,4020.0,long,0.325,Bullish,Direccional,resolved,validation,1.0,2026-07-30 08:01:00,1M,2.6441,dentro,False,,0,G,True,,1W=0.1 1D=0.1 12H=0.1 4H=0.1 1H=0.2 30M=0.2 15M=0.2,0.1,0.0,0.0,,0.0,0.0,0.0,0.0,,0.0,0.0,0.5,,1475.0,1185.0,1243.0,1471.0,,2348.0,3714.0,6259.0,
XAUUSD,1b9d7fc1-d014-4d04-93ca-3a4f0a997698,2026-07-30 05:42:21.308075,2026-07-30 05:22:21.308075,in_scope,4077.88,1M,4120.0,4020.0,long,0.325,Bullish,Direccional,resolved,validation,1.0,2026-07-30 08:01:00,1M,2.6441,dentro,False,,0,D-EQ,True,,1W=0.1667 1D=0.1667 12H=0.1667 4H=0.1667 1H=0.1667 30M=0.1667,0.0,0.0,0.0,,0.0,0.0,0.0,0.0,,0.0,0.0,,,1475.0,1185.0,1243.0,1471.0,,2348.0,3714.0,,
XAUUSD,1b9d7fc1-d014-4d04-93ca-3a4f0a997698,2026-07-30 05:42:21.308075,2026-07-30 05:22:21.308075,in_scope,4077.88,1M,4120.0,4020.0,long,0.325,Bullish,Direccional,resolved,validation,1.0,2026-07-30 08:01:00,1M,2.6441,dentro,False,,0,2A,True,,1D=0.2 2H=0.2 1H=0.2 30M=0.2 5M=0.2,0.2,0.0,0.0,,,0.0,,,0.0,0.0,0.0,,1.0,,1185.0,,,1808.0,2348.0,3714.0,,16821.0
XAUUSD,1b9d7fc1-d014-4d04-93ca-3a4f0a997698,2026-07-30 05:42:21.308075,2026-07-30 05:22:21.308075,in_scope,4077.88,1M,4120.0,4020.0,long,0.325,Bullish,Direccional,resolved,validation,1.0,2026-07-30 08:01:00,1M,2.6441,dentro,False,,0,2B,True,,1D=0.1 2H=0.25 1H=0.25 30M=0.2 5M=0.2,0.2,0.0,0.0,,,0.0,,,0.0,0.0,0.0,,1.0,,1185.0,,,1808.0,2348.0,3714.0,,16821.0
XAUUSD,1b9d7fc1-d014-4d04-93ca-3a4f0a997698,2026-07-30 05:42:21.308075,2026-07-30 05:22:21.308075,in_scope,4077.88,1M,4120.0,4020.0,long,0.325,Bullish,Direccional,resolved,validation,1.0,2026-07-30 08:01:00,1M,2.6441,dentro,False,,0,2C,True,,1D=0.2 2H=0.2 1H=0.2 30M=0.3 5M=0.1,0.1,0.0,0.0,,,0.0,,,0.0,0.0,0.0,,1.0,,1185.0,,,1808.0,2348.0,3714.0,,16821.0
XAUUSD,1b9d7fc1-d014-4d04-93ca-3a4f0a997698,2026-07-30 05:42:21.308075,2026-07-30 05:22:21.308075,in_scope,4077.88,1M,4120.0,4020.0,long,0.325,Bullish,Direccional,resolved,validation,1.0,2026-07-30 08:01:00,1M,2.6441,dentro,False,,0,2D,True,,1D=0.15 2H=0.3 1H=0.25 30M=0.2 5M=0.1,0.1,0.0,0.0,,,0.0,,,0.0,0.0,0.0,,1.0,,1185.0,,,1808.0,2348.0,3714.0,,16821.0
XAUUSD,1b9d7fc1-d014-4d04-93ca-3a4f0a997698,2026-07-30 05:42:21.308075,2026-07-30 05:22:21.308075,in_scope,4077.88,1M,4120.0,4020.0,long,0.325,Bullish,Direccional,resolved,validation,1.0,2026-07-30 08:01:00,1M,2.6441,dentro,False,,0,2E,True,,1D=0.1 2H=0.25 1H=0.3 30M=0.25 5M=0.1,0.1,0.0,0.0,,,0.0,,,0.0,0.0,0.0,,1.0,,1185.0,,,1808.0,2348.0,3714.0,,16821.0
XAUUSD,1b9d7fc1-d014-4d04-93ca-3a4f0a997698,2026-07-30 05:42:21.308075,2026-07-30 05:22:21.308075,in_scope,4077.88,1M,4120.0,4020.0,long,0.325,Bullish,Direccional,resolved,validation,1.0,2026-07-30 08:01:00,1M,2.6441,dentro,False,,0,P2-DISC,True,,,0.0,,0.0,,,,,,,,,,,,,,,,,,,
XAUUSD,1b9d7fc1-d014-4d04-93ca-3a4f0a997698,2026-07-30 05:42:21.308075,2026-07-30 05:22:21.308075,in_scope,4077.88,1M,4120.0,4020.0,long,0.325,Bullish,Direccional,resolved,validation,1.0,2026-07-30 08:01:00,1M,2.6441,dentro,False,,0,2F,True,,1D=0.15 2H=0.6 1H=0 30M=0.2 5M=0.05,,,0.0,,,0.0,,,0.0,0.0,0.0,,1.0,,,,,,,,,
XAUUSD,1b9d7fc1-d014-4d04-93ca-3a4f0a997698,2026-07-30 05:42:21.308075,2026-07-30 05:22:21.308075,in_scope,4077.88,1M,4120.0,4020.0,long,0.325,Bullish,Direccional,resolved,validation,1.0,2026-07-30 08:01:00,1M,2.6441,dentro,False,,0,2F-LOO,True,,1D=0 2H=0.5 1H=0.5 30M=0 5M=0,,,0.0,,,0.0,,,0.0,0.0,0.0,,1.0,,,,,,,,,
XAUUSD,d74b6b37-b674-4867-895d-9d13115c3cb7,2026-07-31 05:58:58.550297,,missing_levels,,,,,,-0.025,Choppy / Neutral,Choppy,,,,,,,,,,0,(fuera de alcance),,,,,,,,,,,,,,,,,,,,,,,,,
XAUUSD,12e03eed-3899-4ace-ab35-e9ee659b0ea1,2026-08-02 18:31:53.777327,2026-08-02 18:11:53.777327,in_scope,4072.79,1M,4100.0,4035.0,long,0.125,Choppy / Neutral,Choppy,resolved,invalidation,-1.0,2026-08-03 07:20:00,1M,13.1351,dentro,True,d6318133-4c46-4384-a949-71382a39bead,0,A,True,,1W=0.3 1D=0.25 12H=0.2 4H=0.15 1H=0.1,-0.25,-1.0,-1.0,1.0,0.0,-1.0,-0.0,-0.0,,0.0,,,,1476.0,1187.0,1246.0,1480.0,,2383.0,,,
XAUUSD,12e03eed-3899-4ace-ab35-e9ee659b0ea1,2026-08-02 18:31:53.777327,2026-08-02 18:11:53.777327,in_scope,4072.79,1M,4100.0,4035.0,long,0.125,Choppy / Neutral,Choppy,resolved,invalidation,-1.0,2026-08-03 07:20:00,1M,13.1351,dentro,True,d6318133-4c46-4384-a949-71382a39bead,0,B,True,,1W=0.15 1D=0.2 12H=0.3 4H=0.2 1H=0.15,0.0,0.0,0.0,,0.0,0.0,-0.0,-0.0,,0.0,,,,1476.0,1187.0,1246.0,1480.0,,2383.0,,,
XAUUSD,12e03eed-3899-4ace-ab35-e9ee659b0ea1,2026-08-02 18:31:53.777327,2026-08-02 18:11:53.777327,in_scope,4072.79,1M,4100.0,4035.0,long,0.125,Choppy / Neutral,Choppy,resolved,invalidation,-1.0,2026-08-03 07:20:00,1M,13.1351,dentro,True,d6318133-4c46-4384-a949-71382a39bead,0,C,True,,1W=0.15 1D=0.2 12H=0.3 4H=0.2 1H=0.15,0.0,0.0,0.0,,0.0,0.0,0.0,-0.0,,0.0,,,,1476.0,1187.0,1246.0,1480.0,,2383.0,,,
XAUUSD,12e03eed-3899-4ace-ab35-e9ee659b0ea1,2026-08-02 18:31:53.777327,2026-08-02 18:11:53.777327,in_scope,4072.79,1M,4100.0,4035.0,long,0.125,Choppy / Neutral,Choppy,resolved,invalidation,-1.0,2026-08-03 07:20:00,1M,13.1351,dentro,True,d6318133-4c46-4384-a949-71382a39bead,0,D,True,,1W=0.08 1D=0.12 12H=0.17 4H=0.22 1H=0.26 30M=0.15,0.0,0.0,0.0,,0.0,0.0,0.0,-0.0,,0.0,0.0,,,1476.0,1187.0,1246.0,1480.0,,2383.0,3784.0,,
XAUUSD,12e03eed-3899-4ace-ab35-e9ee659b0ea1,2026-08-02 18:31:53.777327,2026-08-02 18:11:53.777327,in_scope,4072.79,1M,4100.0,4035.0,long,0.125,Choppy / Neutral,Choppy,resolved,invalidation,-1.0,2026-08-03 07:20:00,1M,13.1351,dentro,True,d6318133-4c46-4384-a949-71382a39bead,0,E,True,,1W=0.07 1D=0.1 12H=0.14 4H=0.19 1H=0.24 30M=0.16 15M=0.1,0.0,0.0,0.0,,0.0,0.0,0.0,-0.0,,0.0,0.0,0.0,,1476.0,1187.0,1246.0,1480.0,,2383.0,3784.0,6398.0,
XAUUSD,12e03eed-3899-4ace-ab35-e9ee659b0ea1,2026-08-02 18:31:53.777327,2026-08-02 18:11:53.777327,in_scope,4072.79,1M,4100.0,4035.0,long,0.125,Choppy / Neutral,Choppy,resolved,invalidation,-1.0,2026-08-03 07:20:00,1M,13.1351,dentro,True,d6318133-4c46-4384-a949-71382a39bead,0,F,True,,1W=0.09412 1D=0.1412 12H=0.2 4H=0.2588 1H=0.3059,0.0,0.0,0.0,,0.0,0.0,0.0,-0.0,,0.0,,,,1476.0,1187.0,1246.0,1480.0,,2383.0,,,
XAUUSD,12e03eed-3899-4ace-ab35-e9ee659b0ea1,2026-08-02 18:31:53.777327,2026-08-02 18:11:53.777327,in_scope,4072.79,1M,4100.0,4035.0,long,0.125,Choppy / Neutral,Choppy,resolved,invalidation,-1.0,2026-08-03 07:20:00,1M,13.1351,dentro,True,d6318133-4c46-4384-a949-71382a39bead,0,G,True,,1W=0.1 1D=0.1 12H=0.1 4H=0.1 1H=0.2 30M=0.2 15M=0.2,0.0,0.0,0.0,,0.0,0.0,0.0,-0.0,,0.0,0.0,0.0,,1476.0,1187.0,1246.0,1480.0,,2383.0,3784.0,6398.0,
XAUUSD,12e03eed-3899-4ace-ab35-e9ee659b0ea1,2026-08-02 18:31:53.777327,2026-08-02 18:11:53.777327,in_scope,4072.79,1M,4100.0,4035.0,long,0.125,Choppy / Neutral,Choppy,resolved,invalidation,-1.0,2026-08-03 07:20:00,1M,13.1351,dentro,True,d6318133-4c46-4384-a949-71382a39bead,0,D-EQ,True,,1W=0.1667 1D=0.1667 12H=0.1667 4H=0.1667 1H=0.1667 30M=0.1667,0.0,0.0,0.0,,0.0,0.0,0.0,-0.0,,0.0,0.0,,,1476.0,1187.0,1246.0,1480.0,,2383.0,3784.0,,
XAUUSD,12e03eed-3899-4ace-ab35-e9ee659b0ea1,2026-08-02 18:31:53.777327,2026-08-02 18:11:53.777327,in_scope,4072.79,1M,4100.0,4035.0,long,0.125,Choppy / Neutral,Choppy,resolved,invalidation,-1.0,2026-08-03 07:20:00,1M,13.1351,dentro,True,d6318133-4c46-4384-a949-71382a39bead,0,2A,True,,1D=0.2 2H=0.2 1H=0.2 30M=0.2 5M=0.2,0.0,0.0,0.0,,,0.0,,,0.0,0.0,0.0,,0.0,,1187.0,,,1826.0,2383.0,3784.0,,17239.0
XAUUSD,12e03eed-3899-4ace-ab35-e9ee659b0ea1,2026-08-02 18:31:53.777327,2026-08-02 18:11:53.777327,in_scope,4072.79,1M,4100.0,4035.0,long,0.125,Choppy / Neutral,Choppy,resolved,invalidation,-1.0,2026-08-03 07:20:00,1M,13.1351,dentro,True,d6318133-4c46-4384-a949-71382a39bead,0,2B,True,,1D=0.1 2H=0.25 1H=0.25 30M=0.2 5M=0.2,0.0,0.0,0.0,,,0.0,,,0.0,0.0,0.0,,0.0,,1187.0,,,1826.0,2383.0,3784.0,,17239.0
XAUUSD,12e03eed-3899-4ace-ab35-e9ee659b0ea1,2026-08-02 18:31:53.777327,2026-08-02 18:11:53.777327,in_scope,4072.79,1M,4100.0,4035.0,long,0.125,Choppy / Neutral,Choppy,resolved,invalidation,-1.0,2026-08-03 07:20:00,1M,13.1351,dentro,True,d6318133-4c46-4384-a949-71382a39bead,0,2C,True,,1D=0.2 2H=0.2 1H=0.2 30M=0.3 5M=0.1,0.0,0.0,0.0,,,0.0,,,0.0,0.0,0.0,,0.0,,1187.0,,,1826.0,2383.0,3784.0,,17239.0
XAUUSD,12e03eed-3899-4ace-ab35-e9ee659b0ea1,2026-08-02 18:31:53.777327,2026-08-02 18:11:53.777327,in_scope,4072.79,1M,4100.0,4035.0,long,0.125,Choppy / Neutral,Choppy,resolved,invalidation,-1.0,2026-08-03 07:20:00,1M,13.1351,dentro,True,d6318133-4c46-4384-a949-71382a39bead,0,2D,True,,1D=0.15 2H=0.3 1H=0.25 30M=0.2 5M=0.1,0.0,0.0,0.0,,,0.0,,,0.0,0.0,0.0,,0.0,,1187.0,,,1826.0,2383.0,3784.0,,17239.0
XAUUSD,12e03eed-3899-4ace-ab35-e9ee659b0ea1,2026-08-02 18:31:53.777327,2026-08-02 18:11:53.777327,in_scope,4072.79,1M,4100.0,4035.0,long,0.125,Choppy / Neutral,Choppy,resolved,invalidation,-1.0,2026-08-03 07:20:00,1M,13.1351,dentro,True,d6318133-4c46-4384-a949-71382a39bead,0,2E,True,,1D=0.1 2H=0.25 1H=0.3 30M=0.25 5M=0.1,0.0,0.0,0.0,,,0.0,,,0.0,0.0,0.0,,0.0,,1187.0,,,1826.0,2383.0,3784.0,,17239.0
XAUUSD,12e03eed-3899-4ace-ab35-e9ee659b0ea1,2026-08-02 18:31:53.777327,2026-08-02 18:11:53.777327,in_scope,4072.79,1M,4100.0,4035.0,long,0.125,Choppy / Neutral,Choppy,resolved,invalidation,-1.0,2026-08-03 07:20:00,1M,13.1351,dentro,True,d6318133-4c46-4384-a949-71382a39bead,0,P2-DISC,True,,,0.0,,0.0,,,,,,,,,,,,,,,,,,,
XAUUSD,12e03eed-3899-4ace-ab35-e9ee659b0ea1,2026-08-02 18:31:53.777327,2026-08-02 18:11:53.777327,in_scope,4072.79,1M,4100.0,4035.0,long,0.125,Choppy / Neutral,Choppy,resolved,invalidation,-1.0,2026-08-03 07:20:00,1M,13.1351,dentro,True,d6318133-4c46-4384-a949-71382a39bead,0,2F,True,,1D=0.15 2H=0.6 1H=0 30M=0.2 5M=0.05,,,0.0,,,0.0,,,0.0,0.0,0.0,,0.0,,,,,,,,,
XAUUSD,12e03eed-3899-4ace-ab35-e9ee659b0ea1,2026-08-02 18:31:53.777327,2026-08-02 18:11:53.777327,in_scope,4072.79,1M,4100.0,4035.0,long,0.125,Choppy / Neutral,Choppy,resolved,invalidation,-1.0,2026-08-03 07:20:00,1M,13.1351,dentro,True,d6318133-4c46-4384-a949-71382a39bead,0,2F-LOO,True,,1D=0 2H=0.5 1H=0 30M=0.25 5M=0.25,,,0.0,,,0.0,,,0.0,0.0,0.0,,0.0,,,,,,,,,
XAUUSD,d6318133-4c46-4384-a949-71382a39bead,2026-08-03 05:40:53.654814,2026-08-03 05:20:53.654814,in_scope,4047.89,1M,4028.0,4088.0,short,-0.275,Bearish,Direccional,resolved,validation,-1.0,2026-08-03 07:35:00,1M,2.2351,dentro,False,,0,A,True,,1W=0.3 1D=0.25 12H=0.2 4H=0.15 1H=0.1,-0.25,-1.0,-1.0,1.0,0.0,-1.0,-0.0,-0.0,,-0.0,,,,1476.0,1187.0,1247.0,1483.0,,2394.0,,,
XAUUSD,d6318133-4c46-4384-a949-71382a39bead,2026-08-03 05:40:53.654814,2026-08-03 05:20:53.654814,in_scope,4047.89,1M,4028.0,4088.0,short,-0.275,Bearish,Direccional,resolved,validation,-1.0,2026-08-03 07:35:00,1M,2.2351,dentro,False,,0,B,True,,1W=0.15 1D=0.2 12H=0.3 4H=0.2 1H=0.15,0.0,0.0,0.0,,0.0,0.0,-0.0,-0.0,,0.0,,,,1476.0,1187.0,1247.0,1483.0,,2394.0,,,
XAUUSD,d6318133-4c46-4384-a949-71382a39bead,2026-08-03 05:40:53.654814,2026-08-03 05:20:53.654814,in_scope,4047.89,1M,4028.0,4088.0,short,-0.275,Bearish,Direccional,resolved,validation,-1.0,2026-08-03 07:35:00,1M,2.2351,dentro,False,,0,C,True,,1W=0.15 1D=0.2 12H=0.3 4H=0.2 1H=0.15,0.0,0.0,0.0,,0.0,0.0,0.0,-0.0,,0.0,,,,1476.0,1187.0,1247.0,1483.0,,2394.0,,,
XAUUSD,d6318133-4c46-4384-a949-71382a39bead,2026-08-03 05:40:53.654814,2026-08-03 05:20:53.654814,in_scope,4047.89,1M,4028.0,4088.0,short,-0.275,Bearish,Direccional,resolved,validation,-1.0,2026-08-03 07:35:00,1M,2.2351,dentro,False,,0,D,True,,1W=0.08 1D=0.12 12H=0.17 4H=0.22 1H=0.26 30M=0.15,0.0,0.0,0.0,,0.0,0.0,0.0,-0.0,,0.0,0.0,,,1476.0,1187.0,1247.0,1483.0,,2394.0,3806.0,,
XAUUSD,d6318133-4c46-4384-a949-71382a39bead,2026-08-03 05:40:53.654814,2026-08-03 05:20:53.654814,in_scope,4047.89,1M,4028.0,4088.0,short,-0.275,Bearish,Direccional,resolved,validation,-1.0,2026-08-03 07:35:00,1M,2.2351,dentro,False,,0,E,True,,1W=0.07 1D=0.1 12H=0.14 4H=0.19 1H=0.24 30M=0.16 15M=0.1,-0.1,0.0,0.0,,0.0,0.0,0.0,-0.0,,0.0,0.0,-1.0,,1476.0,1187.0,1247.0,1483.0,,2394.0,3806.0,6443.0,
XAUUSD,d6318133-4c46-4384-a949-71382a39bead,2026-08-03 05:40:53.654814,2026-08-03 05:20:53.654814,in_scope,4047.89,1M,4028.0,4088.0,short,-0.275,Bearish,Direccional,resolved,validation,-1.0,2026-08-03 07:35:00,1M,2.2351,dentro,False,,0,F,True,,1W=0.09412 1D=0.1412 12H=0.2 4H=0.2588 1H=0.3059,0.0,0.0,0.0,,0.0,0.0,0.0,-0.0,,0.0,,,,1476.0,1187.0,1247.0,1483.0,,2394.0,,,
XAUUSD,d6318133-4c46-4384-a949-71382a39bead,2026-08-03 05:40:53.654814,2026-08-03 05:20:53.654814,in_scope,4047.89,1M,4028.0,4088.0,short,-0.275,Bearish,Direccional,resolved,validation,-1.0,2026-08-03 07:35:00,1M,2.2351,dentro,False,,0,G,True,,1W=0.1 1D=0.1 12H=0.1 4H=0.1 1H=0.2 30M=0.2 15M=0.2,-0.2,0.0,0.0,,0.0,0.0,0.0,-0.0,,0.0,0.0,-1.0,,1476.0,1187.0,1247.0,1483.0,,2394.0,3806.0,6443.0,
XAUUSD,d6318133-4c46-4384-a949-71382a39bead,2026-08-03 05:40:53.654814,2026-08-03 05:20:53.654814,in_scope,4047.89,1M,4028.0,4088.0,short,-0.275,Bearish,Direccional,resolved,validation,-1.0,2026-08-03 07:35:00,1M,2.2351,dentro,False,,0,D-EQ,True,,1W=0.1667 1D=0.1667 12H=0.1667 4H=0.1667 1H=0.1667 30M=0.1667,0.0,0.0,0.0,,0.0,0.0,0.0,-0.0,,0.0,0.0,,,1476.0,1187.0,1247.0,1483.0,,2394.0,3806.0,,
XAUUSD,d6318133-4c46-4384-a949-71382a39bead,2026-08-03 05:40:53.654814,2026-08-03 05:20:53.654814,in_scope,4047.89,1M,4028.0,4088.0,short,-0.275,Bearish,Direccional,resolved,validation,-1.0,2026-08-03 07:35:00,1M,2.2351,dentro,False,,0,2A,True,,1D=0.2 2H=0.2 1H=0.2 30M=0.2 5M=0.2,-0.2,0.0,0.0,,,0.0,,,-0.0,0.0,0.0,,-1.0,,1187.0,,,1832.0,2394.0,3806.0,,17373.0
XAUUSD,d6318133-4c46-4384-a949-71382a39bead,2026-08-03 05:40:53.654814,2026-08-03 05:20:53.654814,in_scope,4047.89,1M,4028.0,4088.0,short,-0.275,Bearish,Direccional,resolved,validation,-1.0,2026-08-03 07:35:00,1M,2.2351,dentro,False,,0,2B,True,,1D=0.1 2H=0.25 1H=0.25 30M=0.2 5M=0.2,-0.2,0.0,0.0,,,0.0,,,-0.0,0.0,0.0,,-1.0,,1187.0,,,1832.0,2394.0,3806.0,,17373.0
XAUUSD,d6318133-4c46-4384-a949-71382a39bead,2026-08-03 05:40:53.654814,2026-08-03 05:20:53.654814,in_scope,4047.89,1M,4028.0,4088.0,short,-0.275,Bearish,Direccional,resolved,validation,-1.0,2026-08-03 07:35:00,1M,2.2351,dentro,False,,0,2C,True,,1D=0.2 2H=0.2 1H=0.2 30M=0.3 5M=0.1,-0.1,0.0,0.0,,,0.0,,,-0.0,0.0,0.0,,-1.0,,1187.0,,,1832.0,2394.0,3806.0,,17373.0
XAUUSD,d6318133-4c46-4384-a949-71382a39bead,2026-08-03 05:40:53.654814,2026-08-03 05:20:53.654814,in_scope,4047.89,1M,4028.0,4088.0,short,-0.275,Bearish,Direccional,resolved,validation,-1.0,2026-08-03 07:35:00,1M,2.2351,dentro,False,,0,2D,True,,1D=0.15 2H=0.3 1H=0.25 30M=0.2 5M=0.1,-0.1,0.0,0.0,,,0.0,,,-0.0,0.0,0.0,,-1.0,,1187.0,,,1832.0,2394.0,3806.0,,17373.0
XAUUSD,d6318133-4c46-4384-a949-71382a39bead,2026-08-03 05:40:53.654814,2026-08-03 05:20:53.654814,in_scope,4047.89,1M,4028.0,4088.0,short,-0.275,Bearish,Direccional,resolved,validation,-1.0,2026-08-03 07:35:00,1M,2.2351,dentro,False,,0,2E,True,,1D=0.1 2H=0.25 1H=0.3 30M=0.25 5M=0.1,-0.1,0.0,0.0,,,0.0,,,-0.0,0.0,0.0,,-1.0,,1187.0,,,1832.0,2394.0,3806.0,,17373.0
XAUUSD,d6318133-4c46-4384-a949-71382a39bead,2026-08-03 05:40:53.654814,2026-08-03 05:20:53.654814,in_scope,4047.89,1M,4028.0,4088.0,short,-0.275,Bearish,Direccional,resolved,validation,-1.0,2026-08-03 07:35:00,1M,2.2351,dentro,False,,0,P2-DISC,True,,,0.0,,0.0,,,,,,,,,,,,,,,,,,,
XAUUSD,d6318133-4c46-4384-a949-71382a39bead,2026-08-03 05:40:53.654814,2026-08-03 05:20:53.654814,in_scope,4047.89,1M,4028.0,4088.0,short,-0.275,Bearish,Direccional,resolved,validation,-1.0,2026-08-03 07:35:00,1M,2.2351,dentro,False,,0,2F,True,,1D=0.15 2H=0.6 1H=0 30M=0.2 5M=0.05,,,0.0,,,0.0,,,-0.0,0.0,0.0,,-1.0,,,,,,,,,
XAUUSD,d6318133-4c46-4384-a949-71382a39bead,2026-08-03 05:40:53.654814,2026-08-03 05:20:53.654814,in_scope,4047.89,1M,4028.0,4088.0,short,-0.275,Bearish,Direccional,resolved,validation,-1.0,2026-08-03 07:35:00,1M,2.2351,dentro,False,,0,2F-LOO,True,,1D=0 2H=0.5 1H=0.5 30M=0 5M=0,,,0.0,,,0.0,,,-0.0,0.0,0.0,,-1.0,,,,,,,,,
XAUUSD,044acbd8-4a73-4ddc-a5b9-0a161af89489,2026-08-04 05:41:57.391534,2026-08-04 05:21:57.391534,in_scope,4056.49,1M,4087.0,4031.0,long,0.225,Choppy / Neutral,Choppy,resolved,validation,1.0,2026-08-04 07:23:00,1M,2.0174,dentro,False,,0,A,True,,1W=0.3 1D=0.25 12H=0.2 4H=0.15 1H=0.1,-0.25,-1.0,-1.0,0.0,0.0,-1.0,-0.0,-0.0,,-0.0,,,,1476.0,1188.0,1249.0,1489.0,,2417.0,,,
XAUUSD,044acbd8-4a73-4ddc-a5b9-0a161af89489,2026-08-04 05:41:57.391534,2026-08-04 05:21:57.391534,in_scope,4056.49,1M,4087.0,4031.0,long,0.225,Choppy / Neutral,Choppy,resolved,validation,1.0,2026-08-04 07:23:00,1M,2.0174,dentro,False,,0,B,True,,1W=0.15 1D=0.2 12H=0.3 4H=0.2 1H=0.15,0.0,0.0,0.0,,0.0,0.0,-0.0,-0.0,,-0.0,,,,1476.0,1188.0,1249.0,1489.0,,2417.0,,,
XAUUSD,044acbd8-4a73-4ddc-a5b9-0a161af89489,2026-08-04 05:41:57.391534,2026-08-04 05:21:57.391534,in_scope,4056.49,1M,4087.0,4031.0,long,0.225,Choppy / Neutral,Choppy,resolved,validation,1.0,2026-08-04 07:23:00,1M,2.0174,dentro,False,,0,C,True,,1W=0.15 1D=0.2 12H=0.3 4H=0.2 1H=0.15,0.0,0.0,0.0,,0.0,0.0,0.0,-0.0,,-0.0,,,,1476.0,1188.0,1249.0,1489.0,,2417.0,,,
XAUUSD,044acbd8-4a73-4ddc-a5b9-0a161af89489,2026-08-04 05:41:57.391534,2026-08-04 05:21:57.391534,in_scope,4056.49,1M,4087.0,4031.0,long,0.225,Choppy / Neutral,Choppy,resolved,validation,1.0,2026-08-04 07:23:00,1M,2.0174,dentro,False,,0,D,True,,1W=0.08 1D=0.12 12H=0.17 4H=0.22 1H=0.26 30M=0.15,0.0,0.0,0.0,,0.0,0.0,0.0,-0.0,,-0.0,0.0,,,1476.0,1188.0,1249.0,1489.0,,2417.0,3852.0,,
XAUUSD,044acbd8-4a73-4ddc-a5b9-0a161af89489,2026-08-04 05:41:57.391534,2026-08-04 05:21:57.391534,in_scope,4056.49,1M,4087.0,4031.0,long,0.225,Choppy / Neutral,Choppy,resolved,validation,1.0,2026-08-04 07:23:00,1M,2.0174,dentro,False,,0,E,True,,1W=0.07 1D=0.1 12H=0.14 4H=0.19 1H=0.24 30M=0.16 15M=0.1,0.0,0.0,0.0,,0.0,0.0,0.0,-0.0,,-0.0,0.0,0.0,,1476.0,1188.0,1249.0,1489.0,,2417.0,3852.0,6535.0,
XAUUSD,044acbd8-4a73-4ddc-a5b9-0a161af89489,2026-08-04 05:41:57.391534,2026-08-04 05:21:57.391534,in_scope,4056.49,1M,4087.0,4031.0,long,0.225,Choppy / Neutral,Choppy,resolved,validation,1.0,2026-08-04 07:23:00,1M,2.0174,dentro,False,,0,F,True,,1W=0.09412 1D=0.1412 12H=0.2 4H=0.2588 1H=0.3059,0.0,0.0,0.0,,0.0,0.0,0.0,-0.0,,-0.0,,,,1476.0,1188.0,1249.0,1489.0,,2417.0,,,
XAUUSD,044acbd8-4a73-4ddc-a5b9-0a161af89489,2026-08-04 05:41:57.391534,2026-08-04 05:21:57.391534,in_scope,4056.49,1M,4087.0,4031.0,long,0.225,Choppy / Neutral,Choppy,resolved,validation,1.0,2026-08-04 07:23:00,1M,2.0174,dentro,False,,0,G,True,,1W=0.1 1D=0.1 12H=0.1 4H=0.1 1H=0.2 30M=0.2 15M=0.2,0.0,0.0,0.0,,0.0,0.0,0.0,-0.0,,-0.0,0.0,0.0,,1476.0,1188.0,1249.0,1489.0,,2417.0,3852.0,6535.0,
XAUUSD,044acbd8-4a73-4ddc-a5b9-0a161af89489,2026-08-04 05:41:57.391534,2026-08-04 05:21:57.391534,in_scope,4056.49,1M,4087.0,4031.0,long,0.225,Choppy / Neutral,Choppy,resolved,validation,1.0,2026-08-04 07:23:00,1M,2.0174,dentro,False,,0,D-EQ,True,,1W=0.1667 1D=0.1667 12H=0.1667 4H=0.1667 1H=0.1667 30M=0.1667,0.0,0.0,0.0,,0.0,0.0,0.0,-0.0,,-0.0,0.0,,,1476.0,1188.0,1249.0,1489.0,,2417.0,3852.0,,
XAUUSD,044acbd8-4a73-4ddc-a5b9-0a161af89489,2026-08-04 05:41:57.391534,2026-08-04 05:21:57.391534,in_scope,4056.49,1M,4087.0,4031.0,long,0.225,Choppy / Neutral,Choppy,resolved,validation,1.0,2026-08-04 07:23:00,1M,2.0174,dentro,False,,0,2A,True,,1D=0.2 2H=0.2 1H=0.2 30M=0.2 5M=0.2,0.0,0.0,0.0,,,0.0,,,-0.0,-0.0,0.0,,0.0,,1188.0,,,1844.0,2417.0,3852.0,,17649.0
XAUUSD,044acbd8-4a73-4ddc-a5b9-0a161af89489,2026-08-04 05:41:57.391534,2026-08-04 05:21:57.391534,in_scope,4056.49,1M,4087.0,4031.0,long,0.225,Choppy / Neutral,Choppy,resolved,validation,1.0,2026-08-04 07:23:00,1M,2.0174,dentro,False,,0,2B,True,,1D=0.1 2H=0.25 1H=0.25 30M=0.2 5M=0.2,0.0,0.0,0.0,,,0.0,,,-0.0,-0.0,0.0,,0.0,,1188.0,,,1844.0,2417.0,3852.0,,17649.0
XAUUSD,044acbd8-4a73-4ddc-a5b9-0a161af89489,2026-08-04 05:41:57.391534,2026-08-04 05:21:57.391534,in_scope,4056.49,1M,4087.0,4031.0,long,0.225,Choppy / Neutral,Choppy,resolved,validation,1.0,2026-08-04 07:23:00,1M,2.0174,dentro,False,,0,2C,True,,1D=0.2 2H=0.2 1H=0.2 30M=0.3 5M=0.1,0.0,0.0,0.0,,,0.0,,,-0.0,-0.0,0.0,,0.0,,1188.0,,,1844.0,2417.0,3852.0,,17649.0
XAUUSD,044acbd8-4a73-4ddc-a5b9-0a161af89489,2026-08-04 05:41:57.391534,2026-08-04 05:21:57.391534,in_scope,4056.49,1M,4087.0,4031.0,long,0.225,Choppy / Neutral,Choppy,resolved,validation,1.0,2026-08-04 07:23:00,1M,2.0174,dentro,False,,0,2D,True,,1D=0.15 2H=0.3 1H=0.25 30M=0.2 5M=0.1,0.0,0.0,0.0,,,0.0,,,-0.0,-0.0,0.0,,0.0,,1188.0,,,1844.0,2417.0,3852.0,,17649.0
XAUUSD,044acbd8-4a73-4ddc-a5b9-0a161af89489,2026-08-04 05:41:57.391534,2026-08-04 05:21:57.391534,in_scope,4056.49,1M,4087.0,4031.0,long,0.225,Choppy / Neutral,Choppy,resolved,validation,1.0,2026-08-04 07:23:00,1M,2.0174,dentro,False,,0,2E,True,,1D=0.1 2H=0.25 1H=0.3 30M=0.25 5M=0.1,0.0,0.0,0.0,,,0.0,,,-0.0,-0.0,0.0,,0.0,,1188.0,,,1844.0,2417.0,3852.0,,17649.0
XAUUSD,044acbd8-4a73-4ddc-a5b9-0a161af89489,2026-08-04 05:41:57.391534,2026-08-04 05:21:57.391534,in_scope,4056.49,1M,4087.0,4031.0,long,0.225,Choppy / Neutral,Choppy,resolved,validation,1.0,2026-08-04 07:23:00,1M,2.0174,dentro,False,,0,P2-DISC,True,,,0.0,,0.0,,,,,,,,,,,,,,,,,,,
XAUUSD,044acbd8-4a73-4ddc-a5b9-0a161af89489,2026-08-04 05:41:57.391534,2026-08-04 05:21:57.391534,in_scope,4056.49,1M,4087.0,4031.0,long,0.225,Choppy / Neutral,Choppy,resolved,validation,1.0,2026-08-04 07:23:00,1M,2.0174,dentro,False,,0,2F,True,,1D=0.15 2H=0.6 1H=0 30M=0.2 5M=0.05,,,0.0,,,0.0,,,-0.0,-0.0,0.0,,0.0,,,,,,,,,
XAUUSD,044acbd8-4a73-4ddc-a5b9-0a161af89489,2026-08-04 05:41:57.391534,2026-08-04 05:21:57.391534,in_scope,4056.49,1M,4087.0,4031.0,long,0.225,Choppy / Neutral,Choppy,resolved,validation,1.0,2026-08-04 07:23:00,1M,2.0174,dentro,False,,0,2F-LOO,True,,1D=0 2H=0.5 1H=0 30M=0.25 5M=0.25,,,0.0,,,0.0,,,-0.0,-0.0,0.0,,0.0,,,,,,,,,
XAUUSD,f39137a2-60c9-4053-afff-d09e0f20233b,2026-08-05 05:38:26.053674,2026-08-05 05:18:26.053674,in_scope,4171.26,1M,4230.0,4157.0,long,0.275,Bullish,Direccional,resolved,validation,1.0,2026-08-05 08:10:00,1M,2.8594,dentro,False,,0,A,True,,1W=0.3 1D=0.25 12H=0.2 4H=0.15 1H=0.1,0.1,0.0,0.0,,0.0,0.0,0.0,0.0,,1.0,,,,1476.0,1189.0,1251.0,1495.0,,2440.0,,,
XAUUSD,f39137a2-60c9-4053-afff-d09e0f20233b,2026-08-05 05:38:26.053674,2026-08-05 05:18:26.053674,in_scope,4171.26,1M,4230.0,4157.0,long,0.275,Bullish,Direccional,resolved,validation,1.0,2026-08-05 08:10:00,1M,2.8594,dentro,False,,0,B,True,,1W=0.15 1D=0.2 12H=0.3 4H=0.2 1H=0.15,0.15,0.0,0.0,,0.0,0.0,0.0,0.0,,1.0,,,,1476.0,1189.0,1251.0,1495.0,,2440.0,,,
XAUUSD,f39137a2-60c9-4053-afff-d09e0f20233b,2026-08-05 05:38:26.053674,2026-08-05 05:18:26.053674,in_scope,4171.26,1M,4230.0,4157.0,long,0.275,Bullish,Direccional,resolved,validation,1.0,2026-08-05 08:10:00,1M,2.8594,dentro,False,,0,C,True,,1W=0.15 1D=0.2 12H=0.3 4H=0.2 1H=0.15,0.15,0.0,0.0,,0.0,0.0,0.0,0.0,,1.0,,,,1476.0,1189.0,1251.0,1495.0,,2440.0,,,
XAUUSD,f39137a2-60c9-4053-afff-d09e0f20233b,2026-08-05 05:38:26.053674,2026-08-05 05:18:26.053674,in_scope,4171.26,1M,4230.0,4157.0,long,0.275,Bullish,Direccional,resolved,validation,1.0,2026-08-05 08:10:00,1M,2.8594,dentro,False,,0,D,True,,1W=0.08 1D=0.12 12H=0.17 4H=0.22 1H=0.26 30M=0.15,0.41000000000000003,1.0,1.0,1.0,0.0,0.0,0.0,0.0,,1.0,1.0,,,1476.0,1189.0,1251.0,1495.0,,2440.0,3898.0,,
XAUUSD,f39137a2-60c9-4053-afff-d09e0f20233b,2026-08-05 05:38:26.053674,2026-08-05 05:18:26.053674,in_scope,4171.26,1M,4230.0,4157.0,long,0.275,Bullish,Direccional,resolved,validation,1.0,2026-08-05 08:10:00,1M,2.8594,dentro,False,,0,E,True,,1W=0.07 1D=0.1 12H=0.14 4H=0.19 1H=0.24 30M=0.16 15M=0.1,0.5,1.0,1.0,1.0,0.0,0.0,0.0,0.0,,1.0,1.0,1.0,,1476.0,1189.0,1251.0,1495.0,,2440.0,3898.0,6627.0,
XAUUSD,f39137a2-60c9-4053-afff-d09e0f20233b,2026-08-05 05:38:26.053674,2026-08-05 05:18:26.053674,in_scope,4171.26,1M,4230.0,4157.0,long,0.275,Bullish,Direccional,resolved,validation,1.0,2026-08-05 08:10:00,1M,2.8594,dentro,False,,0,F,True,,1W=0.09412 1D=0.1412 12H=0.2 4H=0.2588 1H=0.3059,0.3058823529411765,1.0,1.0,1.0,0.0,0.0,0.0,0.0,,1.0,,,,1476.0,1189.0,1251.0,1495.0,,2440.0,,,
XAUUSD,f39137a2-60c9-4053-afff-d09e0f20233b,2026-08-05 05:38:26.053674,2026-08-05 05:18:26.053674,in_scope,4171.26,1M,4230.0,4157.0,long,0.275,Bullish,Direccional,resolved,validation,1.0,2026-08-05 08:10:00,1M,2.8594,dentro,False,,0,G,True,,1W=0.1 1D=0.1 12H=0.1 4H=0.1 1H=0.2 30M=0.2 15M=0.2,0.6000000000000001,1.0,1.0,1.0,0.0,0.0,0.0,0.0,,1.0,1.0,1.0,,1476.0,1189.0,1251.0,1495.0,,2440.0,3898.0,6627.0,
XAUUSD,f39137a2-60c9-4053-afff-d09e0f20233b,2026-08-05 05:38:26.053674,2026-08-05 05:18:26.053674,in_scope,4171.26,1M,4230.0,4157.0,long,0.275,Bullish,Direccional,resolved,validation,1.0,2026-08-05 08:10:00,1M,2.8594,dentro,False,,0,D-EQ,True,,1W=0.1667 1D=0.1667 12H=0.1667 4H=0.1667 1H=0.1667 30M=0.1667,0.3333333333333333,1.0,1.0,1.0,0.0,0.0,0.0,0.0,,1.0,1.0,,,1476.0,1189.0,1251.0,1495.0,,2440.0,3898.0,,
XAUUSD,f39137a2-60c9-4053-afff-d09e0f20233b,2026-08-05 05:38:26.053674,2026-08-05 05:18:26.053674,in_scope,4171.26,1M,4230.0,4157.0,long,0.275,Bullish,Direccional,resolved,validation,1.0,2026-08-05 08:10:00,1M,2.8594,dentro,False,,0,2A,True,,1D=0.2 2H=0.2 1H=0.2 30M=0.2 5M=0.2,0.5,1.0,1.0,1.0,,0.0,,,0.0,1.0,1.0,,0.5,,1189.0,,,1856.0,2440.0,3898.0,,17924.0
XAUUSD,f39137a2-60c9-4053-afff-d09e0f20233b,2026-08-05 05:38:26.053674,2026-08-05 05:18:26.053674,in_scope,4171.26,1M,4230.0,4157.0,long,0.275,Bullish,Direccional,resolved,validation,1.0,2026-08-05 08:10:00,1M,2.8594,dentro,False,,0,2B,True,,1D=0.1 2H=0.25 1H=0.25 30M=0.2 5M=0.2,0.55,1.0,1.0,1.0,,0.0,,,0.0,1.0,1.0,,0.5,,1189.0,,,1856.0,2440.0,3898.0,,17924.0
XAUUSD,f39137a2-60c9-4053-afff-d09e0f20233b,2026-08-05 05:38:26.053674,2026-08-05 05:18:26.053674,in_scope,4171.26,1M,4230.0,4157.0,long,0.275,Bullish,Direccional,resolved,validation,1.0,2026-08-05 08:10:00,1M,2.8594,dentro,False,,0,2C,True,,1D=0.2 2H=0.2 1H=0.2 30M=0.3 5M=0.1,0.55,1.0,1.0,1.0,,0.0,,,0.0,1.0,1.0,,0.5,,1189.0,,,1856.0,2440.0,3898.0,,17924.0
XAUUSD,f39137a2-60c9-4053-afff-d09e0f20233b,2026-08-05 05:38:26.053674,2026-08-05 05:18:26.053674,in_scope,4171.26,1M,4230.0,4157.0,long,0.275,Bullish,Direccional,resolved,validation,1.0,2026-08-05 08:10:00,1M,2.8594,dentro,False,,0,2D,True,,1D=0.15 2H=0.3 1H=0.25 30M=0.2 5M=0.1,0.5,1.0,1.0,1.0,,0.0,,,0.0,1.0,1.0,,0.5,,1189.0,,,1856.0,2440.0,3898.0,,17924.0
XAUUSD,f39137a2-60c9-4053-afff-d09e0f20233b,2026-08-05 05:38:26.053674,2026-08-05 05:18:26.053674,in_scope,4171.26,1M,4230.0,4157.0,long,0.275,Bullish,Direccional,resolved,validation,1.0,2026-08-05 08:10:00,1M,2.8594,dentro,False,,0,2E,True,,1D=0.1 2H=0.25 1H=0.3 30M=0.25 5M=0.1,0.6000000000000001,1.0,1.0,1.0,,0.0,,,0.0,1.0,1.0,,0.5,,1189.0,,,1856.0,2440.0,3898.0,,17924.0
XAUUSD,f39137a2-60c9-4053-afff-d09e0f20233b,2026-08-05 05:38:26.053674,2026-08-05 05:18:26.053674,in_scope,4171.26,1M,4230.0,4157.0,long,0.275,Bullish,Direccional,resolved,validation,1.0,2026-08-05 08:10:00,1M,2.8594,dentro,False,,0,P2-DISC,True,,,0.0,,0.0,,,,,,,,,,,,,,,,,,,
XAUUSD,f39137a2-60c9-4053-afff-d09e0f20233b,2026-08-05 05:38:26.053674,2026-08-05 05:18:26.053674,in_scope,4171.26,1M,4230.0,4157.0,long,0.275,Bullish,Direccional,resolved,validation,1.0,2026-08-05 08:10:00,1M,2.8594,dentro,False,,0,2F,True,,1D=0.15 2H=0.6 1H=0 30M=0.2 5M=0.05,,,0.0,,,0.0,,,0.0,1.0,1.0,,0.5,,,,,,,,,
XAUUSD,f39137a2-60c9-4053-afff-d09e0f20233b,2026-08-05 05:38:26.053674,2026-08-05 05:18:26.053674,in_scope,4171.26,1M,4230.0,4157.0,long,0.275,Bullish,Direccional,resolved,validation,1.0,2026-08-05 08:10:00,1M,2.8594,dentro,False,,0,2F-LOO,True,,1D=0 2H=0.5 1H=0 30M=0.25 5M=0.25,,,1.0,1.0,,0.0,,,0.0,1.0,1.0,,0.5,,,,,,,,,
XAUUSD,7b9ea3f2-810b-47d1-ac70-bb717e9302ca,2026-08-06 06:03:14.064989,2026-08-06 05:43:14.064989,in_scope,4260.44,1M,4220.0,4284.0,short,-0.525,Bearish,Direccional,resolved,invalidation,1.0,2026-08-07 00:05:00,1M,18.3628,dentro,False,,1,A,True,,1W=0.3 1D=0.25 12H=0.2 4H=0.15 1H=0.1,0.25,1.0,1.0,1.0,0.0,0.0,0.0,1.0,,1.0,,,,1476.0,1190.0,1253.0,1501.0,,2463.0,,,
XAUUSD,7b9ea3f2-810b-47d1-ac70-bb717e9302ca,2026-08-06 06:03:14.064989,2026-08-06 05:43:14.064989,in_scope,4260.44,1M,4220.0,4284.0,short,-0.525,Bearish,Direccional,resolved,invalidation,1.0,2026-08-07 00:05:00,1M,18.3628,dentro,False,,1,B,True,,1W=0.15 1D=0.2 12H=0.3 4H=0.2 1H=0.15,0.15,0.0,0.0,,0.0,0.0,0.0,0.0,,1.0,,,,1476.0,1190.0,1253.0,1501.0,,2463.0,,,
XAUUSD,7b9ea3f2-810b-47d1-ac70-bb717e9302ca,2026-08-06 06:03:14.064989,2026-08-06 05:43:14.064989,in_scope,4260.44,1M,4220.0,4284.0,short,-0.525,Bearish,Direccional,resolved,invalidation,1.0,2026-08-07 00:05:00,1M,18.3628,dentro,False,,1,C,True,,1W=0.15 1D=0.2 12H=0.3 4H=0.2 1H=0.15,0.15,0.0,0.0,,0.0,0.0,0.0,0.0,,1.0,,,,1476.0,1190.0,1253.0,1501.0,,2463.0,,,
XAUUSD,7b9ea3f2-810b-47d1-ac70-bb717e9302ca,2026-08-06 06:03:14.064989,2026-08-06 05:43:14.064989,in_scope,4260.44,1M,4220.0,4284.0,short,-0.525,Bearish,Direccional,resolved,invalidation,1.0,2026-08-07 00:05:00,1M,18.3628,dentro,False,,1,D,True,,1W=0.08 1D=0.12 12H=0.17 4H=0.22 1H=0.26 30M=0.15,0.26,1.0,1.0,1.0,0.0,0.0,0.0,0.0,,1.0,0.0,,,1476.0,1190.0,1253.0,1501.0,,2463.0,3945.0,,
XAUUSD,7b9ea3f2-810b-47d1-ac70-bb717e9302ca,2026-08-06 06:03:14.064989,2026-08-06 05:43:14.064989,in_scope,4260.44,1M,4220.0,4284.0,short,-0.525,Bearish,Direccional,resolved,invalidation,1.0,2026-08-07 00:05:00,1M,18.3628,dentro,False,,1,E,True,,1W=0.07 1D=0.1 12H=0.14 4H=0.19 1H=0.24 30M=0.16 15M=0.1,0.24,0.0,0.0,,0.0,0.0,0.0,0.0,,1.0,0.0,0.0,,1476.0,1190.0,1253.0,1501.0,,2463.0,3945.0,6720.0,
XAUUSD,7b9ea3f2-810b-47d1-ac70-bb717e9302ca,2026-08-06 06:03:14.064989,2026-08-06 05:43:14.064989,in_scope,4260.44,1M,4220.0,4284.0,short,-0.525,Bearish,Direccional,resolved,invalidation,1.0,2026-08-07 00:05:00,1M,18.3628,dentro,False,,1,F,True,,1W=0.09412 1D=0.1412 12H=0.2 4H=0.2588 1H=0.3059,0.3058823529411765,1.0,1.0,1.0,0.0,0.0,0.0,0.0,,1.0,,,,1476.0,1190.0,1253.0,1501.0,,2463.0,,,
XAUUSD,7b9ea3f2-810b-47d1-ac70-bb717e9302ca,2026-08-06 06:03:14.064989,2026-08-06 05:43:14.064989,in_scope,4260.44,1M,4220.0,4284.0,short,-0.525,Bearish,Direccional,resolved,invalidation,1.0,2026-08-07 00:05:00,1M,18.3628,dentro,False,,1,G,True,,1W=0.1 1D=0.1 12H=0.1 4H=0.1 1H=0.2 30M=0.2 15M=0.2,0.2,0.0,0.0,,0.0,0.0,0.0,0.0,,1.0,0.0,0.0,,1476.0,1190.0,1253.0,1501.0,,2463.0,3945.0,6720.0,
XAUUSD,7b9ea3f2-810b-47d1-ac70-bb717e9302ca,2026-08-06 06:03:14.064989,2026-08-06 05:43:14.064989,in_scope,4260.44,1M,4220.0,4284.0,short,-0.525,Bearish,Direccional,resolved,invalidation,1.0,2026-08-07 00:05:00,1M,18.3628,dentro,False,,1,D-EQ,True,,1W=0.1667 1D=0.1667 12H=0.1667 4H=0.1667 1H=0.1667 30M=0.1667,0.16666666666666666,0.0,0.0,,0.0,0.0,0.0,0.0,,1.0,0.0,,,1476.0,1190.0,1253.0,1501.0,,2463.0,3945.0,,
XAUUSD,7b9ea3f2-810b-47d1-ac70-bb717e9302ca,2026-08-06 06:03:14.064989,2026-08-06 05:43:14.064989,in_scope,4260.44,1M,4220.0,4284.0,short,-0.525,Bearish,Direccional,resolved,invalidation,1.0,2026-08-07 00:05:00,1M,18.3628,dentro,False,,1,2A,True,,1D=0.2 2H=0.2 1H=0.2 30M=0.2 5M=0.2,0.4,1.0,1.0,1.0,,0.0,,,1.0,1.0,0.0,,0.0,,1190.0,,,1868.0,2463.0,3945.0,,18205.0
XAUUSD,7b9ea3f2-810b-47d1-ac70-bb717e9302ca,2026-08-06 06:03:14.064989,2026-08-06 05:43:14.064989,in_scope,4260.44,1M,4220.0,4284.0,short,-0.525,Bearish,Direccional,resolved,invalidation,1.0,2026-08-07 00:05:00,1M,18.3628,dentro,False,,1,2B,True,,1D=0.1 2H=0.25 1H=0.25 30M=0.2 5M=0.2,0.5,1.0,1.0,1.0,,0.0,,,1.0,1.0,0.0,,0.0,,1190.0,,,1868.0,2463.0,3945.0,,18205.0
XAUUSD,7b9ea3f2-810b-47d1-ac70-bb717e9302ca,2026-08-06 06:03:14.064989,2026-08-06 05:43:14.064989,in_scope,4260.44,1M,4220.0,4284.0,short,-0.525,Bearish,Direccional,resolved,invalidation,1.0,2026-08-07 00:05:00,1M,18.3628,dentro,False,,1,2C,True,,1D=0.2 2H=0.2 1H=0.2 30M=0.3 5M=0.1,0.4,1.0,1.0,1.0,,0.0,,,1.0,1.0,0.0,,0.0,,1190.0,,,1868.0,2463.0,3945.0,,18205.0
XAUUSD,7b9ea3f2-810b-47d1-ac70-bb717e9302ca,2026-08-06 06:03:14.064989,2026-08-06 05:43:14.064989,in_scope,4260.44,1M,4220.0,4284.0,short,-0.525,Bearish,Direccional,resolved,invalidation,1.0,2026-08-07 00:05:00,1M,18.3628,dentro,False,,1,2D,True,,1D=0.15 2H=0.3 1H=0.25 30M=0.2 5M=0.1,0.55,1.0,1.0,1.0,,0.0,,,1.0,1.0,0.0,,0.0,,1190.0,,,1868.0,2463.0,3945.0,,18205.0
XAUUSD,7b9ea3f2-810b-47d1-ac70-bb717e9302ca,2026-08-06 06:03:14.064989,2026-08-06 05:43:14.064989,in_scope,4260.44,1M,4220.0,4284.0,short,-0.525,Bearish,Direccional,resolved,invalidation,1.0,2026-08-07 00:05:00,1M,18.3628,dentro,False,,1,2E,True,,1D=0.1 2H=0.25 1H=0.3 30M=0.25 5M=0.1,0.55,1.0,1.0,1.0,,0.0,,,1.0,1.0,0.0,,0.0,,1190.0,,,1868.0,2463.0,3945.0,,18205.0
XAUUSD,7b9ea3f2-810b-47d1-ac70-bb717e9302ca,2026-08-06 06:03:14.064989,2026-08-06 05:43:14.064989,in_scope,4260.44,1M,4220.0,4284.0,short,-0.525,Bearish,Direccional,resolved,invalidation,1.0,2026-08-07 00:05:00,1M,18.3628,dentro,False,,1,P2-DISC,True,,,1.0,,1.0,1.0,,,,,,,,,,,,,,,,,,
XAUUSD,7b9ea3f2-810b-47d1-ac70-bb717e9302ca,2026-08-06 06:03:14.064989,2026-08-06 05:43:14.064989,in_scope,4260.44,1M,4220.0,4284.0,short,-0.525,Bearish,Direccional,resolved,invalidation,1.0,2026-08-07 00:05:00,1M,18.3628,dentro,False,,1,2F,True,,1D=0.15 2H=0.6 1H=0 30M=0.2 5M=0.05,,,1.0,1.0,,0.0,,,1.0,1.0,0.0,,0.0,,,,,,,,,
XAUUSD,7b9ea3f2-810b-47d1-ac70-bb717e9302ca,2026-08-06 06:03:14.064989,2026-08-06 05:43:14.064989,in_scope,4260.44,1M,4220.0,4284.0,short,-0.525,Bearish,Direccional,resolved,invalidation,1.0,2026-08-07 00:05:00,1M,18.3628,dentro,False,,1,2F-LOO,True,,1D=0 2H=0.5 1H=0 30M=0.25 5M=0.25,,,1.0,1.0,,0.0,,,1.0,1.0,0.0,,0.0,,,,,,,,,
XAUUSD,ee49cf8b-4b37-489b-be86-ce573a5bed1b,2026-08-07 05:40:00.000000,2026-08-07 05:20:00.000000,in_scope,4320.46,1M,4370.0,4280.0,long,0.825,Bullish,Direccional,resolved,validation,1.0,2026-08-07 06:43:00,1M,1.3833,dentro,False,,1,A,True,,1W=0.3 1D=0.25 12H=0.2 4H=0.15 1H=0.1,0.25,1.0,1.0,1.0,0.0,0.0,0.0,1.0,,1.0,,,,1476.0,1191.0,1255.0,1507.0,,2486.0,,,
XAUUSD,ee49cf8b-4b37-489b-be86-ce573a5bed1b,2026-08-07 05:40:00.000000,2026-08-07 05:20:00.000000,in_scope,4320.46,1M,4370.0,4280.0,long,0.825,Bullish,Direccional,resolved,validation,1.0,2026-08-07 06:43:00,1M,1.3833,dentro,False,,1,B,True,,1W=0.15 1D=0.2 12H=0.3 4H=0.2 1H=0.15,0.15,0.0,0.0,,0.0,0.0,0.0,0.0,,1.0,,,,1476.0,1191.0,1255.0,1507.0,,2486.0,,,
XAUUSD,ee49cf8b-4b37-489b-be86-ce573a5bed1b,2026-08-07 05:40:00.000000,2026-08-07 05:20:00.000000,in_scope,4320.46,1M,4370.0,4280.0,long,0.825,Bullish,Direccional,resolved,validation,1.0,2026-08-07 06:43:00,1M,1.3833,dentro,False,,1,C,True,,1W=0.15 1D=0.2 12H=0.3 4H=0.2 1H=0.15,0.15,0.0,0.0,,0.0,0.0,0.0,0.0,,1.0,,,,1476.0,1191.0,1255.0,1507.0,,2486.0,,,
XAUUSD,ee49cf8b-4b37-489b-be86-ce573a5bed1b,2026-08-07 05:40:00.000000,2026-08-07 05:20:00.000000,in_scope,4320.46,1M,4370.0,4280.0,long,0.825,Bullish,Direccional,resolved,validation,1.0,2026-08-07 06:43:00,1M,1.3833,dentro,False,,1,D,True,,1W=0.08 1D=0.12 12H=0.17 4H=0.22 1H=0.26 30M=0.15,0.41000000000000003,1.0,1.0,1.0,0.0,0.0,0.0,0.0,,1.0,1.0,,,1476.0,1191.0,1255.0,1507.0,,2486.0,3990.0,,
XAUUSD,ee49cf8b-4b37-489b-be86-ce573a5bed1b,2026-08-07 05:40:00.000000,2026-08-07 05:20:00.000000,in_scope,4320.46,1M,4370.0,4280.0,long,0.825,Bullish,Direccional,resolved,validation,1.0,2026-08-07 06:43:00,1M,1.3833,dentro,False,,1,E,True,,1W=0.07 1D=0.1 12H=0.14 4H=0.19 1H=0.24 30M=0.16 15M=0.1,0.5,1.0,1.0,1.0,0.0,0.0,0.0,0.0,,1.0,1.0,1.0,,1476.0,1191.0,1255.0,1507.0,,2486.0,3990.0,6811.0,
XAUUSD,ee49cf8b-4b37-489b-be86-ce573a5bed1b,2026-08-07 05:40:00.000000,2026-08-07 05:20:00.000000,in_scope,4320.46,1M,4370.0,4280.0,long,0.825,Bullish,Direccional,resolved,validation,1.0,2026-08-07 06:43:00,1M,1.3833,dentro,False,,1,F,True,,1W=0.09412 1D=0.1412 12H=0.2 4H=0.2588 1H=0.3059,0.3058823529411765,1.0,1.0,1.0,0.0,0.0,0.0,0.0,,1.0,,,,1476.0,1191.0,1255.0,1507.0,,2486.0,,,
XAUUSD,ee49cf8b-4b37-489b-be86-ce573a5bed1b,2026-08-07 05:40:00.000000,2026-08-07 05:20:00.000000,in_scope,4320.46,1M,4370.0,4280.0,long,0.825,Bullish,Direccional,resolved,validation,1.0,2026-08-07 06:43:00,1M,1.3833,dentro,False,,1,G,True,,1W=0.1 1D=0.1 12H=0.1 4H=0.1 1H=0.2 30M=0.2 15M=0.2,0.6000000000000001,1.0,1.0,1.0,0.0,0.0,0.0,0.0,,1.0,1.0,1.0,,1476.0,1191.0,1255.0,1507.0,,2486.0,3990.0,6811.0,
XAUUSD,ee49cf8b-4b37-489b-be86-ce573a5bed1b,2026-08-07 05:40:00.000000,2026-08-07 05:20:00.000000,in_scope,4320.46,1M,4370.0,4280.0,long,0.825,Bullish,Direccional,resolved,validation,1.0,2026-08-07 06:43:00,1M,1.3833,dentro,False,,1,D-EQ,True,,1W=0.1667 1D=0.1667 12H=0.1667 4H=0.1667 1H=0.1667 30M=0.1667,0.3333333333333333,1.0,1.0,1.0,0.0,0.0,0.0,0.0,,1.0,1.0,,,1476.0,1191.0,1255.0,1507.0,,2486.0,3990.0,,
XAUUSD,ee49cf8b-4b37-489b-be86-ce573a5bed1b,2026-08-07 05:40:00.000000,2026-08-07 05:20:00.000000,in_scope,4320.46,1M,4370.0,4280.0,long,0.825,Bullish,Direccional,resolved,validation,1.0,2026-08-07 06:43:00,1M,1.3833,dentro,False,,1,2A,True,,1D=0.2 2H=0.2 1H=0.2 30M=0.2 5M=0.2,0.8,2.0,1.0,1.0,,0.0,,,1.0,1.0,1.0,,1.0,,1191.0,,,1880.0,2486.0,3990.0,,18477.0
XAUUSD,ee49cf8b-4b37-489b-be86-ce573a5bed1b,2026-08-07 05:40:00.000000,2026-08-07 05:20:00.000000,in_scope,4320.46,1M,4370.0,4280.0,long,0.825,Bullish,Direccional,resolved,validation,1.0,2026-08-07 06:43:00,1M,1.3833,dentro,False,,1,2B,True,,1D=0.1 2H=0.25 1H=0.25 30M=0.2 5M=0.2,0.8999999999999999,2.0,1.0,1.0,,0.0,,,1.0,1.0,1.0,,1.0,,1191.0,,,1880.0,2486.0,3990.0,,18477.0
XAUUSD,ee49cf8b-4b37-489b-be86-ce573a5bed1b,2026-08-07 05:40:00.000000,2026-08-07 05:20:00.000000,in_scope,4320.46,1M,4370.0,4280.0,long,0.825,Bullish,Direccional,resolved,validation,1.0,2026-08-07 06:43:00,1M,1.3833,dentro,False,,1,2C,True,,1D=0.2 2H=0.2 1H=0.2 30M=0.3 5M=0.1,0.7999999999999999,2.0,1.0,1.0,,0.0,,,1.0,1.0,1.0,,1.0,,1191.0,,,1880.0,2486.0,3990.0,,18477.0
XAUUSD,ee49cf8b-4b37-489b-be86-ce573a5bed1b,2026-08-07 05:40:00.000000,2026-08-07 05:20:00.000000,in_scope,4320.46,1M,4370.0,4280.0,long,0.825,Bullish,Direccional,resolved,validation,1.0,2026-08-07 06:43:00,1M,1.3833,dentro,False,,1,2D,True,,1D=0.15 2H=0.3 1H=0.25 30M=0.2 5M=0.1,0.85,2.0,1.0,1.0,,0.0,,,1.0,1.0,1.0,,1.0,,1191.0,,,1880.0,2486.0,3990.0,,18477.0
XAUUSD,ee49cf8b-4b37-489b-be86-ce573a5bed1b,2026-08-07 05:40:00.000000,2026-08-07 05:20:00.000000,in_scope,4320.46,1M,4370.0,4280.0,long,0.825,Bullish,Direccional,resolved,validation,1.0,2026-08-07 06:43:00,1M,1.3833,dentro,False,,1,2E,True,,1D=0.1 2H=0.25 1H=0.3 30M=0.25 5M=0.1,0.9,2.0,1.0,1.0,,0.0,,,1.0,1.0,1.0,,1.0,,1191.0,,,1880.0,2486.0,3990.0,,18477.0
XAUUSD,ee49cf8b-4b37-489b-be86-ce573a5bed1b,2026-08-07 05:40:00.000000,2026-08-07 05:20:00.000000,in_scope,4320.46,1M,4370.0,4280.0,long,0.825,Bullish,Direccional,resolved,validation,1.0,2026-08-07 06:43:00,1M,1.3833,dentro,False,,1,P2-DISC,True,,,1.0,,1.0,1.0,,,,,,,,,,,,,,,,,,
XAUUSD,ee49cf8b-4b37-489b-be86-ce573a5bed1b,2026-08-07 05:40:00.000000,2026-08-07 05:20:00.000000,in_scope,4320.46,1M,4370.0,4280.0,long,0.825,Bullish,Direccional,resolved,validation,1.0,2026-08-07 06:43:00,1M,1.3833,dentro,False,,1,2F,True,,1D=0.15 2H=0.6 1H=0 30M=0.2 5M=0.05,,,1.0,1.0,,0.0,,,1.0,1.0,1.0,,1.0,,,,,,,,,
XAUUSD,ee49cf8b-4b37-489b-be86-ce573a5bed1b,2026-08-07 05:40:00.000000,2026-08-07 05:20:00.000000,in_scope,4320.46,1M,4370.0,4280.0,long,0.825,Bullish,Direccional,resolved,validation,1.0,2026-08-07 06:43:00,1M,1.3833,dentro,False,,1,2F-LOO,True,,1D=0 2H=0.5 1H=0 30M=0.25 5M=0.25,,,1.0,1.0,,0.0,,,1.0,1.0,1.0,,1.0,,,,,,,,,
XAUUSD,68ff0f26-b77b-4468-a16f-f7570a70e144,2026-08-09 18:02:49.997402,2026-08-09 17:42:49.997402,in_scope,4341.92,1M,4287.0,4407.0,short,-0.025,Choppy / Neutral,Choppy,resolved,invalidation,1.0,2026-08-10 18:10:00,1M,24.4528,dentro,True,211a3584-677e-41d4-b387-4631928d1f8b,-1,A,True,,1W=0.3 1D=0.25 12H=0.2 4H=0.15 1H=0.1,0.5499999999999999,1.0,1.0,1.0,1.0,0.0,0.0,1.0,,1.0,,,,1477.0,1192.0,1256.0,1510.0,,2497.0,,,
XAUUSD,68ff0f26-b77b-4468-a16f-f7570a70e144,2026-08-09 18:02:49.997402,2026-08-09 17:42:49.997402,in_scope,4341.92,1M,4287.0,4407.0,short,-0.025,Choppy / Neutral,Choppy,resolved,invalidation,1.0,2026-08-10 18:10:00,1M,24.4528,dentro,True,211a3584-677e-41d4-b387-4631928d1f8b,-1,B,True,,1W=0.15 1D=0.2 12H=0.3 4H=0.2 1H=0.15,0.3,1.0,1.0,1.0,1.0,0.0,0.0,0.0,,1.0,,,,1477.0,1192.0,1256.0,1510.0,,2497.0,,,
XAUUSD,68ff0f26-b77b-4468-a16f-f7570a70e144,2026-08-09 18:02:49.997402,2026-08-09 17:42:49.997402,in_scope,4341.92,1M,4287.0,4407.0,short,-0.025,Choppy / Neutral,Choppy,resolved,invalidation,1.0,2026-08-10 18:10:00,1M,24.4528,dentro,True,211a3584-677e-41d4-b387-4631928d1f8b,-1,C,True,,1W=0.15 1D=0.2 12H=0.3 4H=0.2 1H=0.15,0.15,0.0,0.0,,0.0,0.0,0.0,0.0,,1.0,,,,1477.0,1192.0,1256.0,1510.0,,2497.0,,,
XAUUSD,68ff0f26-b77b-4468-a16f-f7570a70e144,2026-08-09 18:02:49.997402,2026-08-09 17:42:49.997402,in_scope,4341.92,1M,4287.0,4407.0,short,-0.025,Choppy / Neutral,Choppy,resolved,invalidation,1.0,2026-08-10 18:10:00,1M,24.4528,dentro,True,211a3584-677e-41d4-b387-4631928d1f8b,-1,D,True,,1W=0.08 1D=0.12 12H=0.17 4H=0.22 1H=0.26 30M=0.15,0.41000000000000003,1.0,1.0,1.0,0.0,0.0,0.0,0.0,,1.0,1.0,,,1477.0,1192.0,1256.0,1510.0,,2497.0,4013.0,,
XAUUSD,68ff0f26-b77b-4468-a16f-f7570a70e144,2026-08-09 18:02:49.997402,2026-08-09 17:42:49.997402,in_scope,4341.92,1M,4287.0,4407.0,short,-0.025,Choppy / Neutral,Choppy,resolved,invalidation,1.0,2026-08-10 18:10:00,1M,24.4528,dentro,True,211a3584-677e-41d4-b387-4631928d1f8b,-1,E,True,,1W=0.07 1D=0.1 12H=0.14 4H=0.19 1H=0.24 30M=0.16 15M=0.1,0.4,1.0,1.0,1.0,0.0,0.0,0.0,0.0,,1.0,1.0,0.0,,1477.0,1192.0,1256.0,1510.0,,2497.0,4013.0,6856.0,
XAUUSD,68ff0f26-b77b-4468-a16f-f7570a70e144,2026-08-09 18:02:49.997402,2026-08-09 17:42:49.997402,in_scope,4341.92,1M,4287.0,4407.0,short,-0.025,Choppy / Neutral,Choppy,resolved,invalidation,1.0,2026-08-10 18:10:00,1M,24.4528,dentro,True,211a3584-677e-41d4-b387-4631928d1f8b,-1,F,True,,1W=0.09412 1D=0.1412 12H=0.2 4H=0.2588 1H=0.3059,0.3058823529411765,1.0,1.0,1.0,0.0,0.0,0.0,0.0,,1.0,,,,1477.0,1192.0,1256.0,1510.0,,2497.0,,,
XAUUSD,68ff0f26-b77b-4468-a16f-f7570a70e144,2026-08-09 18:02:49.997402,2026-08-09 17:42:49.997402,in_scope,4341.92,1M,4287.0,4407.0,short,-0.025,Choppy / Neutral,Choppy,resolved,invalidation,1.0,2026-08-10 18:10:00,1M,24.4528,dentro,True,211a3584-677e-41d4-b387-4631928d1f8b,-1,G,True,,1W=0.1 1D=0.1 12H=0.1 4H=0.1 1H=0.2 30M=0.2 15M=0.2,0.4,1.0,1.0,1.0,0.0,0.0,0.0,0.0,,1.0,1.0,0.0,,1477.0,1192.0,1256.0,1510.0,,2497.0,4013.0,6856.0,
XAUUSD,68ff0f26-b77b-4468-a16f-f7570a70e144,2026-08-09 18:02:49.997402,2026-08-09 17:42:49.997402,in_scope,4341.92,1M,4287.0,4407.0,short,-0.025,Choppy / Neutral,Choppy,resolved,invalidation,1.0,2026-08-10 18:10:00,1M,24.4528,dentro,True,211a3584-677e-41d4-b387-4631928d1f8b,-1,D-EQ,True,,1W=0.1667 1D=0.1667 12H=0.1667 4H=0.1667 1H=0.1667 30M=0.1667,0.3333333333333333,1.0,1.0,1.0,0.0,0.0,0.0,0.0,,1.0,1.0,,,1477.0,1192.0,1256.0,1510.0,,2497.0,4013.0,,
XAUUSD,68ff0f26-b77b-4468-a16f-f7570a70e144,2026-08-09 18:02:49.997402,2026-08-09 17:42:49.997402,in_scope,4341.92,1M,4287.0,4407.0,short,-0.025,Choppy / Neutral,Choppy,resolved,invalidation,1.0,2026-08-10 18:10:00,1M,24.4528,dentro,True,211a3584-677e-41d4-b387-4631928d1f8b,-1,2A,True,,1D=0.2 2H=0.2 1H=0.2 30M=0.2 5M=0.2,0.6000000000000001,1.0,1.0,1.0,,0.0,,,1.0,1.0,1.0,,0.0,,1192.0,,,1886.0,2497.0,4013.0,,18613.0
XAUUSD,68ff0f26-b77b-4468-a16f-f7570a70e144,2026-08-09 18:02:49.997402,2026-08-09 17:42:49.997402,in_scope,4341.92,1M,4287.0,4407.0,short,-0.025,Choppy / Neutral,Choppy,resolved,invalidation,1.0,2026-08-10 18:10:00,1M,24.4528,dentro,True,211a3584-677e-41d4-b387-4631928d1f8b,-1,2B,True,,1D=0.1 2H=0.25 1H=0.25 30M=0.2 5M=0.2,0.7,1.0,1.0,1.0,,0.0,,,1.0,1.0,1.0,,0.0,,1192.0,,,1886.0,2497.0,4013.0,,18613.0
XAUUSD,68ff0f26-b77b-4468-a16f-f7570a70e144,2026-08-09 18:02:49.997402,2026-08-09 17:42:49.997402,in_scope,4341.92,1M,4287.0,4407.0,short,-0.025,Choppy / Neutral,Choppy,resolved,invalidation,1.0,2026-08-10 18:10:00,1M,24.4528,dentro,True,211a3584-677e-41d4-b387-4631928d1f8b,-1,2C,True,,1D=0.2 2H=0.2 1H=0.2 30M=0.3 5M=0.1,0.7,1.0,1.0,1.0,,0.0,,,1.0,1.0,1.0,,0.0,,1192.0,,,1886.0,2497.0,4013.0,,18613.0
XAUUSD,68ff0f26-b77b-4468-a16f-f7570a70e144,2026-08-09 18:02:49.997402,2026-08-09 17:42:49.997402,in_scope,4341.92,1M,4287.0,4407.0,short,-0.025,Choppy / Neutral,Choppy,resolved,invalidation,1.0,2026-08-10 18:10:00,1M,24.4528,dentro,True,211a3584-677e-41d4-b387-4631928d1f8b,-1,2D,True,,1D=0.15 2H=0.3 1H=0.25 30M=0.2 5M=0.1,0.75,2.0,1.0,1.0,,0.0,,,1.0,1.0,1.0,,0.0,,1192.0,,,1886.0,2497.0,4013.0,,18613.0
XAUUSD,68ff0f26-b77b-4468-a16f-f7570a70e144,2026-08-09 18:02:49.997402,2026-08-09 17:42:49.997402,in_scope,4341.92,1M,4287.0,4407.0,short,-0.025,Choppy / Neutral,Choppy,resolved,invalidation,1.0,2026-08-10 18:10:00,1M,24.4528,dentro,True,211a3584-677e-41d4-b387-4631928d1f8b,-1,2E,True,,1D=0.1 2H=0.25 1H=0.3 30M=0.25 5M=0.1,0.8,2.0,1.0,1.0,,0.0,,,1.0,1.0,1.0,,0.0,,1192.0,,,1886.0,2497.0,4013.0,,18613.0
XAUUSD,68ff0f26-b77b-4468-a16f-f7570a70e144,2026-08-09 18:02:49.997402,2026-08-09 17:42:49.997402,in_scope,4341.92,1M,4287.0,4407.0,short,-0.025,Choppy / Neutral,Choppy,resolved,invalidation,1.0,2026-08-10 18:10:00,1M,24.4528,dentro,True,211a3584-677e-41d4-b387-4631928d1f8b,-1,P2-DISC,True,,,-1.0,,-1.0,0.0,,,,,,,,,,,,,,,,,,
XAUUSD,68ff0f26-b77b-4468-a16f-f7570a70e144,2026-08-09 18:02:49.997402,2026-08-09 17:42:49.997402,in_scope,4341.92,1M,4287.0,4407.0,short,-0.025,Choppy / Neutral,Choppy,resolved,invalidation,1.0,2026-08-10 18:10:00,1M,24.4528,dentro,True,211a3584-677e-41d4-b387-4631928d1f8b,-1,2F,True,,1D=0.05 2H=0.5 1H=0.2 30M=0 5M=0.25,,,1.0,1.0,,0.0,,,1.0,1.0,1.0,,0.0,,,,,,,,,
XAUUSD,68ff0f26-b77b-4468-a16f-f7570a70e144,2026-08-09 18:02:49.997402,2026-08-09 17:42:49.997402,in_scope,4341.92,1M,4287.0,4407.0,short,-0.025,Choppy / Neutral,Choppy,resolved,invalidation,1.0,2026-08-10 18:10:00,1M,24.4528,dentro,True,211a3584-677e-41d4-b387-4631928d1f8b,-1,2F-LOO,True,,1D=0 2H=0.5 1H=0 30M=0.25 5M=0.25,,,1.0,1.0,,0.0,,,1.0,1.0,1.0,,0.0,,,,,,,,,
XAUUSD,211a3584-677e-41d4-b387-4631928d1f8b,2026-08-10 05:34:02.815026,2026-08-10 05:14:02.815026,in_scope,4330.2,1M,4280.0,4407.0,short,-0.075,Choppy / Neutral,Choppy,resolved,invalidation,1.0,2026-08-10 18:10:00,1M,12.9326,dentro,False,,-1,A,True,,1W=0.3 1D=0.25 12H=0.2 4H=0.15 1H=0.1,0.5499999999999999,1.0,1.0,1.0,1.0,0.0,0.0,1.0,,1.0,,,,1477.0,1192.0,1257.0,1513.0,,2509.0,,,
XAUUSD,211a3584-677e-41d4-b387-4631928d1f8b,2026-08-10 05:34:02.815026,2026-08-10 05:14:02.815026,in_scope,4330.2,1M,4280.0,4407.0,short,-0.075,Choppy / Neutral,Choppy,resolved,invalidation,1.0,2026-08-10 18:10:00,1M,12.9326,dentro,False,,-1,B,True,,1W=0.15 1D=0.2 12H=0.3 4H=0.2 1H=0.15,0.3,1.0,1.0,1.0,1.0,0.0,0.0,0.0,,1.0,,,,1477.0,1192.0,1257.0,1513.0,,2509.0,,,
XAUUSD,211a3584-677e-41d4-b387-4631928d1f8b,2026-08-10 05:34:02.815026,2026-08-10 05:14:02.815026,in_scope,4330.2,1M,4280.0,4407.0,short,-0.075,Choppy / Neutral,Choppy,resolved,invalidation,1.0,2026-08-10 18:10:00,1M,12.9326,dentro,False,,-1,C,True,,1W=0.15 1D=0.2 12H=0.3 4H=0.2 1H=0.15,0.15,0.0,0.0,,0.0,0.0,0.0,0.0,,1.0,,,,1477.0,1192.0,1257.0,1513.0,,2509.0,,,
XAUUSD,211a3584-677e-41d4-b387-4631928d1f8b,2026-08-10 05:34:02.815026,2026-08-10 05:14:02.815026,in_scope,4330.2,1M,4280.0,4407.0,short,-0.075,Choppy / Neutral,Choppy,resolved,invalidation,1.0,2026-08-10 18:10:00,1M,12.9326,dentro,False,,-1,D,True,,1W=0.08 1D=0.12 12H=0.17 4H=0.22 1H=0.26 30M=0.15,0.26,1.0,1.0,1.0,0.0,0.0,0.0,0.0,,1.0,0.0,,,1477.0,1192.0,1257.0,1513.0,,2509.0,4036.0,,
XAUUSD,211a3584-677e-41d4-b387-4631928d1f8b,2026-08-10 05:34:02.815026,2026-08-10 05:14:02.815026,in_scope,4330.2,1M,4280.0,4407.0,short,-0.075,Choppy / Neutral,Choppy,resolved,invalidation,1.0,2026-08-10 18:10:00,1M,12.9326,dentro,False,,-1,E,True,,1W=0.07 1D=0.1 12H=0.14 4H=0.19 1H=0.24 30M=0.16 15M=0.1,0.24,0.0,0.0,,0.0,0.0,0.0,0.0,,1.0,0.0,0.0,,1477.0,1192.0,1257.0,1513.0,,2509.0,4036.0,6902.0,
XAUUSD,211a3584-677e-41d4-b387-4631928d1f8b,2026-08-10 05:34:02.815026,2026-08-10 05:14:02.815026,in_scope,4330.2,1M,4280.0,4407.0,short,-0.075,Choppy / Neutral,Choppy,resolved,invalidation,1.0,2026-08-10 18:10:00,1M,12.9326,dentro,False,,-1,F,True,,1W=0.09412 1D=0.1412 12H=0.2 4H=0.2588 1H=0.3059,0.3058823529411765,1.0,1.0,1.0,0.0,0.0,0.0,0.0,,1.0,,,,1477.0,1192.0,1257.0,1513.0,,2509.0,,,
XAUUSD,211a3584-677e-41d4-b387-4631928d1f8b,2026-08-10 05:34:02.815026,2026-08-10 05:14:02.815026,in_scope,4330.2,1M,4280.0,4407.0,short,-0.075,Choppy / Neutral,Choppy,resolved,invalidation,1.0,2026-08-10 18:10:00,1M,12.9326,dentro,False,,-1,G,True,,1W=0.1 1D=0.1 12H=0.1 4H=0.1 1H=0.2 30M=0.2 15M=0.2,0.2,0.0,0.0,,0.0,0.0,0.0,0.0,,1.0,0.0,0.0,,1477.0,1192.0,1257.0,1513.0,,2509.0,4036.0,6902.0,
XAUUSD,211a3584-677e-41d4-b387-4631928d1f8b,2026-08-10 05:34:02.815026,2026-08-10 05:14:02.815026,in_scope,4330.2,1M,4280.0,4407.0,short,-0.075,Choppy / Neutral,Choppy,resolved,invalidation,1.0,2026-08-10 18:10:00,1M,12.9326,dentro,False,,-1,D-EQ,True,,1W=0.1667 1D=0.1667 12H=0.1667 4H=0.1667 1H=0.1667 30M=0.1667,0.16666666666666666,0.0,0.0,,0.0,0.0,0.0,0.0,,1.0,0.0,,,1477.0,1192.0,1257.0,1513.0,,2509.0,4036.0,,
XAUUSD,211a3584-677e-41d4-b387-4631928d1f8b,2026-08-10 05:34:02.815026,2026-08-10 05:14:02.815026,in_scope,4330.2,1M,4280.0,4407.0,short,-0.075,Choppy / Neutral,Choppy,resolved,invalidation,1.0,2026-08-10 18:10:00,1M,12.9326,dentro,False,,-1,2A,True,,1D=0.2 2H=0.2 1H=0.2 30M=0.2 5M=0.2,0.4,1.0,1.0,1.0,,0.0,,,1.0,1.0,0.0,,0.0,,1192.0,,,1892.0,2509.0,4036.0,,18751.0
XAUUSD,211a3584-677e-41d4-b387-4631928d1f8b,2026-08-10 05:34:02.815026,2026-08-10 05:14:02.815026,in_scope,4330.2,1M,4280.0,4407.0,short,-0.075,Choppy / Neutral,Choppy,resolved,invalidation,1.0,2026-08-10 18:10:00,1M,12.9326,dentro,False,,-1,2B,True,,1D=0.1 2H=0.25 1H=0.25 30M=0.2 5M=0.2,0.5,1.0,1.0,1.0,,0.0,,,1.0,1.0,0.0,,0.0,,1192.0,,,1892.0,2509.0,4036.0,,18751.0
XAUUSD,211a3584-677e-41d4-b387-4631928d1f8b,2026-08-10 05:34:02.815026,2026-08-10 05:14:02.815026,in_scope,4330.2,1M,4280.0,4407.0,short,-0.075,Choppy / Neutral,Choppy,resolved,invalidation,1.0,2026-08-10 18:10:00,1M,12.9326,dentro,False,,-1,2C,True,,1D=0.2 2H=0.2 1H=0.2 30M=0.3 5M=0.1,0.4,1.0,1.0,1.0,,0.0,,,1.0,1.0,0.0,,0.0,,1192.0,,,1892.0,2509.0,4036.0,,18751.0
XAUUSD,211a3584-677e-41d4-b387-4631928d1f8b,2026-08-10 05:34:02.815026,2026-08-10 05:14:02.815026,in_scope,4330.2,1M,4280.0,4407.0,short,-0.075,Choppy / Neutral,Choppy,resolved,invalidation,1.0,2026-08-10 18:10:00,1M,12.9326,dentro,False,,-1,2D,True,,1D=0.15 2H=0.3 1H=0.25 30M=0.2 5M=0.1,0.55,1.0,1.0,1.0,,0.0,,,1.0,1.0,0.0,,0.0,,1192.0,,,1892.0,2509.0,4036.0,,18751.0
XAUUSD,211a3584-677e-41d4-b387-4631928d1f8b,2026-08-10 05:34:02.815026,2026-08-10 05:14:02.815026,in_scope,4330.2,1M,4280.0,4407.0,short,-0.075,Choppy / Neutral,Choppy,resolved,invalidation,1.0,2026-08-10 18:10:00,1M,12.9326,dentro,False,,-1,2E,True,,1D=0.1 2H=0.25 1H=0.3 30M=0.25 5M=0.1,0.55,1.0,1.0,1.0,,0.0,,,1.0,1.0,0.0,,0.0,,1192.0,,,1892.0,2509.0,4036.0,,18751.0
XAUUSD,211a3584-677e-41d4-b387-4631928d1f8b,2026-08-10 05:34:02.815026,2026-08-10 05:14:02.815026,in_scope,4330.2,1M,4280.0,4407.0,short,-0.075,Choppy / Neutral,Choppy,resolved,invalidation,1.0,2026-08-10 18:10:00,1M,12.9326,dentro,False,,-1,P2-DISC,True,,,-1.0,,-1.0,0.0,,,,,,,,,,,,,,,,,,
XAUUSD,211a3584-677e-41d4-b387-4631928d1f8b,2026-08-10 05:34:02.815026,2026-08-10 05:14:02.815026,in_scope,4330.2,1M,4280.0,4407.0,short,-0.075,Choppy / Neutral,Choppy,resolved,invalidation,1.0,2026-08-10 18:10:00,1M,12.9326,dentro,False,,-1,2F,True,,1D=0.05 2H=0.5 1H=0.2 30M=0 5M=0.25,,,1.0,1.0,,0.0,,,1.0,1.0,0.0,,0.0,,,,,,,,,
XAUUSD,211a3584-677e-41d4-b387-4631928d1f8b,2026-08-10 05:34:02.815026,2026-08-10 05:14:02.815026,in_scope,4330.2,1M,4280.0,4407.0,short,-0.075,Choppy / Neutral,Choppy,resolved,invalidation,1.0,2026-08-10 18:10:00,1M,12.9326,dentro,False,,-1,2F-LOO,True,,1D=0 2H=0.5 1H=0 30M=0.25 5M=0.25,,,1.0,1.0,,0.0,,,1.0,1.0,0.0,,0.0,,,,,,,,,
XAUUSD,8812cccd-a41b-4fe0-a6bf-a265e4e4a09e,2026-08-11 05:35:37.618046,2026-08-11 05:15:37.618046,in_scope,4391.46,1M,4326.0,4456.0,short,-0.15,Choppy / Neutral,Choppy,resolved,validation,-1.0,2026-08-13 19:10:00,1M,61.9062,fuera,True,9b0f4eef-327b-4823-9dcc-2a31cad87f07,0,A,True,,1W=0.3 1D=0.25 12H=0.2 4H=0.15 1H=0.1,0.5499999999999999,1.0,1.0,0.0,1.0,0.0,0.0,1.0,,1.0,,,,1477.0,1193.0,1259.0,1519.0,,2532.0,,,
XAUUSD,8812cccd-a41b-4fe0-a6bf-a265e4e4a09e,2026-08-11 05:35:37.618046,2026-08-11 05:15:37.618046,in_scope,4391.46,1M,4326.0,4456.0,short,-0.15,Choppy / Neutral,Choppy,resolved,validation,-1.0,2026-08-13 19:10:00,1M,61.9062,fuera,True,9b0f4eef-327b-4823-9dcc-2a31cad87f07,0,B,True,,1W=0.15 1D=0.2 12H=0.3 4H=0.2 1H=0.15,0.5,1.0,1.0,0.0,1.0,0.0,0.0,1.0,,1.0,,,,1477.0,1193.0,1259.0,1519.0,,2532.0,,,
XAUUSD,8812cccd-a41b-4fe0-a6bf-a265e4e4a09e,2026-08-11 05:35:37.618046,2026-08-11 05:15:37.618046,in_scope,4391.46,1M,4326.0,4456.0,short,-0.15,Choppy / Neutral,Choppy,resolved,validation,-1.0,2026-08-13 19:10:00,1M,61.9062,fuera,True,9b0f4eef-327b-4823-9dcc-2a31cad87f07,0,C,True,,1W=0.15 1D=0.2 12H=0.3 4H=0.2 1H=0.15,0.35,1.0,1.0,0.0,0.0,0.0,0.0,1.0,,1.0,,,,1477.0,1193.0,1259.0,1519.0,,2532.0,,,
XAUUSD,8812cccd-a41b-4fe0-a6bf-a265e4e4a09e,2026-08-11 05:35:37.618046,2026-08-11 05:15:37.618046,in_scope,4391.46,1M,4326.0,4456.0,short,-0.15,Choppy / Neutral,Choppy,resolved,validation,-1.0,2026-08-13 19:10:00,1M,61.9062,fuera,True,9b0f4eef-327b-4823-9dcc-2a31cad87f07,0,D,True,,1W=0.08 1D=0.12 12H=0.17 4H=0.22 1H=0.26 30M=0.15,0.48,1.0,1.0,0.0,0.0,0.0,0.0,1.0,,1.0,0.0,,,1477.0,1193.0,1259.0,1519.0,,2532.0,4082.0,,
XAUUSD,8812cccd-a41b-4fe0-a6bf-a265e4e4a09e,2026-08-11 05:35:37.618046,2026-08-11 05:15:37.618046,in_scope,4391.46,1M,4326.0,4456.0,short,-0.15,Choppy / Neutral,Choppy,resolved,validation,-1.0,2026-08-13 19:10:00,1M,61.9062,fuera,True,9b0f4eef-327b-4823-9dcc-2a31cad87f07,0,E,True,,1W=0.07 1D=0.1 12H=0.14 4H=0.19 1H=0.24 30M=0.16 15M=0.1,0.48,1.0,1.0,0.0,0.0,0.0,0.0,1.0,,1.0,0.0,0.5,,1477.0,1193.0,1259.0,1519.0,,2532.0,4082.0,6995.0,
XAUUSD,8812cccd-a41b-4fe0-a6bf-a265e4e4a09e,2026-08-11 05:35:37.618046,2026-08-11 05:15:37.618046,in_scope,4391.46,1M,4326.0,4456.0,short,-0.15,Choppy / Neutral,Choppy,resolved,validation,-1.0,2026-08-13 19:10:00,1M,61.9062,fuera,True,9b0f4eef-327b-4823-9dcc-2a31cad87f07,0,F,True,,1W=0.09412 1D=0.1412 12H=0.2 4H=0.2588 1H=0.3059,0.5647058823529412,1.0,1.0,0.0,0.0,0.0,0.0,1.0,,1.0,,,,1477.0,1193.0,1259.0,1519.0,,2532.0,,,
XAUUSD,8812cccd-a41b-4fe0-a6bf-a265e4e4a09e,2026-08-11 05:35:37.618046,2026-08-11 05:15:37.618046,in_scope,4391.46,1M,4326.0,4456.0,short,-0.15,Choppy / Neutral,Choppy,resolved,validation,-1.0,2026-08-13 19:10:00,1M,61.9062,fuera,True,9b0f4eef-327b-4823-9dcc-2a31cad87f07,0,G,True,,1W=0.1 1D=0.1 12H=0.1 4H=0.1 1H=0.2 30M=0.2 15M=0.2,0.4,1.0,1.0,0.0,0.0,0.0,0.0,1.0,,1.0,0.0,0.5,,1477.0,1193.0,1259.0,1519.0,,2532.0,4082.0,6995.0,
XAUUSD,8812cccd-a41b-4fe0-a6bf-a265e4e4a09e,2026-08-11 05:35:37.618046,2026-08-11 05:15:37.618046,in_scope,4391.46,1M,4326.0,4456.0,short,-0.15,Choppy / Neutral,Choppy,resolved,validation,-1.0,2026-08-13 19:10:00,1M,61.9062,fuera,True,9b0f4eef-327b-4823-9dcc-2a31cad87f07,0,D-EQ,True,,1W=0.1667 1D=0.1667 12H=0.1667 4H=0.1667 1H=0.1667 30M=0.1667,0.3333333333333333,1.0,1.0,0.0,0.0,0.0,0.0,1.0,,1.0,0.0,,,1477.0,1193.0,1259.0,1519.0,,2532.0,4082.0,,
XAUUSD,8812cccd-a41b-4fe0-a6bf-a265e4e4a09e,2026-08-11 05:35:37.618046,2026-08-11 05:15:37.618046,in_scope,4391.46,1M,4326.0,4456.0,short,-0.15,Choppy / Neutral,Choppy,resolved,validation,-1.0,2026-08-13 19:10:00,1M,61.9062,fuera,True,9b0f4eef-327b-4823-9dcc-2a31cad87f07,0,2A,True,,1D=0.2 2H=0.2 1H=0.2 30M=0.2 5M=0.2,0.4,1.0,1.0,0.0,,0.0,,,1.0,1.0,0.0,,0.0,,1193.0,,,1904.0,2532.0,4082.0,,19028.0
XAUUSD,8812cccd-a41b-4fe0-a6bf-a265e4e4a09e,2026-08-11 05:35:37.618046,2026-08-11 05:15:37.618046,in_scope,4391.46,1M,4326.0,4456.0,short,-0.15,Choppy / Neutral,Choppy,resolved,validation,-1.0,2026-08-13 19:10:00,1M,61.9062,fuera,True,9b0f4eef-327b-4823-9dcc-2a31cad87f07,0,2B,True,,1D=0.1 2H=0.25 1H=0.25 30M=0.2 5M=0.2,0.5,1.0,1.0,0.0,,0.0,,,1.0,1.0,0.0,,0.0,,1193.0,,,1904.0,2532.0,4082.0,,19028.0
XAUUSD,8812cccd-a41b-4fe0-a6bf-a265e4e4a09e,2026-08-11 05:35:37.618046,2026-08-11 05:15:37.618046,in_scope,4391.46,1M,4326.0,4456.0,short,-0.15,Choppy / Neutral,Choppy,resolved,validation,-1.0,2026-08-13 19:10:00,1M,61.9062,fuera,True,9b0f4eef-327b-4823-9dcc-2a31cad87f07,0,2C,True,,1D=0.2 2H=0.2 1H=0.2 30M=0.3 5M=0.1,0.4,1.0,1.0,0.0,,0.0,,,1.0,1.0,0.0,,0.0,,1193.0,,,1904.0,2532.0,4082.0,,19028.0
XAUUSD,8812cccd-a41b-4fe0-a6bf-a265e4e4a09e,2026-08-11 05:35:37.618046,2026-08-11 05:15:37.618046,in_scope,4391.46,1M,4326.0,4456.0,short,-0.15,Choppy / Neutral,Choppy,resolved,validation,-1.0,2026-08-13 19:10:00,1M,61.9062,fuera,True,9b0f4eef-327b-4823-9dcc-2a31cad87f07,0,2D,True,,1D=0.15 2H=0.3 1H=0.25 30M=0.2 5M=0.1,0.55,1.0,1.0,0.0,,0.0,,,1.0,1.0,0.0,,0.0,,1193.0,,,1904.0,2532.0,4082.0,,19028.0
XAUUSD,8812cccd-a41b-4fe0-a6bf-a265e4e4a09e,2026-08-11 05:35:37.618046,2026-08-11 05:15:37.618046,in_scope,4391.46,1M,4326.0,4456.0,short,-0.15,Choppy / Neutral,Choppy,resolved,validation,-1.0,2026-08-13 19:10:00,1M,61.9062,fuera,True,9b0f4eef-327b-4823-9dcc-2a31cad87f07,0,2E,True,,1D=0.1 2H=0.25 1H=0.3 30M=0.25 5M=0.1,0.55,1.0,1.0,0.0,,0.0,,,1.0,1.0,0.0,,0.0,,1193.0,,,1904.0,2532.0,4082.0,,19028.0
XAUUSD,8812cccd-a41b-4fe0-a6bf-a265e4e4a09e,2026-08-11 05:35:37.618046,2026-08-11 05:15:37.618046,in_scope,4391.46,1M,4326.0,4456.0,short,-0.15,Choppy / Neutral,Choppy,resolved,validation,-1.0,2026-08-13 19:10:00,1M,61.9062,fuera,True,9b0f4eef-327b-4823-9dcc-2a31cad87f07,0,P2-DISC,True,,,0.0,,0.0,,,,,,,,,,,,,,,,,,,
XAUUSD,8812cccd-a41b-4fe0-a6bf-a265e4e4a09e,2026-08-11 05:35:37.618046,2026-08-11 05:15:37.618046,in_scope,4391.46,1M,4326.0,4456.0,short,-0.15,Choppy / Neutral,Choppy,resolved,validation,-1.0,2026-08-13 19:10:00,1M,61.9062,fuera,True,9b0f4eef-327b-4823-9dcc-2a31cad87f07,0,2F,True,,1D=0.05 2H=0.5 1H=0.2 30M=0 5M=0.25,,,1.0,0.0,,0.0,,,1.0,1.0,0.0,,0.0,,,,,,,,,
XAUUSD,8812cccd-a41b-4fe0-a6bf-a265e4e4a09e,2026-08-11 05:35:37.618046,2026-08-11 05:15:37.618046,in_scope,4391.46,1M,4326.0,4456.0,short,-0.15,Choppy / Neutral,Choppy,resolved,validation,-1.0,2026-08-13 19:10:00,1M,61.9062,fuera,True,9b0f4eef-327b-4823-9dcc-2a31cad87f07,0,2F-LOO,True,,1D=0 2H=0.5 1H=0 30M=0.25 5M=0.25,,,1.0,0.0,,0.0,,,1.0,1.0,0.0,,0.0,,,,,,,,,
XAUUSD,9b0f4eef-327b-4823-9dcc-2a31cad87f07,2026-08-12 06:09:49.074675,2026-08-12 05:49:49.074675,in_scope,4412.81,1M,4460.0,4370.0,long,0.425,Bullish,Direccional,resolved,invalidation,-1.0,2026-08-13 00:36:00,1M,18.7697,dentro,False,,0,A,True,,1W=0.3 1D=0.25 12H=0.2 4H=0.15 1H=0.1,0.49999999999999994,1.0,1.0,0.0,1.0,0.0,0.0,1.0,,0.5,,,,1477.0,1194.0,1261.0,1525.0,,2555.0,,,
XAUUSD,9b0f4eef-327b-4823-9dcc-2a31cad87f07,2026-08-12 06:09:49.074675,2026-08-12 05:49:49.074675,in_scope,4412.81,1M,4460.0,4370.0,long,0.425,Bullish,Direccional,resolved,invalidation,-1.0,2026-08-13 00:36:00,1M,18.7697,dentro,False,,0,B,True,,1W=0.15 1D=0.2 12H=0.3 4H=0.2 1H=0.15,0.425,1.0,1.0,0.0,1.0,0.0,0.0,1.0,,0.5,,,,1477.0,1194.0,1261.0,1525.0,,2555.0,,,
XAUUSD,9b0f4eef-327b-4823-9dcc-2a31cad87f07,2026-08-12 06:09:49.074675,2026-08-12 05:49:49.074675,in_scope,4412.81,1M,4460.0,4370.0,long,0.425,Bullish,Direccional,resolved,invalidation,-1.0,2026-08-13 00:36:00,1M,18.7697,dentro,False,,0,C,True,,1W=0.15 1D=0.2 12H=0.3 4H=0.2 1H=0.15,0.275,1.0,1.0,0.0,0.0,0.0,0.0,1.0,,0.5,,,,1477.0,1194.0,1261.0,1525.0,,2555.0,,,
XAUUSD,9b0f4eef-327b-4823-9dcc-2a31cad87f07,2026-08-12 06:09:49.074675,2026-08-12 05:49:49.074675,in_scope,4412.81,1M,4460.0,4370.0,long,0.425,Bullish,Direccional,resolved,invalidation,-1.0,2026-08-13 00:36:00,1M,18.7697,dentro,False,,0,D,True,,1W=0.08 1D=0.12 12H=0.17 4H=0.22 1H=0.26 30M=0.15,0.425,1.0,1.0,0.0,0.0,0.0,0.0,1.0,,0.5,0.5,,,1477.0,1194.0,1261.0,1525.0,,2555.0,4129.0,,
XAUUSD,9b0f4eef-327b-4823-9dcc-2a31cad87f07,2026-08-12 06:09:49.074675,2026-08-12 05:49:49.074675,in_scope,4412.81,1M,4460.0,4370.0,long,0.425,Bullish,Direccional,resolved,invalidation,-1.0,2026-08-13 00:36:00,1M,18.7697,dentro,False,,0,E,True,,1W=0.07 1D=0.1 12H=0.14 4H=0.19 1H=0.24 30M=0.16 15M=0.1,0.49,1.0,1.0,0.0,0.0,0.0,0.0,1.0,,0.5,0.5,1.0,,1477.0,1194.0,1261.0,1525.0,,2555.0,4129.0,7089.0,
XAUUSD,9b0f4eef-327b-4823-9dcc-2a31cad87f07,2026-08-12 06:09:49.074675,2026-08-12 05:49:49.074675,in_scope,4412.81,1M,4460.0,4370.0,long,0.425,Bullish,Direccional,resolved,invalidation,-1.0,2026-08-13 00:36:00,1M,18.7697,dentro,False,,0,F,True,,1W=0.09412 1D=0.1412 12H=0.2 4H=0.2588 1H=0.3059,0.411764705882353,1.0,1.0,0.0,0.0,0.0,0.0,1.0,,0.5,,,,1477.0,1194.0,1261.0,1525.0,,2555.0,,,
XAUUSD,9b0f4eef-327b-4823-9dcc-2a31cad87f07,2026-08-12 06:09:49.074675,2026-08-12 05:49:49.074675,in_scope,4412.81,1M,4460.0,4370.0,long,0.425,Bullish,Direccional,resolved,invalidation,-1.0,2026-08-13 00:36:00,1M,18.7697,dentro,False,,0,G,True,,1W=0.1 1D=0.1 12H=0.1 4H=0.1 1H=0.2 30M=0.2 15M=0.2,0.5,1.0,1.0,0.0,0.0,0.0,0.0,1.0,,0.5,0.5,1.0,,1477.0,1194.0,1261.0,1525.0,,2555.0,4129.0,7089.0,
XAUUSD,9b0f4eef-327b-4823-9dcc-2a31cad87f07,2026-08-12 06:09:49.074675,2026-08-12 05:49:49.074675,in_scope,4412.81,1M,4460.0,4370.0,long,0.425,Bullish,Direccional,resolved,invalidation,-1.0,2026-08-13 00:36:00,1M,18.7697,dentro,False,,0,D-EQ,True,,1W=0.1667 1D=0.1667 12H=0.1667 4H=0.1667 1H=0.1667 30M=0.1667,0.3333333333333333,1.0,1.0,0.0,0.0,0.0,0.0,1.0,,0.5,0.5,,,1477.0,1194.0,1261.0,1525.0,,2555.0,4129.0,,
XAUUSD,9b0f4eef-327b-4823-9dcc-2a31cad87f07,2026-08-12 06:09:49.074675,2026-08-12 05:49:49.074675,in_scope,4412.81,1M,4460.0,4370.0,long,0.425,Bullish,Direccional,resolved,invalidation,-1.0,2026-08-13 00:36:00,1M,18.7697,dentro,False,,0,2A,True,,1D=0.2 2H=0.2 1H=0.2 30M=0.2 5M=0.2,0.5,1.0,1.0,0.0,,0.0,,,1.0,0.5,0.5,,0.5,,1194.0,,,1916.0,2555.0,4129.0,,19310.0
XAUUSD,9b0f4eef-327b-4823-9dcc-2a31cad87f07,2026-08-12 06:09:49.074675,2026-08-12 05:49:49.074675,in_scope,4412.81,1M,4460.0,4370.0,long,0.425,Bullish,Direccional,resolved,invalidation,-1.0,2026-08-13 00:36:00,1M,18.7697,dentro,False,,0,2B,True,,1D=0.1 2H=0.25 1H=0.25 30M=0.2 5M=0.2,0.575,1.0,1.0,0.0,,0.0,,,1.0,0.5,0.5,,0.5,,1194.0,,,1916.0,2555.0,4129.0,,19310.0
XAUUSD,9b0f4eef-327b-4823-9dcc-2a31cad87f07,2026-08-12 06:09:49.074675,2026-08-12 05:49:49.074675,in_scope,4412.81,1M,4460.0,4370.0,long,0.425,Bullish,Direccional,resolved,invalidation,-1.0,2026-08-13 00:36:00,1M,18.7697,dentro,False,,0,2C,True,,1D=0.2 2H=0.2 1H=0.2 30M=0.3 5M=0.1,0.5000000000000001,1.0,1.0,0.0,,0.0,,,1.0,0.5,0.5,,0.5,,1194.0,,,1916.0,2555.0,4129.0,,19310.0
XAUUSD,9b0f4eef-327b-4823-9dcc-2a31cad87f07,2026-08-12 06:09:49.074675,2026-08-12 05:49:49.074675,in_scope,4412.81,1M,4460.0,4370.0,long,0.425,Bullish,Direccional,resolved,invalidation,-1.0,2026-08-13 00:36:00,1M,18.7697,dentro,False,,0,2D,True,,1D=0.15 2H=0.3 1H=0.25 30M=0.2 5M=0.1,0.5750000000000001,1.0,1.0,0.0,,0.0,,,1.0,0.5,0.5,,0.5,,1194.0,,,1916.0,2555.0,4129.0,,19310.0
XAUUSD,9b0f4eef-327b-4823-9dcc-2a31cad87f07,2026-08-12 06:09:49.074675,2026-08-12 05:49:49.074675,in_scope,4412.81,1M,4460.0,4370.0,long,0.425,Bullish,Direccional,resolved,invalidation,-1.0,2026-08-13 00:36:00,1M,18.7697,dentro,False,,0,2E,True,,1D=0.1 2H=0.25 1H=0.3 30M=0.25 5M=0.1,0.5750000000000001,1.0,1.0,0.0,,0.0,,,1.0,0.5,0.5,,0.5,,1194.0,,,1916.0,2555.0,4129.0,,19310.0
XAUUSD,9b0f4eef-327b-4823-9dcc-2a31cad87f07,2026-08-12 06:09:49.074675,2026-08-12 05:49:49.074675,in_scope,4412.81,1M,4460.0,4370.0,long,0.425,Bullish,Direccional,resolved,invalidation,-1.0,2026-08-13 00:36:00,1M,18.7697,dentro,False,,0,P2-DISC,True,,,0.0,,0.0,,,,,,,,,,,,,,,,,,,
XAUUSD,9b0f4eef-327b-4823-9dcc-2a31cad87f07,2026-08-12 06:09:49.074675,2026-08-12 05:49:49.074675,in_scope,4412.81,1M,4460.0,4370.0,long,0.425,Bullish,Direccional,resolved,invalidation,-1.0,2026-08-13 00:36:00,1M,18.7697,dentro,False,,0,2F,True,,1D=0.05 2H=0.5 1H=0.2 30M=0 5M=0.25,,,1.0,0.0,,0.0,,,1.0,0.5,0.5,,0.5,,,,,,,,,
XAUUSD,9b0f4eef-327b-4823-9dcc-2a31cad87f07,2026-08-12 06:09:49.074675,2026-08-12 05:49:49.074675,in_scope,4412.81,1M,4460.0,4370.0,long,0.425,Bullish,Direccional,resolved,invalidation,-1.0,2026-08-13 00:36:00,1M,18.7697,dentro,False,,0,2F-LOO,True,,1D=0 2H=0.5 1H=0 30M=0.25 5M=0.25,,,1.0,0.0,,0.0,,,1.0,0.5,0.5,,0.5,,,,,,,,,
XAUUSD,5b17b695-15e2-4bad-a0d2-c577d6ba0b56,2026-08-13 06:17:56.172522,2026-08-13 05:57:56.172522,in_scope,4384.89,1M,4320.0,4450.0,short,-0.35,Bearish,Direccional,resolved,validation,-1.0,2026-08-13 19:18:00,1M,13.3344,dentro,False,,-2,A,True,,1W=0.3 1D=0.25 12H=0.2 4H=0.15 1H=0.1,0.44999999999999996,1.0,1.0,0.0,1.0,0.0,0.0,1.0,,0.0,,,,1477.0,1195.0,1263.0,1531.0,,2578.0,,,
XAUUSD,5b17b695-15e2-4bad-a0d2-c577d6ba0b56,2026-08-13 06:17:56.172522,2026-08-13 05:57:56.172522,in_scope,4384.89,1M,4320.0,4450.0,short,-0.35,Bearish,Direccional,resolved,validation,-1.0,2026-08-13 19:18:00,1M,13.3344,dentro,False,,-2,B,True,,1W=0.15 1D=0.2 12H=0.3 4H=0.2 1H=0.15,0.35,1.0,1.0,0.0,1.0,0.0,0.0,1.0,,0.0,,,,1477.0,1195.0,1263.0,1531.0,,2578.0,,,
XAUUSD,5b17b695-15e2-4bad-a0d2-c577d6ba0b56,2026-08-13 06:17:56.172522,2026-08-13 05:57:56.172522,in_scope,4384.89,1M,4320.0,4450.0,short,-0.35,Bearish,Direccional,resolved,validation,-1.0,2026-08-13 19:18:00,1M,13.3344,dentro,False,,-2,C,True,,1W=0.15 1D=0.2 12H=0.3 4H=0.2 1H=0.15,0.2,0.0,0.0,,0.0,0.0,0.0,1.0,,0.0,,,,1477.0,1195.0,1263.0,1531.0,,2578.0,,,
XAUUSD,5b17b695-15e2-4bad-a0d2-c577d6ba0b56,2026-08-13 06:17:56.172522,2026-08-13 05:57:56.172522,in_scope,4384.89,1M,4320.0,4450.0,short,-0.35,Bearish,Direccional,resolved,validation,-1.0,2026-08-13 19:18:00,1M,13.3344,dentro,False,,-2,D,True,,1W=0.08 1D=0.12 12H=0.17 4H=0.22 1H=0.26 30M=0.15,0.22,0.0,0.0,,0.0,0.0,0.0,1.0,,0.0,0.0,,,1477.0,1195.0,1263.0,1531.0,,2578.0,4175.0,,
XAUUSD,5b17b695-15e2-4bad-a0d2-c577d6ba0b56,2026-08-13 06:17:56.172522,2026-08-13 05:57:56.172522,in_scope,4384.89,1M,4320.0,4450.0,short,-0.35,Bearish,Direccional,resolved,validation,-1.0,2026-08-13 19:18:00,1M,13.3344,dentro,False,,-2,E,True,,1W=0.07 1D=0.1 12H=0.14 4H=0.19 1H=0.24 30M=0.16 15M=0.1,0.19,0.0,0.0,,0.0,0.0,0.0,1.0,,0.0,0.0,0.0,,1477.0,1195.0,1263.0,1531.0,,2578.0,4175.0,7181.0,
XAUUSD,5b17b695-15e2-4bad-a0d2-c577d6ba0b56,2026-08-13 06:17:56.172522,2026-08-13 05:57:56.172522,in_scope,4384.89,1M,4320.0,4450.0,short,-0.35,Bearish,Direccional,resolved,validation,-1.0,2026-08-13 19:18:00,1M,13.3344,dentro,False,,-2,F,True,,1W=0.09412 1D=0.1412 12H=0.2 4H=0.2588 1H=0.3059,0.25882352941176473,1.0,1.0,0.0,0.0,0.0,0.0,1.0,,0.0,,,,1477.0,1195.0,1263.0,1531.0,,2578.0,,,
XAUUSD,5b17b695-15e2-4bad-a0d2-c577d6ba0b56,2026-08-13 06:17:56.172522,2026-08-13 05:57:56.172522,in_scope,4384.89,1M,4320.0,4450.0,short,-0.35,Bearish,Direccional,resolved,validation,-1.0,2026-08-13 19:18:00,1M,13.3344,dentro,False,,-2,G,True,,1W=0.1 1D=0.1 12H=0.1 4H=0.1 1H=0.2 30M=0.2 15M=0.2,0.1,0.0,0.0,,0.0,0.0,0.0,1.0,,0.0,0.0,0.0,,1477.0,1195.0,1263.0,1531.0,,2578.0,4175.0,7181.0,
XAUUSD,5b17b695-15e2-4bad-a0d2-c577d6ba0b56,2026-08-13 06:17:56.172522,2026-08-13 05:57:56.172522,in_scope,4384.89,1M,4320.0,4450.0,short,-0.35,Bearish,Direccional,resolved,validation,-1.0,2026-08-13 19:18:00,1M,13.3344,dentro,False,,-2,D-EQ,True,,1W=0.1667 1D=0.1667 12H=0.1667 4H=0.1667 1H=0.1667 30M=0.1667,0.16666666666666666,0.0,0.0,,0.0,0.0,0.0,1.0,,0.0,0.0,,,1477.0,1195.0,1263.0,1531.0,,2578.0,4175.0,,
XAUUSD,5b17b695-15e2-4bad-a0d2-c577d6ba0b56,2026-08-13 06:17:56.172522,2026-08-13 05:57:56.172522,in_scope,4384.89,1M,4320.0,4450.0,short,-0.35,Bearish,Direccional,resolved,validation,-1.0,2026-08-13 19:18:00,1M,13.3344,dentro,False,,-2,2A,True,,1D=0.2 2H=0.2 1H=0.2 30M=0.2 5M=0.2,-0.2,0.0,0.0,,,0.0,,,0.0,0.0,0.0,,-1.0,,1195.0,,,1928.0,2578.0,4175.0,,19588.0
XAUUSD,5b17b695-15e2-4bad-a0d2-c577d6ba0b56,2026-08-13 06:17:56.172522,2026-08-13 05:57:56.172522,in_scope,4384.89,1M,4320.0,4450.0,short,-0.35,Bearish,Direccional,resolved,validation,-1.0,2026-08-13 19:18:00,1M,13.3344,dentro,False,,-2,2B,True,,1D=0.1 2H=0.25 1H=0.25 30M=0.2 5M=0.2,-0.2,0.0,0.0,,,0.0,,,0.0,0.0,0.0,,-1.0,,1195.0,,,1928.0,2578.0,4175.0,,19588.0
XAUUSD,5b17b695-15e2-4bad-a0d2-c577d6ba0b56,2026-08-13 06:17:56.172522,2026-08-13 05:57:56.172522,in_scope,4384.89,1M,4320.0,4450.0,short,-0.35,Bearish,Direccional,resolved,validation,-1.0,2026-08-13 19:18:00,1M,13.3344,dentro,False,,-2,2C,True,,1D=0.2 2H=0.2 1H=0.2 30M=0.3 5M=0.1,-0.1,0.0,0.0,,,0.0,,,0.0,0.0,0.0,,-1.0,,1195.0,,,1928.0,2578.0,4175.0,,19588.0
XAUUSD,5b17b695-15e2-4bad-a0d2-c577d6ba0b56,2026-08-13 06:17:56.172522,2026-08-13 05:57:56.172522,in_scope,4384.89,1M,4320.0,4450.0,short,-0.35,Bearish,Direccional,resolved,validation,-1.0,2026-08-13 19:18:00,1M,13.3344,dentro,False,,-2,2D,True,,1D=0.15 2H=0.3 1H=0.25 30M=0.2 5M=0.1,-0.1,0.0,0.0,,,0.0,,,0.0,0.0,0.0,,-1.0,,1195.0,,,1928.0,2578.0,4175.0,,19588.0
XAUUSD,5b17b695-15e2-4bad-a0d2-c577d6ba0b56,2026-08-13 06:17:56.172522,2026-08-13 05:57:56.172522,in_scope,4384.89,1M,4320.0,4450.0,short,-0.35,Bearish,Direccional,resolved,validation,-1.0,2026-08-13 19:18:00,1M,13.3344,dentro,False,,-2,2E,True,,1D=0.1 2H=0.25 1H=0.3 30M=0.25 5M=0.1,-0.1,0.0,0.0,,,0.0,,,0.0,0.0,0.0,,-1.0,,1195.0,,,1928.0,2578.0,4175.0,,19588.0
XAUUSD,5b17b695-15e2-4bad-a0d2-c577d6ba0b56,2026-08-13 06:17:56.172522,2026-08-13 05:57:56.172522,in_scope,4384.89,1M,4320.0,4450.0,short,-0.35,Bearish,Direccional,resolved,validation,-1.0,2026-08-13 19:18:00,1M,13.3344,dentro,False,,-2,P2-DISC,True,,,-2.0,,-1.0,1.0,,,,,,,,,,,,,,,,,,
XAUUSD,5b17b695-15e2-4bad-a0d2-c577d6ba0b56,2026-08-13 06:17:56.172522,2026-08-13 05:57:56.172522,in_scope,4384.89,1M,4320.0,4450.0,short,-0.35,Bearish,Direccional,resolved,validation,-1.0,2026-08-13 19:18:00,1M,13.3344,dentro,False,,-2,2F,True,,1D=0.05 2H=0.5 1H=0.2 30M=0 5M=0.25,,,-1.0,1.0,,0.0,,,0.0,0.0,0.0,,-1.0,,,,,,,,,
XAUUSD,5b17b695-15e2-4bad-a0d2-c577d6ba0b56,2026-08-13 06:17:56.172522,2026-08-13 05:57:56.172522,in_scope,4384.89,1M,4320.0,4450.0,short,-0.35,Bearish,Direccional,resolved,validation,-1.0,2026-08-13 19:18:00,1M,13.3344,dentro,False,,-2,2F-LOO,True,,1D=0 2H=0.5 1H=0.5 30M=0 5M=0,,,0.0,,,0.0,,,0.0,0.0,0.0,,-1.0,,,,,,,,,
XAUUSD,65c7627b-e09f-4729-8123-ebd7c10e5d6d,2026-08-17 06:32:30.545129,2026-08-17 06:12:30.545129,in_scope,4393.42,1M,4460.0,4318.91,long,0.225,Choppy / Neutral,Choppy,resolved,validation,1.0,2026-08-19 07:13:00,1M,49.0082,fuera,True,fdb60a42-83f6-41f1-abf1-4f005b3db6a8,1,A,True,,1W=0.3 1D=0.25 12H=0.2 4H=0.15 1H=0.1,0.4,1.0,1.0,1.0,0.5,0.0,0.0,1.0,,1.0,,,,1478.0,1197.0,1267.0,1543.0,,2625.0,,,
XAUUSD,65c7627b-e09f-4729-8123-ebd7c10e5d6d,2026-08-17 06:32:30.545129,2026-08-17 06:12:30.545129,in_scope,4393.42,1M,4460.0,4318.91,long,0.225,Choppy / Neutral,Choppy,resolved,validation,1.0,2026-08-19 07:13:00,1M,49.0082,fuera,True,fdb60a42-83f6-41f1-abf1-4f005b3db6a8,1,B,True,,1W=0.15 1D=0.2 12H=0.3 4H=0.2 1H=0.15,0.42500000000000004,1.0,1.0,1.0,0.5,0.0,0.0,1.0,,1.0,,,,1478.0,1197.0,1267.0,1543.0,,2625.0,,,
XAUUSD,65c7627b-e09f-4729-8123-ebd7c10e5d6d,2026-08-17 06:32:30.545129,2026-08-17 06:12:30.545129,in_scope,4393.42,1M,4460.0,4318.91,long,0.225,Choppy / Neutral,Choppy,resolved,validation,1.0,2026-08-19 07:13:00,1M,49.0082,fuera,True,fdb60a42-83f6-41f1-abf1-4f005b3db6a8,1,C,True,,1W=0.15 1D=0.2 12H=0.3 4H=0.2 1H=0.15,0.42500000000000004,1.0,1.0,1.0,0.5,0.0,0.0,1.0,,1.0,,,,1478.0,1197.0,1267.0,1543.0,,2625.0,,,
XAUUSD,65c7627b-e09f-4729-8123-ebd7c10e5d6d,2026-08-17 06:32:30.545129,2026-08-17 06:12:30.545129,in_scope,4393.42,1M,4460.0,4318.91,long,0.225,Choppy / Neutral,Choppy,resolved,validation,1.0,2026-08-19 07:13:00,1M,49.0082,fuera,True,fdb60a42-83f6-41f1-abf1-4f005b3db6a8,1,D,True,,1W=0.08 1D=0.12 12H=0.17 4H=0.22 1H=0.26 30M=0.15,0.52,1.0,1.0,1.0,0.5,0.0,0.0,1.0,,1.0,0.0,,,1478.0,1197.0,1267.0,1543.0,,2625.0,4268.0,,
XAUUSD,65c7627b-e09f-4729-8123-ebd7c10e5d6d,2026-08-17 06:32:30.545129,2026-08-17 06:12:30.545129,in_scope,4393.42,1M,4460.0,4318.91,long,0.225,Choppy / Neutral,Choppy,resolved,validation,1.0,2026-08-19 07:13:00,1M,49.0082,fuera,True,fdb60a42-83f6-41f1-abf1-4f005b3db6a8,1,E,True,,1W=0.07 1D=0.1 12H=0.14 4H=0.19 1H=0.24 30M=0.16 15M=0.1,0.46499999999999997,1.0,1.0,1.0,0.5,0.0,0.0,1.0,,1.0,0.0,0.0,,1478.0,1197.0,1267.0,1543.0,,2625.0,4268.0,7366.0,
XAUUSD,65c7627b-e09f-4729-8123-ebd7c10e5d6d,2026-08-17 06:32:30.545129,2026-08-17 06:12:30.545129,in_scope,4393.42,1M,4460.0,4318.91,long,0.225,Choppy / Neutral,Choppy,resolved,validation,1.0,2026-08-19 07:13:00,1M,49.0082,fuera,True,fdb60a42-83f6-41f1-abf1-4f005b3db6a8,1,F,True,,1W=0.09412 1D=0.1412 12H=0.2 4H=0.2588 1H=0.3059,0.611764705882353,1.0,1.0,1.0,0.5,0.0,0.0,1.0,,1.0,,,,1478.0,1197.0,1267.0,1543.0,,2625.0,,,
XAUUSD,65c7627b-e09f-4729-8123-ebd7c10e5d6d,2026-08-17 06:32:30.545129,2026-08-17 06:12:30.545129,in_scope,4393.42,1M,4460.0,4318.91,long,0.225,Choppy / Neutral,Choppy,resolved,validation,1.0,2026-08-19 07:13:00,1M,49.0082,fuera,True,fdb60a42-83f6-41f1-abf1-4f005b3db6a8,1,G,True,,1W=0.1 1D=0.1 12H=0.1 4H=0.1 1H=0.2 30M=0.2 15M=0.2,0.35000000000000003,1.0,1.0,1.0,0.5,0.0,0.0,1.0,,1.0,0.0,0.0,,1478.0,1197.0,1267.0,1543.0,,2625.0,4268.0,7366.0,
XAUUSD,65c7627b-e09f-4729-8123-ebd7c10e5d6d,2026-08-17 06:32:30.545129,2026-08-17 06:12:30.545129,in_scope,4393.42,1M,4460.0,4318.91,long,0.225,Choppy / Neutral,Choppy,resolved,validation,1.0,2026-08-19 07:13:00,1M,49.0082,fuera,True,fdb60a42-83f6-41f1-abf1-4f005b3db6a8,1,D-EQ,True,,1W=0.1667 1D=0.1667 12H=0.1667 4H=0.1667 1H=0.1667 30M=0.1667,0.41666666666666663,1.0,1.0,1.0,0.5,0.0,0.0,1.0,,1.0,0.0,,,1478.0,1197.0,1267.0,1543.0,,2625.0,4268.0,,
XAUUSD,65c7627b-e09f-4729-8123-ebd7c10e5d6d,2026-08-17 06:32:30.545129,2026-08-17 06:12:30.545129,in_scope,4393.42,1M,4460.0,4318.91,long,0.225,Choppy / Neutral,Choppy,resolved,validation,1.0,2026-08-19 07:13:00,1M,49.0082,fuera,True,fdb60a42-83f6-41f1-abf1-4f005b3db6a8,1,2A,True,,1D=0.2 2H=0.2 1H=0.2 30M=0.2 5M=0.2,0.30000000000000004,1.0,1.0,1.0,,0.0,,,0.5,1.0,0.0,,0.0,,1197.0,,,1952.0,2625.0,4268.0,,20143.0
XAUUSD,65c7627b-e09f-4729-8123-ebd7c10e5d6d,2026-08-17 06:32:30.545129,2026-08-17 06:12:30.545129,in_scope,4393.42,1M,4460.0,4318.91,long,0.225,Choppy / Neutral,Choppy,resolved,validation,1.0,2026-08-19 07:13:00,1M,49.0082,fuera,True,fdb60a42-83f6-41f1-abf1-4f005b3db6a8,1,2B,True,,1D=0.1 2H=0.25 1H=0.25 30M=0.2 5M=0.2,0.375,1.0,1.0,1.0,,0.0,,,0.5,1.0,0.0,,0.0,,1197.0,,,1952.0,2625.0,4268.0,,20143.0
XAUUSD,65c7627b-e09f-4729-8123-ebd7c10e5d6d,2026-08-17 06:32:30.545129,2026-08-17 06:12:30.545129,in_scope,4393.42,1M,4460.0,4318.91,long,0.225,Choppy / Neutral,Choppy,resolved,validation,1.0,2026-08-19 07:13:00,1M,49.0082,fuera,True,fdb60a42-83f6-41f1-abf1-4f005b3db6a8,1,2C,True,,1D=0.2 2H=0.2 1H=0.2 30M=0.3 5M=0.1,0.30000000000000004,1.0,1.0,1.0,,0.0,,,0.5,1.0,0.0,,0.0,,1197.0,,,1952.0,2625.0,4268.0,,20143.0
XAUUSD,65c7627b-e09f-4729-8123-ebd7c10e5d6d,2026-08-17 06:32:30.545129,2026-08-17 06:12:30.545129,in_scope,4393.42,1M,4460.0,4318.91,long,0.225,Choppy / Neutral,Choppy,resolved,validation,1.0,2026-08-19 07:13:00,1M,49.0082,fuera,True,fdb60a42-83f6-41f1-abf1-4f005b3db6a8,1,2D,True,,1D=0.15 2H=0.3 1H=0.25 30M=0.2 5M=0.1,0.4,1.0,1.0,1.0,,0.0,,,0.5,1.0,0.0,,0.0,,1197.0,,,1952.0,2625.0,4268.0,,20143.0
XAUUSD,65c7627b-e09f-4729-8123-ebd7c10e5d6d,2026-08-17 06:32:30.545129,2026-08-17 06:12:30.545129,in_scope,4393.42,1M,4460.0,4318.91,long,0.225,Choppy / Neutral,Choppy,resolved,validation,1.0,2026-08-19 07:13:00,1M,49.0082,fuera,True,fdb60a42-83f6-41f1-abf1-4f005b3db6a8,1,2E,True,,1D=0.1 2H=0.25 1H=0.3 30M=0.25 5M=0.1,0.425,1.0,1.0,1.0,,0.0,,,0.5,1.0,0.0,,0.0,,1197.0,,,1952.0,2625.0,4268.0,,20143.0
XAUUSD,65c7627b-e09f-4729-8123-ebd7c10e5d6d,2026-08-17 06:32:30.545129,2026-08-17 06:12:30.545129,in_scope,4393.42,1M,4460.0,4318.91,long,0.225,Choppy / Neutral,Choppy,resolved,validation,1.0,2026-08-19 07:13:00,1M,49.0082,fuera,True,fdb60a42-83f6-41f1-abf1-4f005b3db6a8,1,P2-DISC,True,,,1.0,,1.0,1.0,,,,,,,,,,,,,,,,,,
XAUUSD,65c7627b-e09f-4729-8123-ebd7c10e5d6d,2026-08-17 06:32:30.545129,2026-08-17 06:12:30.545129,in_scope,4393.42,1M,4460.0,4318.91,long,0.225,Choppy / Neutral,Choppy,resolved,validation,1.0,2026-08-19 07:13:00,1M,49.0082,fuera,True,fdb60a42-83f6-41f1-abf1-4f005b3db6a8,1,2F,True,,1D=0.05 2H=0.5 1H=0.2 30M=0 5M=0.25,,,1.0,1.0,,0.0,,,0.5,1.0,0.0,,0.0,,,,,,,,,
XAUUSD,65c7627b-e09f-4729-8123-ebd7c10e5d6d,2026-08-17 06:32:30.545129,2026-08-17 06:12:30.545129,in_scope,4393.42,1M,4460.0,4318.91,long,0.225,Choppy / Neutral,Choppy,resolved,validation,1.0,2026-08-19 07:13:00,1M,49.0082,fuera,True,fdb60a42-83f6-41f1-abf1-4f005b3db6a8,1,2F-LOO,True,,1D=0 2H=0.5 1H=0 30M=0.25 5M=0.25,,,1.0,1.0,,0.0,,,0.5,1.0,0.0,,0.0,,,,,,,,,
XAUUSD,fdb60a42-83f6-41f1-abf1-4f005b3db6a8,2026-08-18 06:20:39.005730,2026-08-18 06:00:39.005730,in_scope,4396.0,1M,4312.0,4450.0,short,-0.375,Bearish,Direccional,resolved,invalidation,1.0,2026-08-19 07:12:00,1M,25.1892,dentro,True,285714b9-2ffe-4119-88a2-b237dd78adfc,0,A,True,,1W=0.3 1D=0.25 12H=0.2 4H=0.15 1H=0.1,0.3,1.0,1.0,1.0,0.5,0.0,0.0,1.0,,0.0,,,,1478.0,1198.0,1269.0,1549.0,,2648.0,,,
XAUUSD,fdb60a42-83f6-41f1-abf1-4f005b3db6a8,2026-08-18 06:20:39.005730,2026-08-18 06:00:39.005730,in_scope,4396.0,1M,4312.0,4450.0,short,-0.375,Bearish,Direccional,resolved,invalidation,1.0,2026-08-19 07:12:00,1M,25.1892,dentro,True,285714b9-2ffe-4119-88a2-b237dd78adfc,0,B,True,,1W=0.15 1D=0.2 12H=0.3 4H=0.2 1H=0.15,0.275,1.0,1.0,1.0,0.5,0.0,0.0,1.0,,0.0,,,,1478.0,1198.0,1269.0,1549.0,,2648.0,,,
XAUUSD,fdb60a42-83f6-41f1-abf1-4f005b3db6a8,2026-08-18 06:20:39.005730,2026-08-18 06:00:39.005730,in_scope,4396.0,1M,4312.0,4450.0,short,-0.375,Bearish,Direccional,resolved,invalidation,1.0,2026-08-19 07:12:00,1M,25.1892,dentro,True,285714b9-2ffe-4119-88a2-b237dd78adfc,0,C,True,,1W=0.15 1D=0.2 12H=0.3 4H=0.2 1H=0.15,0.275,1.0,1.0,1.0,0.5,0.0,0.0,1.0,,0.0,,,,1478.0,1198.0,1269.0,1549.0,,2648.0,,,
XAUUSD,fdb60a42-83f6-41f1-abf1-4f005b3db6a8,2026-08-18 06:20:39.005730,2026-08-18 06:00:39.005730,in_scope,4396.0,1M,4312.0,4450.0,short,-0.375,Bearish,Direccional,resolved,invalidation,1.0,2026-08-19 07:12:00,1M,25.1892,dentro,True,285714b9-2ffe-4119-88a2-b237dd78adfc,0,D,True,,1W=0.08 1D=0.12 12H=0.17 4H=0.22 1H=0.26 30M=0.15,0.26,1.0,1.0,1.0,0.5,0.0,0.0,1.0,,0.0,0.0,,,1478.0,1198.0,1269.0,1549.0,,2648.0,4314.0,,
XAUUSD,fdb60a42-83f6-41f1-abf1-4f005b3db6a8,2026-08-18 06:20:39.005730,2026-08-18 06:00:39.005730,in_scope,4396.0,1M,4312.0,4450.0,short,-0.375,Bearish,Direccional,resolved,invalidation,1.0,2026-08-19 07:12:00,1M,25.1892,dentro,True,285714b9-2ffe-4119-88a2-b237dd78adfc,0,E,True,,1W=0.07 1D=0.1 12H=0.14 4H=0.19 1H=0.24 30M=0.16 15M=0.1,0.225,0.0,0.0,,0.5,0.0,0.0,1.0,,0.0,0.0,0.0,,1478.0,1198.0,1269.0,1549.0,,2648.0,4314.0,7458.0,
XAUUSD,fdb60a42-83f6-41f1-abf1-4f005b3db6a8,2026-08-18 06:20:39.005730,2026-08-18 06:00:39.005730,in_scope,4396.0,1M,4312.0,4450.0,short,-0.375,Bearish,Direccional,resolved,invalidation,1.0,2026-08-19 07:12:00,1M,25.1892,dentro,True,285714b9-2ffe-4119-88a2-b237dd78adfc,0,F,True,,1W=0.09412 1D=0.1412 12H=0.2 4H=0.2588 1H=0.3059,0.3058823529411765,1.0,1.0,1.0,0.5,0.0,0.0,1.0,,0.0,,,,1478.0,1198.0,1269.0,1549.0,,2648.0,,,
XAUUSD,fdb60a42-83f6-41f1-abf1-4f005b3db6a8,2026-08-18 06:20:39.005730,2026-08-18 06:00:39.005730,in_scope,4396.0,1M,4312.0,4450.0,short,-0.375,Bearish,Direccional,resolved,invalidation,1.0,2026-08-19 07:12:00,1M,25.1892,dentro,True,285714b9-2ffe-4119-88a2-b237dd78adfc,0,G,True,,1W=0.1 1D=0.1 12H=0.1 4H=0.1 1H=0.2 30M=0.2 15M=0.2,0.15000000000000002,0.0,0.0,,0.5,0.0,0.0,1.0,,0.0,0.0,0.0,,1478.0,1198.0,1269.0,1549.0,,2648.0,4314.0,7458.0,
XAUUSD,fdb60a42-83f6-41f1-abf1-4f005b3db6a8,2026-08-18 06:20:39.005730,2026-08-18 06:00:39.005730,in_scope,4396.0,1M,4312.0,4450.0,short,-0.375,Bearish,Direccional,resolved,invalidation,1.0,2026-08-19 07:12:00,1M,25.1892,dentro,True,285714b9-2ffe-4119-88a2-b237dd78adfc,0,D-EQ,True,,1W=0.1667 1D=0.1667 12H=0.1667 4H=0.1667 1H=0.1667 30M=0.1667,0.25,1.0,1.0,1.0,0.5,0.0,0.0,1.0,,0.0,0.0,,,1478.0,1198.0,1269.0,1549.0,,2648.0,4314.0,,
XAUUSD,fdb60a42-83f6-41f1-abf1-4f005b3db6a8,2026-08-18 06:20:39.005730,2026-08-18 06:00:39.005730,in_scope,4396.0,1M,4312.0,4450.0,short,-0.375,Bearish,Direccional,resolved,invalidation,1.0,2026-08-19 07:12:00,1M,25.1892,dentro,True,285714b9-2ffe-4119-88a2-b237dd78adfc,0,2A,True,,1D=0.2 2H=0.2 1H=0.2 30M=0.2 5M=0.2,0.0,0.0,0.0,,,0.0,,,0.0,0.0,0.0,,0.0,,1198.0,,,1964.0,2648.0,4314.0,,20417.0
XAUUSD,fdb60a42-83f6-41f1-abf1-4f005b3db6a8,2026-08-18 06:20:39.005730,2026-08-18 06:00:39.005730,in_scope,4396.0,1M,4312.0,4450.0,short,-0.375,Bearish,Direccional,resolved,invalidation,1.0,2026-08-19 07:12:00,1M,25.1892,dentro,True,285714b9-2ffe-4119-88a2-b237dd78adfc,0,2B,True,,1D=0.1 2H=0.25 1H=0.25 30M=0.2 5M=0.2,0.0,0.0,0.0,,,0.0,,,0.0,0.0,0.0,,0.0,,1198.0,,,1964.0,2648.0,4314.0,,20417.0
XAUUSD,fdb60a42-83f6-41f1-abf1-4f005b3db6a8,2026-08-18 06:20:39.005730,2026-08-18 06:00:39.005730,in_scope,4396.0,1M,4312.0,4450.0,short,-0.375,Bearish,Direccional,resolved,invalidation,1.0,2026-08-19 07:12:00,1M,25.1892,dentro,True,285714b9-2ffe-4119-88a2-b237dd78adfc,0,2C,True,,1D=0.2 2H=0.2 1H=0.2 30M=0.3 5M=0.1,0.0,0.0,0.0,,,0.0,,,0.0,0.0,0.0,,0.0,,1198.0,,,1964.0,2648.0,4314.0,,20417.0
XAUUSD,fdb60a42-83f6-41f1-abf1-4f005b3db6a8,2026-08-18 06:20:39.005730,2026-08-18 06:00:39.005730,in_scope,4396.0,1M,4312.0,4450.0,short,-0.375,Bearish,Direccional,resolved,invalidation,1.0,2026-08-19 07:12:00,1M,25.1892,dentro,True,285714b9-2ffe-4119-88a2-b237dd78adfc,0,2D,True,,1D=0.15 2H=0.3 1H=0.25 30M=0.2 5M=0.1,0.0,0.0,0.0,,,0.0,,,0.0,0.0,0.0,,0.0,,1198.0,,,1964.0,2648.0,4314.0,,20417.0
XAUUSD,fdb60a42-83f6-41f1-abf1-4f005b3db6a8,2026-08-18 06:20:39.005730,2026-08-18 06:00:39.005730,in_scope,4396.0,1M,4312.0,4450.0,short,-0.375,Bearish,Direccional,resolved,invalidation,1.0,2026-08-19 07:12:00,1M,25.1892,dentro,True,285714b9-2ffe-4119-88a2-b237dd78adfc,0,2E,True,,1D=0.1 2H=0.25 1H=0.3 30M=0.25 5M=0.1,0.0,0.0,0.0,,,0.0,,,0.0,0.0,0.0,,0.0,,1198.0,,,1964.0,2648.0,4314.0,,20417.0
XAUUSD,fdb60a42-83f6-41f1-abf1-4f005b3db6a8,2026-08-18 06:20:39.005730,2026-08-18 06:00:39.005730,in_scope,4396.0,1M,4312.0,4450.0,short,-0.375,Bearish,Direccional,resolved,invalidation,1.0,2026-08-19 07:12:00,1M,25.1892,dentro,True,285714b9-2ffe-4119-88a2-b237dd78adfc,0,P2-DISC,True,,,0.0,,0.0,,,,,,,,,,,,,,,,,,,
XAUUSD,fdb60a42-83f6-41f1-abf1-4f005b3db6a8,2026-08-18 06:20:39.005730,2026-08-18 06:00:39.005730,in_scope,4396.0,1M,4312.0,4450.0,short,-0.375,Bearish,Direccional,resolved,invalidation,1.0,2026-08-19 07:12:00,1M,25.1892,dentro,True,285714b9-2ffe-4119-88a2-b237dd78adfc,0,2F,True,,1D=0.05 2H=0.5 1H=0.2 30M=0 5M=0.25,,,0.0,,,0.0,,,0.0,0.0,0.0,,0.0,,,,,,,,,
XAUUSD,fdb60a42-83f6-41f1-abf1-4f005b3db6a8,2026-08-18 06:20:39.005730,2026-08-18 06:00:39.005730,in_scope,4396.0,1M,4312.0,4450.0,short,-0.375,Bearish,Direccional,resolved,invalidation,1.0,2026-08-19 07:12:00,1M,25.1892,dentro,True,285714b9-2ffe-4119-88a2-b237dd78adfc,0,2F-LOO,True,,1D=0 2H=0.5 1H=0 30M=0.25 5M=0.25,,,0.0,,,0.0,,,0.0,0.0,0.0,,0.0,,,,,,,,,
XAUUSD,285714b9-2ffe-4119-88a2-b237dd78adfc,2026-08-19 06:25:54.278872,2026-08-19 06:05:54.278872,in_scope,4364.09,1M,4400.0,4335.0,long,0.225,Choppy / Neutral,Choppy,resolved,validation,1.0,2026-08-19 06:37:00,1M,0.5183,dentro,False,,0,A,True,,1W=0.3 1D=0.25 12H=0.2 4H=0.15 1H=0.1,0.44999999999999996,1.0,1.0,1.0,0.5,0.0,1.0,0.0,,1.0,,,,1478.0,1199.0,1271.0,1555.0,,2671.0,,,
XAUUSD,285714b9-2ffe-4119-88a2-b237dd78adfc,2026-08-19 06:25:54.278872,2026-08-19 06:05:54.278872,in_scope,4364.09,1M,4400.0,4335.0,long,0.225,Choppy / Neutral,Choppy,resolved,validation,1.0,2026-08-19 06:37:00,1M,0.5183,dentro,False,,0,B,True,,1W=0.15 1D=0.2 12H=0.3 4H=0.2 1H=0.15,0.075,0.0,0.0,,0.5,0.0,0.0,0.0,,0.0,,,,1478.0,1199.0,1271.0,1555.0,,2671.0,,,
XAUUSD,285714b9-2ffe-4119-88a2-b237dd78adfc,2026-08-19 06:25:54.278872,2026-08-19 06:05:54.278872,in_scope,4364.09,1M,4400.0,4335.0,long,0.225,Choppy / Neutral,Choppy,resolved,validation,1.0,2026-08-19 06:37:00,1M,0.5183,dentro,False,,0,C,True,,1W=0.15 1D=0.2 12H=0.3 4H=0.2 1H=0.15,0.075,0.0,0.0,,0.5,0.0,0.0,0.0,,0.0,,,,1478.0,1199.0,1271.0,1555.0,,2671.0,,,
XAUUSD,285714b9-2ffe-4119-88a2-b237dd78adfc,2026-08-19 06:25:54.278872,2026-08-19 06:05:54.278872,in_scope,4364.09,1M,4400.0,4335.0,long,0.225,Choppy / Neutral,Choppy,resolved,validation,1.0,2026-08-19 06:37:00,1M,0.5183,dentro,False,,0,D,True,,1W=0.08 1D=0.12 12H=0.17 4H=0.22 1H=0.26 30M=0.15,0.04,0.0,0.0,,0.5,0.0,0.0,0.0,,0.0,0.0,,,1478.0,1199.0,1271.0,1555.0,,2671.0,4360.0,,
XAUUSD,285714b9-2ffe-4119-88a2-b237dd78adfc,2026-08-19 06:25:54.278872,2026-08-19 06:05:54.278872,in_scope,4364.09,1M,4400.0,4335.0,long,0.225,Choppy / Neutral,Choppy,resolved,validation,1.0,2026-08-19 06:37:00,1M,0.5183,dentro,False,,0,E,True,,1W=0.07 1D=0.1 12H=0.14 4H=0.19 1H=0.24 30M=0.16 15M=0.1,0.035,0.0,0.0,,0.5,0.0,0.0,0.0,,0.0,0.0,0.0,,1478.0,1199.0,1271.0,1555.0,,2671.0,4360.0,7550.0,
XAUUSD,285714b9-2ffe-4119-88a2-b237dd78adfc,2026-08-19 06:25:54.278872,2026-08-19 06:05:54.278872,in_scope,4364.09,1M,4400.0,4335.0,long,0.225,Choppy / Neutral,Choppy,resolved,validation,1.0,2026-08-19 06:37:00,1M,0.5183,dentro,False,,0,F,True,,1W=0.09412 1D=0.1412 12H=0.2 4H=0.2588 1H=0.3059,0.047058823529411764,0.0,0.0,,0.5,0.0,0.0,0.0,,0.0,,,,1478.0,1199.0,1271.0,1555.0,,2671.0,,,
XAUUSD,285714b9-2ffe-4119-88a2-b237dd78adfc,2026-08-19 06:25:54.278872,2026-08-19 06:05:54.278872,in_scope,4364.09,1M,4400.0,4335.0,long,0.225,Choppy / Neutral,Choppy,resolved,validation,1.0,2026-08-19 06:37:00,1M,0.5183,dentro,False,,0,G,True,,1W=0.1 1D=0.1 12H=0.1 4H=0.1 1H=0.2 30M=0.2 15M=0.2,0.05,0.0,0.0,,0.5,0.0,0.0,0.0,,0.0,0.0,0.0,,1478.0,1199.0,1271.0,1555.0,,2671.0,4360.0,7550.0,
XAUUSD,285714b9-2ffe-4119-88a2-b237dd78adfc,2026-08-19 06:25:54.278872,2026-08-19 06:05:54.278872,in_scope,4364.09,1M,4400.0,4335.0,long,0.225,Choppy / Neutral,Choppy,resolved,validation,1.0,2026-08-19 06:37:00,1M,0.5183,dentro,False,,0,D-EQ,True,,1W=0.1667 1D=0.1667 12H=0.1667 4H=0.1667 1H=0.1667 30M=0.1667,0.08333333333333333,0.0,0.0,,0.5,0.0,0.0,0.0,,0.0,0.0,,,1478.0,1199.0,1271.0,1555.0,,2671.0,4360.0,,
XAUUSD,285714b9-2ffe-4119-88a2-b237dd78adfc,2026-08-19 06:25:54.278872,2026-08-19 06:05:54.278872,in_scope,4364.09,1M,4400.0,4335.0,long,0.225,Choppy / Neutral,Choppy,resolved,validation,1.0,2026-08-19 06:37:00,1M,0.5183,dentro,False,,0,2A,True,,1D=0.2 2H=0.2 1H=0.2 30M=0.2 5M=0.2,0.0,0.0,0.0,,,0.0,,,0.0,0.0,0.0,,0.0,,1199.0,,,1976.0,2671.0,4360.0,,20694.0
XAUUSD,285714b9-2ffe-4119-88a2-b237dd78adfc,2026-08-19 06:25:54.278872,2026-08-19 06:05:54.278872,in_scope,4364.09,1M,4400.0,4335.0,long,0.225,Choppy / Neutral,Choppy,resolved,validation,1.0,2026-08-19 06:37:00,1M,0.5183,dentro,False,,0,2B,True,,1D=0.1 2H=0.25 1H=0.25 30M=0.2 5M=0.2,0.0,0.0,0.0,,,0.0,,,0.0,0.0,0.0,,0.0,,1199.0,,,1976.0,2671.0,4360.0,,20694.0
XAUUSD,285714b9-2ffe-4119-88a2-b237dd78adfc,2026-08-19 06:25:54.278872,2026-08-19 06:05:54.278872,in_scope,4364.09,1M,4400.0,4335.0,long,0.225,Choppy / Neutral,Choppy,resolved,validation,1.0,2026-08-19 06:37:00,1M,0.5183,dentro,False,,0,2C,True,,1D=0.2 2H=0.2 1H=0.2 30M=0.3 5M=0.1,0.0,0.0,0.0,,,0.0,,,0.0,0.0,0.0,,0.0,,1199.0,,,1976.0,2671.0,4360.0,,20694.0
XAUUSD,285714b9-2ffe-4119-88a2-b237dd78adfc,2026-08-19 06:25:54.278872,2026-08-19 06:05:54.278872,in_scope,4364.09,1M,4400.0,4335.0,long,0.225,Choppy / Neutral,Choppy,resolved,validation,1.0,2026-08-19 06:37:00,1M,0.5183,dentro,False,,0,2D,True,,1D=0.15 2H=0.3 1H=0.25 30M=0.2 5M=0.1,0.0,0.0,0.0,,,0.0,,,0.0,0.0,0.0,,0.0,,1199.0,,,1976.0,2671.0,4360.0,,20694.0
XAUUSD,285714b9-2ffe-4119-88a2-b237dd78adfc,2026-08-19 06:25:54.278872,2026-08-19 06:05:54.278872,in_scope,4364.09,1M,4400.0,4335.0,long,0.225,Choppy / Neutral,Choppy,resolved,validation,1.0,2026-08-19 06:37:00,1M,0.5183,dentro,False,,0,2E,True,,1D=0.1 2H=0.25 1H=0.3 30M=0.25 5M=0.1,0.0,0.0,0.0,,,0.0,,,0.0,0.0,0.0,,0.0,,1199.0,,,1976.0,2671.0,4360.0,,20694.0
XAUUSD,285714b9-2ffe-4119-88a2-b237dd78adfc,2026-08-19 06:25:54.278872,2026-08-19 06:05:54.278872,in_scope,4364.09,1M,4400.0,4335.0,long,0.225,Choppy / Neutral,Choppy,resolved,validation,1.0,2026-08-19 06:37:00,1M,0.5183,dentro,False,,0,P2-DISC,True,,,0.0,,0.0,,,,,,,,,,,,,,,,,,,
XAUUSD,285714b9-2ffe-4119-88a2-b237dd78adfc,2026-08-19 06:25:54.278872,2026-08-19 06:05:54.278872,in_scope,4364.09,1M,4400.0,4335.0,long,0.225,Choppy / Neutral,Choppy,resolved,validation,1.0,2026-08-19 06:37:00,1M,0.5183,dentro,False,,0,2F,True,,1D=0.05 2H=0.5 1H=0.2 30M=0 5M=0.25,,,0.0,,,0.0,,,0.0,0.0,0.0,,0.0,,,,,,,,,
XAUUSD,285714b9-2ffe-4119-88a2-b237dd78adfc,2026-08-19 06:25:54.278872,2026-08-19 06:05:54.278872,in_scope,4364.09,1M,4400.0,4335.0,long,0.225,Choppy / Neutral,Choppy,resolved,validation,1.0,2026-08-19 06:37:00,1M,0.5183,dentro,False,,0,2F-LOO,True,,1D=0 2H=0.5 1H=0 30M=0.25 5M=0.25,,,0.0,,,0.0,,,0.0,0.0,0.0,,0.0,,,,,,,,,
XAUUSD,cf43465b-c60d-47bb-8312-51a7e11ad2f8,2026-08-20 06:32:11.229914,2026-08-20 06:12:11.229914,in_scope,4460.6,1M,4560.0,4375.0,long,0.425,Bullish,Direccional,resolved,validation,1.0,2026-08-21 00:33:00,1M,18.3469,dentro,True,0df23244-3abe-49a5-847a-7cd34277cc4a,1,A,True,,1W=0.3 1D=0.25 12H=0.2 4H=0.15 1H=0.1,0.5,1.0,1.0,1.0,0.5,0.0,1.0,1.0,,0.0,,,,1478.0,1200.0,1273.0,1561.0,,2694.0,,,
XAUUSD,cf43465b-c60d-47bb-8312-51a7e11ad2f8,2026-08-20 06:32:11.229914,2026-08-20 06:12:11.229914,in_scope,4460.6,1M,4560.0,4375.0,long,0.425,Bullish,Direccional,resolved,validation,1.0,2026-08-21 00:33:00,1M,18.3469,dentro,True,0df23244-3abe-49a5-847a-7cd34277cc4a,1,B,True,,1W=0.15 1D=0.2 12H=0.3 4H=0.2 1H=0.15,0.275,1.0,1.0,1.0,0.5,0.0,0.0,1.0,,0.0,,,,1478.0,1200.0,1273.0,1561.0,,2694.0,,,
XAUUSD,cf43465b-c60d-47bb-8312-51a7e11ad2f8,2026-08-20 06:32:11.229914,2026-08-20 06:12:11.229914,in_scope,4460.6,1M,4560.0,4375.0,long,0.425,Bullish,Direccional,resolved,validation,1.0,2026-08-21 00:33:00,1M,18.3469,dentro,True,0df23244-3abe-49a5-847a-7cd34277cc4a,1,C,True,,1W=0.15 1D=0.2 12H=0.3 4H=0.2 1H=0.15,0.275,1.0,1.0,1.0,0.5,0.0,0.0,1.0,,0.0,,,,1478.0,1200.0,1273.0,1561.0,,2694.0,,,
XAUUSD,cf43465b-c60d-47bb-8312-51a7e11ad2f8,2026-08-20 06:32:11.229914,2026-08-20 06:12:11.229914,in_scope,4460.6,1M,4560.0,4375.0,long,0.425,Bullish,Direccional,resolved,validation,1.0,2026-08-21 00:33:00,1M,18.3469,dentro,True,0df23244-3abe-49a5-847a-7cd34277cc4a,1,D,True,,1W=0.08 1D=0.12 12H=0.17 4H=0.22 1H=0.26 30M=0.15,0.26,1.0,1.0,1.0,0.5,0.0,0.0,1.0,,0.0,0.0,,,1478.0,1200.0,1273.0,1561.0,,2694.0,4406.0,,
XAUUSD,cf43465b-c60d-47bb-8312-51a7e11ad2f8,2026-08-20 06:32:11.229914,2026-08-20 06:12:11.229914,in_scope,4460.6,1M,4560.0,4375.0,long,0.425,Bullish,Direccional,resolved,validation,1.0,2026-08-21 00:33:00,1M,18.3469,dentro,True,0df23244-3abe-49a5-847a-7cd34277cc4a,1,E,True,,1W=0.07 1D=0.1 12H=0.14 4H=0.19 1H=0.24 30M=0.16 15M=0.1,0.225,0.0,0.0,,0.5,0.0,0.0,1.0,,0.0,0.0,0.0,,1478.0,1200.0,1273.0,1561.0,,2694.0,4406.0,7642.0,
XAUUSD,cf43465b-c60d-47bb-8312-51a7e11ad2f8,2026-08-20 06:32:11.229914,2026-08-20 06:12:11.229914,in_scope,4460.6,1M,4560.0,4375.0,long,0.425,Bullish,Direccional,resolved,validation,1.0,2026-08-21 00:33:00,1M,18.3469,dentro,True,0df23244-3abe-49a5-847a-7cd34277cc4a,1,F,True,,1W=0.09412 1D=0.1412 12H=0.2 4H=0.2588 1H=0.3059,0.3058823529411765,1.0,1.0,1.0,0.5,0.0,0.0,1.0,,0.0,,,,1478.0,1200.0,1273.0,1561.0,,2694.0,,,
XAUUSD,cf43465b-c60d-47bb-8312-51a7e11ad2f8,2026-08-20 06:32:11.229914,2026-08-20 06:12:11.229914,in_scope,4460.6,1M,4560.0,4375.0,long,0.425,Bullish,Direccional,resolved,validation,1.0,2026-08-21 00:33:00,1M,18.3469,dentro,True,0df23244-3abe-49a5-847a-7cd34277cc4a,1,G,True,,1W=0.1 1D=0.1 12H=0.1 4H=0.1 1H=0.2 30M=0.2 15M=0.2,0.15000000000000002,0.0,0.0,,0.5,0.0,0.0,1.0,,0.0,0.0,0.0,,1478.0,1200.0,1273.0,1561.0,,2694.0,4406.0,7642.0,
XAUUSD,cf43465b-c60d-47bb-8312-51a7e11ad2f8,2026-08-20 06:32:11.229914,2026-08-20 06:12:11.229914,in_scope,4460.6,1M,4560.0,4375.0,long,0.425,Bullish,Direccional,resolved,validation,1.0,2026-08-21 00:33:00,1M,18.3469,dentro,True,0df23244-3abe-49a5-847a-7cd34277cc4a,1,D-EQ,True,,1W=0.1667 1D=0.1667 12H=0.1667 4H=0.1667 1H=0.1667 30M=0.1667,0.25,1.0,1.0,1.0,0.5,0.0,0.0,1.0,,0.0,0.0,,,1478.0,1200.0,1273.0,1561.0,,2694.0,4406.0,,
XAUUSD,cf43465b-c60d-47bb-8312-51a7e11ad2f8,2026-08-20 06:32:11.229914,2026-08-20 06:12:11.229914,in_scope,4460.6,1M,4560.0,4375.0,long,0.425,Bullish,Direccional,resolved,validation,1.0,2026-08-21 00:33:00,1M,18.3469,dentro,True,0df23244-3abe-49a5-847a-7cd34277cc4a,1,2A,True,,1D=0.2 2H=0.2 1H=0.2 30M=0.2 5M=0.2,0.2,0.0,0.0,,,0.0,,,1.0,0.0,0.0,,0.0,,1200.0,,,1988.0,2694.0,4406.0,,20971.0
XAUUSD,cf43465b-c60d-47bb-8312-51a7e11ad2f8,2026-08-20 06:32:11.229914,2026-08-20 06:12:11.229914,in_scope,4460.6,1M,4560.0,4375.0,long,0.425,Bullish,Direccional,resolved,validation,1.0,2026-08-21 00:33:00,1M,18.3469,dentro,True,0df23244-3abe-49a5-847a-7cd34277cc4a,1,2B,True,,1D=0.1 2H=0.25 1H=0.25 30M=0.2 5M=0.2,0.25,1.0,1.0,1.0,,0.0,,,1.0,0.0,0.0,,0.0,,1200.0,,,1988.0,2694.0,4406.0,,20971.0
XAUUSD,cf43465b-c60d-47bb-8312-51a7e11ad2f8,2026-08-20 06:32:11.229914,2026-08-20 06:12:11.229914,in_scope,4460.6,1M,4560.0,4375.0,long,0.425,Bullish,Direccional,resolved,validation,1.0,2026-08-21 00:33:00,1M,18.3469,dentro,True,0df23244-3abe-49a5-847a-7cd34277cc4a,1,2C,True,,1D=0.2 2H=0.2 1H=0.2 30M=0.3 5M=0.1,0.2,0.0,0.0,,,0.0,,,1.0,0.0,0.0,,0.0,,1200.0,,,1988.0,2694.0,4406.0,,20971.0
XAUUSD,cf43465b-c60d-47bb-8312-51a7e11ad2f8,2026-08-20 06:32:11.229914,2026-08-20 06:12:11.229914,in_scope,4460.6,1M,4560.0,4375.0,long,0.425,Bullish,Direccional,resolved,validation,1.0,2026-08-21 00:33:00,1M,18.3469,dentro,True,0df23244-3abe-49a5-847a-7cd34277cc4a,1,2D,True,,1D=0.15 2H=0.3 1H=0.25 30M=0.2 5M=0.1,0.3,1.0,1.0,1.0,,0.0,,,1.0,0.0,0.0,,0.0,,1200.0,,,1988.0,2694.0,4406.0,,20971.0
XAUUSD,cf43465b-c60d-47bb-8312-51a7e11ad2f8,2026-08-20 06:32:11.229914,2026-08-20 06:12:11.229914,in_scope,4460.6,1M,4560.0,4375.0,long,0.425,Bullish,Direccional,resolved,validation,1.0,2026-08-21 00:33:00,1M,18.3469,dentro,True,0df23244-3abe-49a5-847a-7cd34277cc4a,1,2E,True,,1D=0.1 2H=0.25 1H=0.3 30M=0.25 5M=0.1,0.25,1.0,1.0,1.0,,0.0,,,1.0,0.0,0.0,,0.0,,1200.0,,,1988.0,2694.0,4406.0,,20971.0
XAUUSD,cf43465b-c60d-47bb-8312-51a7e11ad2f8,2026-08-20 06:32:11.229914,2026-08-20 06:12:11.229914,in_scope,4460.6,1M,4560.0,4375.0,long,0.425,Bullish,Direccional,resolved,validation,1.0,2026-08-21 00:33:00,1M,18.3469,dentro,True,0df23244-3abe-49a5-847a-7cd34277cc4a,1,P2-DISC,True,,,1.0,,1.0,1.0,,,,,,,,,,,,,,,,,,
XAUUSD,cf43465b-c60d-47bb-8312-51a7e11ad2f8,2026-08-20 06:32:11.229914,2026-08-20 06:12:11.229914,in_scope,4460.6,1M,4560.0,4375.0,long,0.425,Bullish,Direccional,resolved,validation,1.0,2026-08-21 00:33:00,1M,18.3469,dentro,True,0df23244-3abe-49a5-847a-7cd34277cc4a,1,2F,True,,1D=0.05 2H=0.5 1H=0.2 30M=0 5M=0.25,,,1.0,1.0,,0.0,,,1.0,0.0,0.0,,0.0,,,,,,,,,
XAUUSD,cf43465b-c60d-47bb-8312-51a7e11ad2f8,2026-08-20 06:32:11.229914,2026-08-20 06:12:11.229914,in_scope,4460.6,1M,4560.0,4375.0,long,0.425,Bullish,Direccional,resolved,validation,1.0,2026-08-21 00:33:00,1M,18.3469,dentro,True,0df23244-3abe-49a5-847a-7cd34277cc4a,1,2F-LOO,True,,1D=0 2H=0.5 1H=0 30M=0.25 5M=0.25,,,1.0,1.0,,0.0,,,1.0,0.0,0.0,,0.0,,,,,,,,,
XAUUSD,0df23244-3abe-49a5-847a-7cd34277cc4a,2026-08-20 18:37:32.466339,2026-08-20 18:17:32.466339,in_scope,4514.94,1M,4580.0,4423.0,long,0.475,Bullish,Direccional,resolved,validation,1.0,2026-08-21 02:25:00,1M,8.1243,dentro,False,,0,A,True,,1W=0.3 1D=0.25 12H=0.2 4H=0.15 1H=0.1,0.8500000000000001,2.0,1.0,1.0,0.5,1.0,1.0,1.0,,1.0,,,,1478.0,1201.0,1274.0,1564.0,,2705.0,,,
XAUUSD,0df23244-3abe-49a5-847a-7cd34277cc4a,2026-08-20 18:37:32.466339,2026-08-20 18:17:32.466339,in_scope,4514.94,1M,4580.0,4423.0,long,0.475,Bullish,Direccional,resolved,validation,1.0,2026-08-21 02:25:00,1M,8.1243,dentro,False,,0,B,True,,1W=0.15 1D=0.2 12H=0.3 4H=0.2 1H=0.15,0.42500000000000004,1.0,1.0,1.0,0.5,0.0,0.0,1.0,,1.0,,,,1478.0,1201.0,1274.0,1564.0,,2705.0,,,
XAUUSD,0df23244-3abe-49a5-847a-7cd34277cc4a,2026-08-20 18:37:32.466339,2026-08-20 18:17:32.466339,in_scope,4514.94,1M,4580.0,4423.0,long,0.475,Bullish,Direccional,resolved,validation,1.0,2026-08-21 02:25:00,1M,8.1243,dentro,False,,0,C,True,,1W=0.15 1D=0.2 12H=0.3 4H=0.2 1H=0.15,0.42500000000000004,1.0,1.0,1.0,0.5,0.0,0.0,1.0,,1.0,,,,1478.0,1201.0,1274.0,1564.0,,2705.0,,,
XAUUSD,0df23244-3abe-49a5-847a-7cd34277cc4a,2026-08-20 18:37:32.466339,2026-08-20 18:17:32.466339,in_scope,4514.94,1M,4580.0,4423.0,long,0.475,Bullish,Direccional,resolved,validation,1.0,2026-08-21 02:25:00,1M,8.1243,dentro,False,,0,D,True,,1W=0.08 1D=0.12 12H=0.17 4H=0.22 1H=0.26 30M=0.15,0.595,1.0,1.0,1.0,0.5,0.0,0.0,1.0,,1.0,0.5,,,1478.0,1201.0,1274.0,1564.0,,2705.0,4428.0,,
XAUUSD,0df23244-3abe-49a5-847a-7cd34277cc4a,2026-08-20 18:37:32.466339,2026-08-20 18:17:32.466339,in_scope,4514.94,1M,4580.0,4423.0,long,0.475,Bullish,Direccional,resolved,validation,1.0,2026-08-21 02:25:00,1M,8.1243,dentro,False,,0,E,True,,1W=0.07 1D=0.1 12H=0.14 4H=0.19 1H=0.24 30M=0.16 15M=0.1,0.5449999999999999,1.0,1.0,1.0,0.5,0.0,0.0,1.0,,1.0,0.5,0.0,,1478.0,1201.0,1274.0,1564.0,,2705.0,4428.0,7687.0,
XAUUSD,0df23244-3abe-49a5-847a-7cd34277cc4a,2026-08-20 18:37:32.466339,2026-08-20 18:17:32.466339,in_scope,4514.94,1M,4580.0,4423.0,long,0.475,Bullish,Direccional,resolved,validation,1.0,2026-08-21 02:25:00,1M,8.1243,dentro,False,,0,F,True,,1W=0.09412 1D=0.1412 12H=0.2 4H=0.2588 1H=0.3059,0.611764705882353,1.0,1.0,1.0,0.5,0.0,0.0,1.0,,1.0,,,,1478.0,1201.0,1274.0,1564.0,,2705.0,,,
XAUUSD,0df23244-3abe-49a5-847a-7cd34277cc4a,2026-08-20 18:37:32.466339,2026-08-20 18:17:32.466339,in_scope,4514.94,1M,4580.0,4423.0,long,0.475,Bullish,Direccional,resolved,validation,1.0,2026-08-21 02:25:00,1M,8.1243,dentro,False,,0,G,True,,1W=0.1 1D=0.1 12H=0.1 4H=0.1 1H=0.2 30M=0.2 15M=0.2,0.45000000000000007,1.0,1.0,1.0,0.5,0.0,0.0,1.0,,1.0,0.5,0.0,,1478.0,1201.0,1274.0,1564.0,,2705.0,4428.0,7687.0,
XAUUSD,0df23244-3abe-49a5-847a-7cd34277cc4a,2026-08-20 18:37:32.466339,2026-08-20 18:17:32.466339,in_scope,4514.94,1M,4580.0,4423.0,long,0.475,Bullish,Direccional,resolved,validation,1.0,2026-08-21 02:25:00,1M,8.1243,dentro,False,,0,D-EQ,True,,1W=0.1667 1D=0.1667 12H=0.1667 4H=0.1667 1H=0.1667 30M=0.1667,0.49999999999999994,1.0,1.0,1.0,0.5,0.0,0.0,1.0,,1.0,0.5,,,1478.0,1201.0,1274.0,1564.0,,2705.0,4428.0,,
XAUUSD,0df23244-3abe-49a5-847a-7cd34277cc4a,2026-08-20 18:37:32.466339,2026-08-20 18:17:32.466339,in_scope,4514.94,1M,4580.0,4423.0,long,0.475,Bullish,Direccional,resolved,validation,1.0,2026-08-21 02:25:00,1M,8.1243,dentro,False,,0,2A,True,,1D=0.2 2H=0.2 1H=0.2 30M=0.2 5M=0.2,0.5,1.0,1.0,1.0,,0.0,,,1.0,1.0,0.5,,0.0,,1201.0,,,1994.0,2705.0,4428.0,,21104.0
XAUUSD,0df23244-3abe-49a5-847a-7cd34277cc4a,2026-08-20 18:37:32.466339,2026-08-20 18:17:32.466339,in_scope,4514.94,1M,4580.0,4423.0,long,0.475,Bullish,Direccional,resolved,validation,1.0,2026-08-21 02:25:00,1M,8.1243,dentro,False,,0,2B,True,,1D=0.1 2H=0.25 1H=0.25 30M=0.2 5M=0.2,0.6,1.0,1.0,1.0,,0.0,,,1.0,1.0,0.5,,0.0,,1201.0,,,1994.0,2705.0,4428.0,,21104.0
XAUUSD,0df23244-3abe-49a5-847a-7cd34277cc4a,2026-08-20 18:37:32.466339,2026-08-20 18:17:32.466339,in_scope,4514.94,1M,4580.0,4423.0,long,0.475,Bullish,Direccional,resolved,validation,1.0,2026-08-21 02:25:00,1M,8.1243,dentro,False,,0,2C,True,,1D=0.2 2H=0.2 1H=0.2 30M=0.3 5M=0.1,0.55,1.0,1.0,1.0,,0.0,,,1.0,1.0,0.5,,0.0,,1201.0,,,1994.0,2705.0,4428.0,,21104.0
XAUUSD,0df23244-3abe-49a5-847a-7cd34277cc4a,2026-08-20 18:37:32.466339,2026-08-20 18:17:32.466339,in_scope,4514.94,1M,4580.0,4423.0,long,0.475,Bullish,Direccional,resolved,validation,1.0,2026-08-21 02:25:00,1M,8.1243,dentro,False,,0,2D,True,,1D=0.15 2H=0.3 1H=0.25 30M=0.2 5M=0.1,0.65,1.0,1.0,1.0,,0.0,,,1.0,1.0,0.5,,0.0,,1201.0,,,1994.0,2705.0,4428.0,,21104.0
XAUUSD,0df23244-3abe-49a5-847a-7cd34277cc4a,2026-08-20 18:37:32.466339,2026-08-20 18:17:32.466339,in_scope,4514.94,1M,4580.0,4423.0,long,0.475,Bullish,Direccional,resolved,validation,1.0,2026-08-21 02:25:00,1M,8.1243,dentro,False,,0,2E,True,,1D=0.1 2H=0.25 1H=0.3 30M=0.25 5M=0.1,0.675,1.0,1.0,1.0,,0.0,,,1.0,1.0,0.5,,0.0,,1201.0,,,1994.0,2705.0,4428.0,,21104.0
XAUUSD,0df23244-3abe-49a5-847a-7cd34277cc4a,2026-08-20 18:37:32.466339,2026-08-20 18:17:32.466339,in_scope,4514.94,1M,4580.0,4423.0,long,0.475,Bullish,Direccional,resolved,validation,1.0,2026-08-21 02:25:00,1M,8.1243,dentro,False,,0,P2-DISC,True,,,0.0,,0.0,,,,,,,,,,,,,,,,,,,
XAUUSD,0df23244-3abe-49a5-847a-7cd34277cc4a,2026-08-20 18:37:32.466339,2026-08-20 18:17:32.466339,in_scope,4514.94,1M,4580.0,4423.0,long,0.475,Bullish,Direccional,resolved,validation,1.0,2026-08-21 02:25:00,1M,8.1243,dentro,False,,0,2F,True,,1D=0.05 2H=0.5 1H=0.2 30M=0 5M=0.25,,,1.0,1.0,,0.0,,,1.0,1.0,0.5,,0.0,,,,,,,,,
XAUUSD,0df23244-3abe-49a5-847a-7cd34277cc4a,2026-08-20 18:37:32.466339,2026-08-20 18:17:32.466339,in_scope,4514.94,1M,4580.0,4423.0,long,0.475,Bullish,Direccional,resolved,validation,1.0,2026-08-21 02:25:00,1M,8.1243,dentro,False,,0,2F-LOO,True,,1D=0 2H=0.5 1H=0 30M=0.25 5M=0.25,,,1.0,1.0,,0.0,,,1.0,1.0,0.5,,0.0,,,,,,,,,
XAUUSD,8db35edb-4de0-48fe-ac46-848a488b5412,2026-08-23 18:12:14.443198,2026-08-23 17:52:14.443198,in_scope,4617.73,1M,4675.0,4600.0,long,0.55,Bullish,Direccional,resolved,invalidation,-1.0,2026-08-23 18:26:00,1M,0.5627,dentro,False,,1,A,True,,1W=0.3 1D=0.25 12H=0.2 4H=0.15 1H=0.1,0.8500000000000001,2.0,1.0,0.0,0.5,1.0,1.0,1.0,,1.0,,,,1479.0,1202.0,1276.0,1570.0,,2727.0,,,
XAUUSD,8db35edb-4de0-48fe-ac46-848a488b5412,2026-08-23 18:12:14.443198,2026-08-23 17:52:14.443198,in_scope,4617.73,1M,4675.0,4600.0,long,0.55,Bullish,Direccional,resolved,invalidation,-1.0,2026-08-23 18:26:00,1M,0.5627,dentro,False,,1,B,True,,1W=0.15 1D=0.2 12H=0.3 4H=0.2 1H=0.15,0.42500000000000004,1.0,1.0,0.0,0.5,0.0,0.0,1.0,,1.0,,,,1479.0,1202.0,1276.0,1570.0,,2727.0,,,
XAUUSD,8db35edb-4de0-48fe-ac46-848a488b5412,2026-08-23 18:12:14.443198,2026-08-23 17:52:14.443198,in_scope,4617.73,1M,4675.0,4600.0,long,0.55,Bullish,Direccional,resolved,invalidation,-1.0,2026-08-23 18:26:00,1M,0.5627,dentro,False,,1,C,True,,1W=0.15 1D=0.2 12H=0.3 4H=0.2 1H=0.15,0.42500000000000004,1.0,1.0,0.0,0.5,0.0,0.0,1.0,,1.0,,,,1479.0,1202.0,1276.0,1570.0,,2727.0,,,
XAUUSD,8db35edb-4de0-48fe-ac46-848a488b5412,2026-08-23 18:12:14.443198,2026-08-23 17:52:14.443198,in_scope,4617.73,1M,4675.0,4600.0,long,0.55,Bullish,Direccional,resolved,invalidation,-1.0,2026-08-23 18:26:00,1M,0.5627,dentro,False,,1,D,True,,1W=0.08 1D=0.12 12H=0.17 4H=0.22 1H=0.26 30M=0.15,0.67,1.0,1.0,0.0,0.5,0.0,0.0,1.0,,1.0,1.0,,,1479.0,1202.0,1276.0,1570.0,,2727.0,4473.0,,
XAUUSD,8db35edb-4de0-48fe-ac46-848a488b5412,2026-08-23 18:12:14.443198,2026-08-23 17:52:14.443198,in_scope,4617.73,1M,4675.0,4600.0,long,0.55,Bullish,Direccional,resolved,invalidation,-1.0,2026-08-23 18:26:00,1M,0.5627,dentro,False,,1,E,True,,1W=0.07 1D=0.1 12H=0.14 4H=0.19 1H=0.24 30M=0.16 15M=0.1,0.625,1.0,1.0,0.0,0.5,0.0,0.0,1.0,,1.0,1.0,0.0,,1479.0,1202.0,1276.0,1570.0,,2727.0,4473.0,7777.0,
XAUUSD,8db35edb-4de0-48fe-ac46-848a488b5412,2026-08-23 18:12:14.443198,2026-08-23 17:52:14.443198,in_scope,4617.73,1M,4675.0,4600.0,long,0.55,Bullish,Direccional,resolved,invalidation,-1.0,2026-08-23 18:26:00,1M,0.5627,dentro,False,,1,F,True,,1W=0.09412 1D=0.1412 12H=0.2 4H=0.2588 1H=0.3059,0.611764705882353,1.0,1.0,0.0,0.5,0.0,0.0,1.0,,1.0,,,,1479.0,1202.0,1276.0,1570.0,,2727.0,,,
XAUUSD,8db35edb-4de0-48fe-ac46-848a488b5412,2026-08-23 18:12:14.443198,2026-08-23 17:52:14.443198,in_scope,4617.73,1M,4675.0,4600.0,long,0.55,Bullish,Direccional,resolved,invalidation,-1.0,2026-08-23 18:26:00,1M,0.5627,dentro,False,,1,G,True,,1W=0.1 1D=0.1 12H=0.1 4H=0.1 1H=0.2 30M=0.2 15M=0.2,0.55,1.0,1.0,0.0,0.5,0.0,0.0,1.0,,1.0,1.0,0.0,,1479.0,1202.0,1276.0,1570.0,,2727.0,4473.0,7777.0,
XAUUSD,8db35edb-4de0-48fe-ac46-848a488b5412,2026-08-23 18:12:14.443198,2026-08-23 17:52:14.443198,in_scope,4617.73,1M,4675.0,4600.0,long,0.55,Bullish,Direccional,resolved,invalidation,-1.0,2026-08-23 18:26:00,1M,0.5627,dentro,False,,1,D-EQ,True,,1W=0.1667 1D=0.1667 12H=0.1667 4H=0.1667 1H=0.1667 30M=0.1667,0.5833333333333333,1.0,1.0,0.0,0.5,0.0,0.0,1.0,,1.0,1.0,,,1479.0,1202.0,1276.0,1570.0,,2727.0,4473.0,,
XAUUSD,8db35edb-4de0-48fe-ac46-848a488b5412,2026-08-23 18:12:14.443198,2026-08-23 17:52:14.443198,in_scope,4617.73,1M,4675.0,4600.0,long,0.55,Bullish,Direccional,resolved,invalidation,-1.0,2026-08-23 18:26:00,1M,0.5627,dentro,False,,1,2A,True,,1D=0.2 2H=0.2 1H=0.2 30M=0.2 5M=0.2,0.6000000000000001,1.0,1.0,0.0,,0.0,,,1.0,1.0,1.0,,0.0,,1202.0,,,2006.0,2727.0,4473.0,,21375.0
XAUUSD,8db35edb-4de0-48fe-ac46-848a488b5412,2026-08-23 18:12:14.443198,2026-08-23 17:52:14.443198,in_scope,4617.73,1M,4675.0,4600.0,long,0.55,Bullish,Direccional,resolved,invalidation,-1.0,2026-08-23 18:26:00,1M,0.5627,dentro,False,,1,2B,True,,1D=0.1 2H=0.25 1H=0.25 30M=0.2 5M=0.2,0.7,1.0,1.0,0.0,,0.0,,,1.0,1.0,1.0,,0.0,,1202.0,,,2006.0,2727.0,4473.0,,21375.0
XAUUSD,8db35edb-4de0-48fe-ac46-848a488b5412,2026-08-23 18:12:14.443198,2026-08-23 17:52:14.443198,in_scope,4617.73,1M,4675.0,4600.0,long,0.55,Bullish,Direccional,resolved,invalidation,-1.0,2026-08-23 18:26:00,1M,0.5627,dentro,False,,1,2C,True,,1D=0.2 2H=0.2 1H=0.2 30M=0.3 5M=0.1,0.7,1.0,1.0,0.0,,0.0,,,1.0,1.0,1.0,,0.0,,1202.0,,,2006.0,2727.0,4473.0,,21375.0
XAUUSD,8db35edb-4de0-48fe-ac46-848a488b5412,2026-08-23 18:12:14.443198,2026-08-23 17:52:14.443198,in_scope,4617.73,1M,4675.0,4600.0,long,0.55,Bullish,Direccional,resolved,invalidation,-1.0,2026-08-23 18:26:00,1M,0.5627,dentro,False,,1,2D,True,,1D=0.15 2H=0.3 1H=0.25 30M=0.2 5M=0.1,0.75,2.0,1.0,0.0,,0.0,,,1.0,1.0,1.0,,0.0,,1202.0,,,2006.0,2727.0,4473.0,,21375.0
XAUUSD,8db35edb-4de0-48fe-ac46-848a488b5412,2026-08-23 18:12:14.443198,2026-08-23 17:52:14.443198,in_scope,4617.73,1M,4675.0,4600.0,long,0.55,Bullish,Direccional,resolved,invalidation,-1.0,2026-08-23 18:26:00,1M,0.5627,dentro,False,,1,2E,True,,1D=0.1 2H=0.25 1H=0.3 30M=0.25 5M=0.1,0.8,2.0,1.0,0.0,,0.0,,,1.0,1.0,1.0,,0.0,,1202.0,,,2006.0,2727.0,4473.0,,21375.0
XAUUSD,8db35edb-4de0-48fe-ac46-848a488b5412,2026-08-23 18:12:14.443198,2026-08-23 17:52:14.443198,in_scope,4617.73,1M,4675.0,4600.0,long,0.55,Bullish,Direccional,resolved,invalidation,-1.0,2026-08-23 18:26:00,1M,0.5627,dentro,False,,1,P2-DISC,True,,,1.0,,1.0,0.0,,,,,,,,,,,,,,,,,,
XAUUSD,8db35edb-4de0-48fe-ac46-848a488b5412,2026-08-23 18:12:14.443198,2026-08-23 17:52:14.443198,in_scope,4617.73,1M,4675.0,4600.0,long,0.55,Bullish,Direccional,resolved,invalidation,-1.0,2026-08-23 18:26:00,1M,0.5627,dentro,False,,1,2F,True,,1D=0.05 2H=0.5 1H=0.2 30M=0 5M=0.25,,,1.0,0.0,,0.0,,,1.0,1.0,1.0,,0.0,,,,,,,,,
XAUUSD,8db35edb-4de0-48fe-ac46-848a488b5412,2026-08-23 18:12:14.443198,2026-08-23 17:52:14.443198,in_scope,4617.73,1M,4675.0,4600.0,long,0.55,Bullish,Direccional,resolved,invalidation,-1.0,2026-08-23 18:26:00,1M,0.5627,dentro,False,,1,2F-LOO,True,,1D=0 2H=0.5 1H=0 30M=0.25 5M=0.25,,,1.0,0.0,,0.0,,,1.0,1.0,1.0,,0.0,,,,,,,,,
XAUUSD,47947184-2626-4e73-a078-7eac075ddb6c,2026-08-24 06:14:35.977389,2026-08-24 05:54:35.977389,in_scope,4656.31,1M,4700.0,4595.0,long,0.5,Bullish,Direccional,resolved,invalidation,-1.0,2026-08-26 09:02:00,1M,51.1233,fuera,True,fe37ea56-8c89-416e-a373-43947d4dfdd1,1,A,True,,1W=0.3 1D=0.25 12H=0.2 4H=0.15 1H=0.1,0.8500000000000001,2.0,1.0,0.0,0.5,1.0,1.0,1.0,,1.0,,,,1479.0,1202.0,1277.0,1573.0,,2739.0,,,
XAUUSD,47947184-2626-4e73-a078-7eac075ddb6c,2026-08-24 06:14:35.977389,2026-08-24 05:54:35.977389,in_scope,4656.31,1M,4700.0,4595.0,long,0.5,Bullish,Direccional,resolved,invalidation,-1.0,2026-08-26 09:02:00,1M,51.1233,fuera,True,fe37ea56-8c89-416e-a373-43947d4dfdd1,1,B,True,,1W=0.15 1D=0.2 12H=0.3 4H=0.2 1H=0.15,0.42500000000000004,1.0,1.0,0.0,0.5,0.0,0.0,1.0,,1.0,,,,1479.0,1202.0,1277.0,1573.0,,2739.0,,,
XAUUSD,47947184-2626-4e73-a078-7eac075ddb6c,2026-08-24 06:14:35.977389,2026-08-24 05:54:35.977389,in_scope,4656.31,1M,4700.0,4595.0,long,0.5,Bullish,Direccional,resolved,invalidation,-1.0,2026-08-26 09:02:00,1M,51.1233,fuera,True,fe37ea56-8c89-416e-a373-43947d4dfdd1,1,C,True,,1W=0.15 1D=0.2 12H=0.3 4H=0.2 1H=0.15,0.42500000000000004,1.0,1.0,0.0,0.5,0.0,0.0,1.0,,1.0,,,,1479.0,1202.0,1277.0,1573.0,,2739.0,,,
XAUUSD,47947184-2626-4e73-a078-7eac075ddb6c,2026-08-24 06:14:35.977389,2026-08-24 05:54:35.977389,in_scope,4656.31,1M,4700.0,4595.0,long,0.5,Bullish,Direccional,resolved,invalidation,-1.0,2026-08-26 09:02:00,1M,51.1233,fuera,True,fe37ea56-8c89-416e-a373-43947d4dfdd1,1,D,True,,1W=0.08 1D=0.12 12H=0.17 4H=0.22 1H=0.26 30M=0.15,0.67,1.0,1.0,0.0,0.5,0.0,0.0,1.0,,1.0,1.0,,,1479.0,1202.0,1277.0,1573.0,,2739.0,4497.0,,
XAUUSD,47947184-2626-4e73-a078-7eac075ddb6c,2026-08-24 06:14:35.977389,2026-08-24 05:54:35.977389,in_scope,4656.31,1M,4700.0,4595.0,long,0.5,Bullish,Direccional,resolved,invalidation,-1.0,2026-08-26 09:02:00,1M,51.1233,fuera,True,fe37ea56-8c89-416e-a373-43947d4dfdd1,1,E,True,,1W=0.07 1D=0.1 12H=0.14 4H=0.19 1H=0.24 30M=0.16 15M=0.1,0.625,1.0,1.0,0.0,0.5,0.0,0.0,1.0,,1.0,1.0,0.0,,1479.0,1202.0,1277.0,1573.0,,2739.0,4497.0,7825.0,
XAUUSD,47947184-2626-4e73-a078-7eac075ddb6c,2026-08-24 06:14:35.977389,2026-08-24 05:54:35.977389,in_scope,4656.31,1M,4700.0,4595.0,long,0.5,Bullish,Direccional,resolved,invalidation,-1.0,2026-08-26 09:02:00,1M,51.1233,fuera,True,fe37ea56-8c89-416e-a373-43947d4dfdd1,1,F,True,,1W=0.09412 1D=0.1412 12H=0.2 4H=0.2588 1H=0.3059,0.611764705882353,1.0,1.0,0.0,0.5,0.0,0.0,1.0,,1.0,,,,1479.0,1202.0,1277.0,1573.0,,2739.0,,,
XAUUSD,47947184-2626-4e73-a078-7eac075ddb6c,2026-08-24 06:14:35.977389,2026-08-24 05:54:35.977389,in_scope,4656.31,1M,4700.0,4595.0,long,0.5,Bullish,Direccional,resolved,invalidation,-1.0,2026-08-26 09:02:00,1M,51.1233,fuera,True,fe37ea56-8c89-416e-a373-43947d4dfdd1,1,G,True,,1W=0.1 1D=0.1 12H=0.1 4H=0.1 1H=0.2 30M=0.2 15M=0.2,0.55,1.0,1.0,0.0,0.5,0.0,0.0,1.0,,1.0,1.0,0.0,,1479.0,1202.0,1277.0,1573.0,,2739.0,4497.0,7825.0,
XAUUSD,47947184-2626-4e73-a078-7eac075ddb6c,2026-08-24 06:14:35.977389,2026-08-24 05:54:35.977389,in_scope,4656.31,1M,4700.0,4595.0,long,0.5,Bullish,Direccional,resolved,invalidation,-1.0,2026-08-26 09:02:00,1M,51.1233,fuera,True,fe37ea56-8c89-416e-a373-43947d4dfdd1,1,D-EQ,True,,1W=0.1667 1D=0.1667 12H=0.1667 4H=0.1667 1H=0.1667 30M=0.1667,0.5833333333333333,1.0,1.0,0.0,0.5,0.0,0.0,1.0,,1.0,1.0,,,1479.0,1202.0,1277.0,1573.0,,2739.0,4497.0,,
XAUUSD,47947184-2626-4e73-a078-7eac075ddb6c,2026-08-24 06:14:35.977389,2026-08-24 05:54:35.977389,in_scope,4656.31,1M,4700.0,4595.0,long,0.5,Bullish,Direccional,resolved,invalidation,-1.0,2026-08-26 09:02:00,1M,51.1233,fuera,True,fe37ea56-8c89-416e-a373-43947d4dfdd1,1,2A,True,,1D=0.2 2H=0.2 1H=0.2 30M=0.2 5M=0.2,0.6000000000000001,1.0,1.0,0.0,,0.0,,,1.0,1.0,1.0,,0.0,,1202.0,,,2012.0,2739.0,4497.0,,21519.0
XAUUSD,47947184-2626-4e73-a078-7eac075ddb6c,2026-08-24 06:14:35.977389,2026-08-24 05:54:35.977389,in_scope,4656.31,1M,4700.0,4595.0,long,0.5,Bullish,Direccional,resolved,invalidation,-1.0,2026-08-26 09:02:00,1M,51.1233,fuera,True,fe37ea56-8c89-416e-a373-43947d4dfdd1,1,2B,True,,1D=0.1 2H=0.25 1H=0.25 30M=0.2 5M=0.2,0.7,1.0,1.0,0.0,,0.0,,,1.0,1.0,1.0,,0.0,,1202.0,,,2012.0,2739.0,4497.0,,21519.0
XAUUSD,47947184-2626-4e73-a078-7eac075ddb6c,2026-08-24 06:14:35.977389,2026-08-24 05:54:35.977389,in_scope,4656.31,1M,4700.0,4595.0,long,0.5,Bullish,Direccional,resolved,invalidation,-1.0,2026-08-26 09:02:00,1M,51.1233,fuera,True,fe37ea56-8c89-416e-a373-43947d4dfdd1,1,2C,True,,1D=0.2 2H=0.2 1H=0.2 30M=0.3 5M=0.1,0.7,1.0,1.0,0.0,,0.0,,,1.0,1.0,1.0,,0.0,,1202.0,,,2012.0,2739.0,4497.0,,21519.0
XAUUSD,47947184-2626-4e73-a078-7eac075ddb6c,2026-08-24 06:14:35.977389,2026-08-24 05:54:35.977389,in_scope,4656.31,1M,4700.0,4595.0,long,0.5,Bullish,Direccional,resolved,invalidation,-1.0,2026-08-26 09:02:00,1M,51.1233,fuera,True,fe37ea56-8c89-416e-a373-43947d4dfdd1,1,2D,True,,1D=0.15 2H=0.3 1H=0.25 30M=0.2 5M=0.1,0.75,2.0,1.0,0.0,,0.0,,,1.0,1.0,1.0,,0.0,,1202.0,,,2012.0,2739.0,4497.0,,21519.0
XAUUSD,47947184-2626-4e73-a078-7eac075ddb6c,2026-08-24 06:14:35.977389,2026-08-24 05:54:35.977389,in_scope,4656.31,1M,4700.0,4595.0,long,0.5,Bullish,Direccional,resolved,invalidation,-1.0,2026-08-26 09:02:00,1M,51.1233,fuera,True,fe37ea56-8c89-416e-a373-43947d4dfdd1,1,2E,True,,1D=0.1 2H=0.25 1H=0.3 30M=0.25 5M=0.1,0.8,2.0,1.0,0.0,,0.0,,,1.0,1.0,1.0,,0.0,,1202.0,,,2012.0,2739.0,4497.0,,21519.0
XAUUSD,47947184-2626-4e73-a078-7eac075ddb6c,2026-08-24 06:14:35.977389,2026-08-24 05:54:35.977389,in_scope,4656.31,1M,4700.0,4595.0,long,0.5,Bullish,Direccional,resolved,invalidation,-1.0,2026-08-26 09:02:00,1M,51.1233,fuera,True,fe37ea56-8c89-416e-a373-43947d4dfdd1,1,P2-DISC,True,,,1.0,,1.0,0.0,,,,,,,,,,,,,,,,,,
XAUUSD,47947184-2626-4e73-a078-7eac075ddb6c,2026-08-24 06:14:35.977389,2026-08-24 05:54:35.977389,in_scope,4656.31,1M,4700.0,4595.0,long,0.5,Bullish,Direccional,resolved,invalidation,-1.0,2026-08-26 09:02:00,1M,51.1233,fuera,True,fe37ea56-8c89-416e-a373-43947d4dfdd1,1,2F,True,,1D=0.05 2H=0.5 1H=0.2 30M=0 5M=0.25,,,1.0,0.0,,0.0,,,1.0,1.0,1.0,,0.0,,,,,,,,,
XAUUSD,47947184-2626-4e73-a078-7eac075ddb6c,2026-08-24 06:14:35.977389,2026-08-24 05:54:35.977389,in_scope,4656.31,1M,4700.0,4595.0,long,0.5,Bullish,Direccional,resolved,invalidation,-1.0,2026-08-26 09:02:00,1M,51.1233,fuera,True,fe37ea56-8c89-416e-a373-43947d4dfdd1,1,2F-LOO,True,,1D=0 2H=0.5 1H=0 30M=0.25 5M=0.25,,,1.0,0.0,,0.0,,,1.0,1.0,1.0,,0.0,,,,,,,,,
XAUUSD,fe37ea56-8c89-416e-a373-43947d4dfdd1,2026-08-25 18:54:45.675779,2026-08-25 18:34:45.675779,in_scope,4645.6,1M,4600.0,4674.1,short,-0.325,Bearish,Direccional,resolved,validation,-1.0,2026-08-26 07:16:00,1M,12.6873,dentro,False,,-1,A,True,,1W=0.3 1D=0.25 12H=0.2 4H=0.15 1H=0.1,0.7500000000000001,2.0,1.0,0.0,0.5,1.0,1.0,1.0,,0.0,,,,1479.0,1204.0,1280.0,1582.0,,2774.0,,,
XAUUSD,fe37ea56-8c89-416e-a373-43947d4dfdd1,2026-08-25 18:54:45.675779,2026-08-25 18:34:45.675779,in_scope,4645.6,1M,4600.0,4674.1,short,-0.325,Bearish,Direccional,resolved,validation,-1.0,2026-08-26 07:16:00,1M,12.6873,dentro,False,,-1,B,True,,1W=0.15 1D=0.2 12H=0.3 4H=0.2 1H=0.15,0.47500000000000003,1.0,1.0,0.0,0.5,1.0,0.0,1.0,,0.0,,,,1479.0,1204.0,1280.0,1582.0,,2774.0,,,
XAUUSD,fe37ea56-8c89-416e-a373-43947d4dfdd1,2026-08-25 18:54:45.675779,2026-08-25 18:34:45.675779,in_scope,4645.6,1M,4600.0,4674.1,short,-0.325,Bearish,Direccional,resolved,validation,-1.0,2026-08-26 07:16:00,1M,12.6873,dentro,False,,-1,C,True,,1W=0.15 1D=0.2 12H=0.3 4H=0.2 1H=0.15,0.47500000000000003,1.0,1.0,0.0,0.5,1.0,0.0,1.0,,0.0,,,,1479.0,1204.0,1280.0,1582.0,,2774.0,,,
XAUUSD,fe37ea56-8c89-416e-a373-43947d4dfdd1,2026-08-25 18:54:45.675779,2026-08-25 18:34:45.675779,in_scope,4645.6,1M,4600.0,4674.1,short,-0.325,Bearish,Direccional,resolved,validation,-1.0,2026-08-26 07:16:00,1M,12.6873,dentro,False,,-1,D,True,,1W=0.08 1D=0.12 12H=0.17 4H=0.22 1H=0.26 30M=0.15,0.38,1.0,1.0,0.0,0.5,1.0,0.0,1.0,,0.0,0.0,,,1479.0,1204.0,1280.0,1582.0,,2774.0,4567.0,,
XAUUSD,fe37ea56-8c89-416e-a373-43947d4dfdd1,2026-08-25 18:54:45.675779,2026-08-25 18:34:45.675779,in_scope,4645.6,1M,4600.0,4674.1,short,-0.325,Bearish,Direccional,resolved,validation,-1.0,2026-08-26 07:16:00,1M,12.6873,dentro,False,,-1,E,True,,1W=0.07 1D=0.1 12H=0.14 4H=0.19 1H=0.24 30M=0.16 15M=0.1,0.325,1.0,1.0,0.0,0.5,1.0,0.0,1.0,,0.0,0.0,0.0,,1479.0,1204.0,1280.0,1582.0,,2774.0,4567.0,7964.0,
XAUUSD,fe37ea56-8c89-416e-a373-43947d4dfdd1,2026-08-25 18:54:45.675779,2026-08-25 18:34:45.675779,in_scope,4645.6,1M,4600.0,4674.1,short,-0.325,Bearish,Direccional,resolved,validation,-1.0,2026-08-26 07:16:00,1M,12.6873,dentro,False,,-1,F,True,,1W=0.09412 1D=0.1412 12H=0.2 4H=0.2588 1H=0.3059,0.4470588235294118,1.0,1.0,0.0,0.5,1.0,0.0,1.0,,0.0,,,,1479.0,1204.0,1280.0,1582.0,,2774.0,,,
XAUUSD,fe37ea56-8c89-416e-a373-43947d4dfdd1,2026-08-25 18:54:45.675779,2026-08-25 18:34:45.675779,in_scope,4645.6,1M,4600.0,4674.1,short,-0.325,Bearish,Direccional,resolved,validation,-1.0,2026-08-26 07:16:00,1M,12.6873,dentro,False,,-1,G,True,,1W=0.1 1D=0.1 12H=0.1 4H=0.1 1H=0.2 30M=0.2 15M=0.2,0.25,1.0,1.0,0.0,0.5,1.0,0.0,1.0,,0.0,0.0,0.0,,1479.0,1204.0,1280.0,1582.0,,2774.0,4567.0,7964.0,
XAUUSD,fe37ea56-8c89-416e-a373-43947d4dfdd1,2026-08-25 18:54:45.675779,2026-08-25 18:34:45.675779,in_scope,4645.6,1M,4600.0,4674.1,short,-0.325,Bearish,Direccional,resolved,validation,-1.0,2026-08-26 07:16:00,1M,12.6873,dentro,False,,-1,D-EQ,True,,1W=0.1667 1D=0.1667 12H=0.1667 4H=0.1667 1H=0.1667 30M=0.1667,0.41666666666666663,1.0,1.0,0.0,0.5,1.0,0.0,1.0,,0.0,0.0,,,1479.0,1204.0,1280.0,1582.0,,2774.0,4567.0,,
XAUUSD,fe37ea56-8c89-416e-a373-43947d4dfdd1,2026-08-25 18:54:45.675779,2026-08-25 18:34:45.675779,in_scope,4645.6,1M,4600.0,4674.1,short,-0.325,Bearish,Direccional,resolved,validation,-1.0,2026-08-26 07:16:00,1M,12.6873,dentro,False,,-1,2A,True,,1D=0.2 2H=0.2 1H=0.2 30M=0.2 5M=0.2,0.4,1.0,1.0,0.0,,1.0,,,1.0,0.0,0.0,,0.0,,1204.0,,,2030.0,2774.0,4567.0,,21935.0
XAUUSD,fe37ea56-8c89-416e-a373-43947d4dfdd1,2026-08-25 18:54:45.675779,2026-08-25 18:34:45.675779,in_scope,4645.6,1M,4600.0,4674.1,short,-0.325,Bearish,Direccional,resolved,validation,-1.0,2026-08-26 07:16:00,1M,12.6873,dentro,False,,-1,2B,True,,1D=0.1 2H=0.25 1H=0.25 30M=0.2 5M=0.2,0.35,1.0,1.0,0.0,,1.0,,,1.0,0.0,0.0,,0.0,,1204.0,,,2030.0,2774.0,4567.0,,21935.0
XAUUSD,fe37ea56-8c89-416e-a373-43947d4dfdd1,2026-08-25 18:54:45.675779,2026-08-25 18:34:45.675779,in_scope,4645.6,1M,4600.0,4674.1,short,-0.325,Bearish,Direccional,resolved,validation,-1.0,2026-08-26 07:16:00,1M,12.6873,dentro,False,,-1,2C,True,,1D=0.2 2H=0.2 1H=0.2 30M=0.3 5M=0.1,0.4,1.0,1.0,0.0,,1.0,,,1.0,0.0,0.0,,0.0,,1204.0,,,2030.0,2774.0,4567.0,,21935.0
XAUUSD,fe37ea56-8c89-416e-a373-43947d4dfdd1,2026-08-25 18:54:45.675779,2026-08-25 18:34:45.675779,in_scope,4645.6,1M,4600.0,4674.1,short,-0.325,Bearish,Direccional,resolved,validation,-1.0,2026-08-26 07:16:00,1M,12.6873,dentro,False,,-1,2D,True,,1D=0.15 2H=0.3 1H=0.25 30M=0.2 5M=0.1,0.44999999999999996,1.0,1.0,0.0,,1.0,,,1.0,0.0,0.0,,0.0,,1204.0,,,2030.0,2774.0,4567.0,,21935.0
XAUUSD,fe37ea56-8c89-416e-a373-43947d4dfdd1,2026-08-25 18:54:45.675779,2026-08-25 18:34:45.675779,in_scope,4645.6,1M,4600.0,4674.1,short,-0.325,Bearish,Direccional,resolved,validation,-1.0,2026-08-26 07:16:00,1M,12.6873,dentro,False,,-1,2E,True,,1D=0.1 2H=0.25 1H=0.3 30M=0.25 5M=0.1,0.35,1.0,1.0,0.0,,1.0,,,1.0,0.0,0.0,,0.0,,1204.0,,,2030.0,2774.0,4567.0,,21935.0
XAUUSD,fe37ea56-8c89-416e-a373-43947d4dfdd1,2026-08-25 18:54:45.675779,2026-08-25 18:34:45.675779,in_scope,4645.6,1M,4600.0,4674.1,short,-0.325,Bearish,Direccional,resolved,validation,-1.0,2026-08-26 07:16:00,1M,12.6873,dentro,False,,-1,P2-DISC,True,,,-1.0,,-1.0,1.0,,,,,,,,,,,,,,,,,,
XAUUSD,fe37ea56-8c89-416e-a373-43947d4dfdd1,2026-08-25 18:54:45.675779,2026-08-25 18:34:45.675779,in_scope,4645.6,1M,4600.0,4674.1,short,-0.325,Bearish,Direccional,resolved,validation,-1.0,2026-08-26 07:16:00,1M,12.6873,dentro,False,,-1,2F,True,,1D=0.05 2H=0.5 1H=0.2 30M=0 5M=0.25,,,1.0,0.0,,1.0,,,1.0,0.0,0.0,,0.0,,,,,,,,,
XAUUSD,fe37ea56-8c89-416e-a373-43947d4dfdd1,2026-08-25 18:54:45.675779,2026-08-25 18:34:45.675779,in_scope,4645.6,1M,4600.0,4674.1,short,-0.325,Bearish,Direccional,resolved,validation,-1.0,2026-08-26 07:16:00,1M,12.6873,dentro,False,,-1,2F-LOO,True,,1D=0 2H=0.5 1H=0 30M=0.25 5M=0.25,,,1.0,0.0,,1.0,,,1.0,0.0,0.0,,0.0,,,,,,,,,
XAUUSD,cbac26ff-cce0-4398-a2aa-e111160bdc19,2026-08-27 06:22:02.673723,2026-08-27 06:02:02.673723,in_scope,4600.06,1M,4550.0,4640.0,short,-0.175,Choppy / Neutral,Choppy,resolved,validation,-1.0,2026-08-28 08:06:00,1M,26.0659,dentro,True,464efa51-c22b-4e0b-8ee8-90ef3aaa5f57,0,A,True,,1W=0.3 1D=0.25 12H=0.2 4H=0.15 1H=0.1,0.6000000000000001,1.0,1.0,0.0,0.5,1.0,1.0,0.0,,0.0,,,,1479.0,1205.0,1283.0,1591.0,,2809.0,,,
XAUUSD,cbac26ff-cce0-4398-a2aa-e111160bdc19,2026-08-27 06:22:02.673723,2026-08-27 06:02:02.673723,in_scope,4600.06,1M,4550.0,4640.0,short,-0.175,Choppy / Neutral,Choppy,resolved,validation,-1.0,2026-08-28 08:06:00,1M,26.0659,dentro,True,464efa51-c22b-4e0b-8ee8-90ef3aaa5f57,0,B,True,,1W=0.15 1D=0.2 12H=0.3 4H=0.2 1H=0.15,0.275,1.0,1.0,0.0,0.5,1.0,0.0,0.0,,0.0,,,,1479.0,1205.0,1283.0,1591.0,,2809.0,,,
XAUUSD,cbac26ff-cce0-4398-a2aa-e111160bdc19,2026-08-27 06:22:02.673723,2026-08-27 06:02:02.673723,in_scope,4600.06,1M,4550.0,4640.0,short,-0.175,Choppy / Neutral,Choppy,resolved,validation,-1.0,2026-08-28 08:06:00,1M,26.0659,dentro,True,464efa51-c22b-4e0b-8ee8-90ef3aaa5f57,0,C,True,,1W=0.15 1D=0.2 12H=0.3 4H=0.2 1H=0.15,0.275,1.0,1.0,0.0,0.5,1.0,0.0,0.0,,0.0,,,,1479.0,1205.0,1283.0,1591.0,,2809.0,,,
XAUUSD,cbac26ff-cce0-4398-a2aa-e111160bdc19,2026-08-27 06:22:02.673723,2026-08-27 06:02:02.673723,in_scope,4600.06,1M,4550.0,4640.0,short,-0.175,Choppy / Neutral,Choppy,resolved,validation,-1.0,2026-08-28 08:06:00,1M,26.0659,dentro,True,464efa51-c22b-4e0b-8ee8-90ef3aaa5f57,0,D,True,,1W=0.08 1D=0.12 12H=0.17 4H=0.22 1H=0.26 30M=0.15,0.16,0.0,0.0,,0.5,1.0,0.0,0.0,,0.0,0.0,,,1479.0,1205.0,1283.0,1591.0,,2809.0,4636.0,,
XAUUSD,cbac26ff-cce0-4398-a2aa-e111160bdc19,2026-08-27 06:22:02.673723,2026-08-27 06:02:02.673723,in_scope,4600.06,1M,4550.0,4640.0,short,-0.175,Choppy / Neutral,Choppy,resolved,validation,-1.0,2026-08-28 08:06:00,1M,26.0659,dentro,True,464efa51-c22b-4e0b-8ee8-90ef3aaa5f57,0,E,True,,1W=0.07 1D=0.1 12H=0.14 4H=0.19 1H=0.24 30M=0.16 15M=0.1,0.135,0.0,0.0,,0.5,1.0,0.0,0.0,,0.0,0.0,0.0,,1479.0,1205.0,1283.0,1591.0,,2809.0,4636.0,8102.0,
XAUUSD,cbac26ff-cce0-4398-a2aa-e111160bdc19,2026-08-27 06:22:02.673723,2026-08-27 06:02:02.673723,in_scope,4600.06,1M,4550.0,4640.0,short,-0.175,Choppy / Neutral,Choppy,resolved,validation,-1.0,2026-08-28 08:06:00,1M,26.0659,dentro,True,464efa51-c22b-4e0b-8ee8-90ef3aaa5f57,0,F,True,,1W=0.09412 1D=0.1412 12H=0.2 4H=0.2588 1H=0.3059,0.18823529411764706,0.0,0.0,,0.5,1.0,0.0,0.0,,0.0,,,,1479.0,1205.0,1283.0,1591.0,,2809.0,,,
XAUUSD,cbac26ff-cce0-4398-a2aa-e111160bdc19,2026-08-27 06:22:02.673723,2026-08-27 06:02:02.673723,in_scope,4600.06,1M,4550.0,4640.0,short,-0.175,Choppy / Neutral,Choppy,resolved,validation,-1.0,2026-08-28 08:06:00,1M,26.0659,dentro,True,464efa51-c22b-4e0b-8ee8-90ef3aaa5f57,0,G,True,,1W=0.1 1D=0.1 12H=0.1 4H=0.1 1H=0.2 30M=0.2 15M=0.2,0.15000000000000002,0.0,0.0,,0.5,1.0,0.0,0.0,,0.0,0.0,0.0,,1479.0,1205.0,1283.0,1591.0,,2809.0,4636.0,8102.0,
XAUUSD,cbac26ff-cce0-4398-a2aa-e111160bdc19,2026-08-27 06:22:02.673723,2026-08-27 06:02:02.673723,in_scope,4600.06,1M,4550.0,4640.0,short,-0.175,Choppy / Neutral,Choppy,resolved,validation,-1.0,2026-08-28 08:06:00,1M,26.0659,dentro,True,464efa51-c22b-4e0b-8ee8-90ef3aaa5f57,0,D-EQ,True,,1W=0.1667 1D=0.1667 12H=0.1667 4H=0.1667 1H=0.1667 30M=0.1667,0.25,1.0,1.0,0.0,0.5,1.0,0.0,0.0,,0.0,0.0,,,1479.0,1205.0,1283.0,1591.0,,2809.0,4636.0,,
XAUUSD,cbac26ff-cce0-4398-a2aa-e111160bdc19,2026-08-27 06:22:02.673723,2026-08-27 06:02:02.673723,in_scope,4600.06,1M,4550.0,4640.0,short,-0.175,Choppy / Neutral,Choppy,resolved,validation,-1.0,2026-08-28 08:06:00,1M,26.0659,dentro,True,464efa51-c22b-4e0b-8ee8-90ef3aaa5f57,0,2A,True,,1D=0.2 2H=0.2 1H=0.2 30M=0.2 5M=0.2,0.2,0.0,0.0,,,1.0,,,0.0,0.0,0.0,,0.0,,1205.0,,,2048.0,2809.0,4636.0,,22349.0
XAUUSD,cbac26ff-cce0-4398-a2aa-e111160bdc19,2026-08-27 06:22:02.673723,2026-08-27 06:02:02.673723,in_scope,4600.06,1M,4550.0,4640.0,short,-0.175,Choppy / Neutral,Choppy,resolved,validation,-1.0,2026-08-28 08:06:00,1M,26.0659,dentro,True,464efa51-c22b-4e0b-8ee8-90ef3aaa5f57,0,2B,True,,1D=0.1 2H=0.25 1H=0.25 30M=0.2 5M=0.2,0.1,0.0,0.0,,,1.0,,,0.0,0.0,0.0,,0.0,,1205.0,,,2048.0,2809.0,4636.0,,22349.0
XAUUSD,cbac26ff-cce0-4398-a2aa-e111160bdc19,2026-08-27 06:22:02.673723,2026-08-27 06:02:02.673723,in_scope,4600.06,1M,4550.0,4640.0,short,-0.175,Choppy / Neutral,Choppy,resolved,validation,-1.0,2026-08-28 08:06:00,1M,26.0659,dentro,True,464efa51-c22b-4e0b-8ee8-90ef3aaa5f57,0,2C,True,,1D=0.2 2H=0.2 1H=0.2 30M=0.3 5M=0.1,0.2,0.0,0.0,,,1.0,,,0.0,0.0,0.0,,0.0,,1205.0,,,2048.0,2809.0,4636.0,,22349.0
XAUUSD,cbac26ff-cce0-4398-a2aa-e111160bdc19,2026-08-27 06:22:02.673723,2026-08-27 06:02:02.673723,in_scope,4600.06,1M,4550.0,4640.0,short,-0.175,Choppy / Neutral,Choppy,resolved,validation,-1.0,2026-08-28 08:06:00,1M,26.0659,dentro,True,464efa51-c22b-4e0b-8ee8-90ef3aaa5f57,0,2D,True,,1D=0.15 2H=0.3 1H=0.25 30M=0.2 5M=0.1,0.15,0.0,0.0,,,1.0,,,0.0,0.0,0.0,,0.0,,1205.0,,,2048.0,2809.0,4636.0,,22349.0
XAUUSD,cbac26ff-cce0-4398-a2aa-e111160bdc19,2026-08-27 06:22:02.673723,2026-08-27 06:02:02.673723,in_scope,4600.06,1M,4550.0,4640.0,short,-0.175,Choppy / Neutral,Choppy,resolved,validation,-1.0,2026-08-28 08:06:00,1M,26.0659,dentro,True,464efa51-c22b-4e0b-8ee8-90ef3aaa5f57,0,2E,True,,1D=0.1 2H=0.25 1H=0.3 30M=0.25 5M=0.1,0.1,0.0,0.0,,,1.0,,,0.0,0.0,0.0,,0.0,,1205.0,,,2048.0,2809.0,4636.0,,22349.0
XAUUSD,cbac26ff-cce0-4398-a2aa-e111160bdc19,2026-08-27 06:22:02.673723,2026-08-27 06:02:02.673723,in_scope,4600.06,1M,4550.0,4640.0,short,-0.175,Choppy / Neutral,Choppy,resolved,validation,-1.0,2026-08-28 08:06:00,1M,26.0659,dentro,True,464efa51-c22b-4e0b-8ee8-90ef3aaa5f57,0,P2-DISC,True,,,0.0,,0.0,,,,,,,,,,,,,,,,,,,
XAUUSD,cbac26ff-cce0-4398-a2aa-e111160bdc19,2026-08-27 06:22:02.673723,2026-08-27 06:02:02.673723,in_scope,4600.06,1M,4550.0,4640.0,short,-0.175,Choppy / Neutral,Choppy,resolved,validation,-1.0,2026-08-28 08:06:00,1M,26.0659,dentro,True,464efa51-c22b-4e0b-8ee8-90ef3aaa5f57,0,2F,True,,1D=0.05 2H=0.5 1H=0.2 30M=0 5M=0.25,,,0.0,,,1.0,,,0.0,0.0,0.0,,0.0,,,,,,,,,
XAUUSD,cbac26ff-cce0-4398-a2aa-e111160bdc19,2026-08-27 06:22:02.673723,2026-08-27 06:02:02.673723,in_scope,4600.06,1M,4550.0,4640.0,short,-0.175,Choppy / Neutral,Choppy,resolved,validation,-1.0,2026-08-28 08:06:00,1M,26.0659,dentro,True,464efa51-c22b-4e0b-8ee8-90ef3aaa5f57,0,2F-LOO,True,,1D=0 2H=0.5 1H=0 30M=0.25 5M=0.25,,,0.0,,,1.0,,,0.0,0.0,0.0,,0.0,,,,,,,,,
XAUUSD,464efa51-c22b-4e0b-8ee8-90ef3aaa5f57,2026-08-27 18:27:30.859809,2026-08-27 18:07:30.859809,in_scope,4597.78,1M,4641.0,4558.0,long,0.2,Choppy / Neutral,Choppy,resolved,invalidation,-1.0,2026-08-28 08:05:00,1M,13.9581,dentro,False,,0,A,True,,1W=0.3 1D=0.25 12H=0.2 4H=0.15 1H=0.1,0.6000000000000001,1.0,1.0,0.0,0.5,1.0,1.0,0.0,,0.0,,,,1479.0,1206.0,1284.0,1594.0,,2820.0,,,
XAUUSD,464efa51-c22b-4e0b-8ee8-90ef3aaa5f57,2026-08-27 18:27:30.859809,2026-08-27 18:07:30.859809,in_scope,4597.78,1M,4641.0,4558.0,long,0.2,Choppy / Neutral,Choppy,resolved,invalidation,-1.0,2026-08-28 08:05:00,1M,13.9581,dentro,False,,0,B,True,,1W=0.15 1D=0.2 12H=0.3 4H=0.2 1H=0.15,0.275,1.0,1.0,0.0,0.5,1.0,0.0,0.0,,0.0,,,,1479.0,1206.0,1284.0,1594.0,,2820.0,,,
XAUUSD,464efa51-c22b-4e0b-8ee8-90ef3aaa5f57,2026-08-27 18:27:30.859809,2026-08-27 18:07:30.859809,in_scope,4597.78,1M,4641.0,4558.0,long,0.2,Choppy / Neutral,Choppy,resolved,invalidation,-1.0,2026-08-28 08:05:00,1M,13.9581,dentro,False,,0,C,True,,1W=0.15 1D=0.2 12H=0.3 4H=0.2 1H=0.15,0.275,1.0,1.0,0.0,0.5,1.0,0.0,0.0,,0.0,,,,1479.0,1206.0,1284.0,1594.0,,2820.0,,,
XAUUSD,464efa51-c22b-4e0b-8ee8-90ef3aaa5f57,2026-08-27 18:27:30.859809,2026-08-27 18:07:30.859809,in_scope,4597.78,1M,4641.0,4558.0,long,0.2,Choppy / Neutral,Choppy,resolved,invalidation,-1.0,2026-08-28 08:05:00,1M,13.9581,dentro,False,,0,D,True,,1W=0.08 1D=0.12 12H=0.17 4H=0.22 1H=0.26 30M=0.15,0.16,0.0,0.0,,0.5,1.0,0.0,0.0,,0.0,0.0,,,1479.0,1206.0,1284.0,1594.0,,2820.0,4658.0,,
XAUUSD,464efa51-c22b-4e0b-8ee8-90ef3aaa5f57,2026-08-27 18:27:30.859809,2026-08-27 18:07:30.859809,in_scope,4597.78,1M,4641.0,4558.0,long,0.2,Choppy / Neutral,Choppy,resolved,invalidation,-1.0,2026-08-28 08:05:00,1M,13.9581,dentro,False,,0,E,True,,1W=0.07 1D=0.1 12H=0.14 4H=0.19 1H=0.24 30M=0.16 15M=0.1,0.135,0.0,0.0,,0.5,1.0,0.0,0.0,,0.0,0.0,-0.0,,1479.0,1206.0,1284.0,1594.0,,2820.0,4658.0,8146.0,
XAUUSD,464efa51-c22b-4e0b-8ee8-90ef3aaa5f57,2026-08-27 18:27:30.859809,2026-08-27 18:07:30.859809,in_scope,4597.78,1M,4641.0,4558.0,long,0.2,Choppy / Neutral,Choppy,resolved,invalidation,-1.0,2026-08-28 08:05:00,1M,13.9581,dentro,False,,0,F,True,,1W=0.09412 1D=0.1412 12H=0.2 4H=0.2588 1H=0.3059,0.18823529411764706,0.0,0.0,,0.5,1.0,0.0,0.0,,0.0,,,,1479.0,1206.0,1284.0,1594.0,,2820.0,,,
XAUUSD,464efa51-c22b-4e0b-8ee8-90ef3aaa5f57,2026-08-27 18:27:30.859809,2026-08-27 18:07:30.859809,in_scope,4597.78,1M,4641.0,4558.0,long,0.2,Choppy / Neutral,Choppy,resolved,invalidation,-1.0,2026-08-28 08:05:00,1M,13.9581,dentro,False,,0,G,True,,1W=0.1 1D=0.1 12H=0.1 4H=0.1 1H=0.2 30M=0.2 15M=0.2,0.15000000000000002,0.0,0.0,,0.5,1.0,0.0,0.0,,0.0,0.0,-0.0,,1479.0,1206.0,1284.0,1594.0,,2820.0,4658.0,8146.0,
XAUUSD,464efa51-c22b-4e0b-8ee8-90ef3aaa5f57,2026-08-27 18:27:30.859809,2026-08-27 18:07:30.859809,in_scope,4597.78,1M,4641.0,4558.0,long,0.2,Choppy / Neutral,Choppy,resolved,invalidation,-1.0,2026-08-28 08:05:00,1M,13.9581,dentro,False,,0,D-EQ,True,,1W=0.1667 1D=0.1667 12H=0.1667 4H=0.1667 1H=0.1667 30M=0.1667,0.25,1.0,1.0,0.0,0.5,1.0,0.0,0.0,,0.0,0.0,,,1479.0,1206.0,1284.0,1594.0,,2820.0,4658.0,,
XAUUSD,464efa51-c22b-4e0b-8ee8-90ef3aaa5f57,2026-08-27 18:27:30.859809,2026-08-27 18:07:30.859809,in_scope,4597.78,1M,4641.0,4558.0,long,0.2,Choppy / Neutral,Choppy,resolved,invalidation,-1.0,2026-08-28 08:05:00,1M,13.9581,dentro,False,,0,2A,True,,1D=0.2 2H=0.2 1H=0.2 30M=0.2 5M=0.2,0.1,0.0,0.0,,,1.0,,,0.0,0.0,0.0,,-0.5,,1206.0,,,2054.0,2820.0,4658.0,,22482.0
XAUUSD,464efa51-c22b-4e0b-8ee8-90ef3aaa5f57,2026-08-27 18:27:30.859809,2026-08-27 18:07:30.859809,in_scope,4597.78,1M,4641.0,4558.0,long,0.2,Choppy / Neutral,Choppy,resolved,invalidation,-1.0,2026-08-28 08:05:00,1M,13.9581,dentro,False,,0,2B,True,,1D=0.1 2H=0.25 1H=0.25 30M=0.2 5M=0.2,0.0,0.0,0.0,,,1.0,,,0.0,0.0,0.0,,-0.5,,1206.0,,,2054.0,2820.0,4658.0,,22482.0
XAUUSD,464efa51-c22b-4e0b-8ee8-90ef3aaa5f57,2026-08-27 18:27:30.859809,2026-08-27 18:07:30.859809,in_scope,4597.78,1M,4641.0,4558.0,long,0.2,Choppy / Neutral,Choppy,resolved,invalidation,-1.0,2026-08-28 08:05:00,1M,13.9581,dentro,False,,0,2C,True,,1D=0.2 2H=0.2 1H=0.2 30M=0.3 5M=0.1,0.15000000000000002,0.0,0.0,,,1.0,,,0.0,0.0,0.0,,-0.5,,1206.0,,,2054.0,2820.0,4658.0,,22482.0
XAUUSD,464efa51-c22b-4e0b-8ee8-90ef3aaa5f57,2026-08-27 18:27:30.859809,2026-08-27 18:07:30.859809,in_scope,4597.78,1M,4641.0,4558.0,long,0.2,Choppy / Neutral,Choppy,resolved,invalidation,-1.0,2026-08-28 08:05:00,1M,13.9581,dentro,False,,0,2D,True,,1D=0.15 2H=0.3 1H=0.25 30M=0.2 5M=0.1,0.09999999999999999,0.0,0.0,,,1.0,,,0.0,0.0,0.0,,-0.5,,1206.0,,,2054.0,2820.0,4658.0,,22482.0
XAUUSD,464efa51-c22b-4e0b-8ee8-90ef3aaa5f57,2026-08-27 18:27:30.859809,2026-08-27 18:07:30.859809,in_scope,4597.78,1M,4641.0,4558.0,long,0.2,Choppy / Neutral,Choppy,resolved,invalidation,-1.0,2026-08-28 08:05:00,1M,13.9581,dentro,False,,0,2E,True,,1D=0.1 2H=0.25 1H=0.3 30M=0.25 5M=0.1,0.05,0.0,0.0,,,1.0,,,0.0,0.0,0.0,,-0.5,,1206.0,,,2054.0,2820.0,4658.0,,22482.0
XAUUSD,464efa51-c22b-4e0b-8ee8-90ef3aaa5f57,2026-08-27 18:27:30.859809,2026-08-27 18:07:30.859809,in_scope,4597.78,1M,4641.0,4558.0,long,0.2,Choppy / Neutral,Choppy,resolved,invalidation,-1.0,2026-08-28 08:05:00,1M,13.9581,dentro,False,,0,P2-DISC,True,,,0.0,,0.0,,,,,,,,,,,,,,,,,,,
XAUUSD,464efa51-c22b-4e0b-8ee8-90ef3aaa5f57,2026-08-27 18:27:30.859809,2026-08-27 18:07:30.859809,in_scope,4597.78,1M,4641.0,4558.0,long,0.2,Choppy / Neutral,Choppy,resolved,invalidation,-1.0,2026-08-28 08:05:00,1M,13.9581,dentro,False,,0,2F,True,,1D=0.05 2H=0.5 1H=0.2 30M=0 5M=0.25,,,0.0,,,1.0,,,0.0,0.0,0.0,,-0.5,,,,,,,,,
XAUUSD,464efa51-c22b-4e0b-8ee8-90ef3aaa5f57,2026-08-27 18:27:30.859809,2026-08-27 18:07:30.859809,in_scope,4597.78,1M,4641.0,4558.0,long,0.2,Choppy / Neutral,Choppy,resolved,invalidation,-1.0,2026-08-28 08:05:00,1M,13.9581,dentro,False,,0,2F-LOO,True,,1D=0 2H=0.5 1H=0 30M=0.25 5M=0.25,,,0.0,,,1.0,,,0.0,0.0,0.0,,-0.5,,,,,,,,,
XAUUSD,4aa4b9a3-7028-4aba-9ed3-24058dd58620,2026-08-30 16:35:10.048561,2026-08-30 16:15:10.048561,in_scope,4459.15,1M,4375.0,4489.0,short,-0.075,Choppy / Neutral,Choppy,resolved,validation,-1.0,2026-09-01 02:32:00,1M,34.2805,dentro,True,21e49870-285f-492b-9c54-26e4ca744836,0,A,True,,1W=0.3 1D=0.25 12H=0.2 4H=0.15 1H=0.1,0.30000000000000004,1.0,1.0,0.0,0.5,1.0,0.0,0.0,,-1.0,,,,1480.0,1207.0,1286.0,1600.0,,2841.0,,,
XAUUSD,4aa4b9a3-7028-4aba-9ed3-24058dd58620,2026-08-30 16:35:10.048561,2026-08-30 16:15:10.048561,in_scope,4459.15,1M,4375.0,4489.0,short,-0.075,Choppy / Neutral,Choppy,resolved,validation,-1.0,2026-09-01 02:32:00,1M,34.2805,dentro,True,21e49870-285f-492b-9c54-26e4ca744836,0,B,True,,1W=0.15 1D=0.2 12H=0.3 4H=0.2 1H=0.15,0.275,1.0,1.0,0.0,0.5,1.0,0.0,0.0,,0.0,,,,1480.0,1207.0,1286.0,1600.0,,2841.0,,,
XAUUSD,4aa4b9a3-7028-4aba-9ed3-24058dd58620,2026-08-30 16:35:10.048561,2026-08-30 16:15:10.048561,in_scope,4459.15,1M,4375.0,4489.0,short,-0.075,Choppy / Neutral,Choppy,resolved,validation,-1.0,2026-09-01 02:32:00,1M,34.2805,dentro,True,21e49870-285f-492b-9c54-26e4ca744836,0,C,True,,1W=0.15 1D=0.2 12H=0.3 4H=0.2 1H=0.15,0.275,1.0,1.0,0.0,0.5,1.0,0.0,0.0,,0.0,,,,1480.0,1207.0,1286.0,1600.0,,2841.0,,,
XAUUSD,4aa4b9a3-7028-4aba-9ed3-24058dd58620,2026-08-30 16:35:10.048561,2026-08-30 16:15:10.048561,in_scope,4459.15,1M,4375.0,4489.0,short,-0.075,Choppy / Neutral,Choppy,resolved,validation,-1.0,2026-09-01 02:32:00,1M,34.2805,dentro,True,21e49870-285f-492b-9c54-26e4ca744836,0,D,True,,1W=0.08 1D=0.12 12H=0.17 4H=0.22 1H=0.26 30M=0.15,0.010000000000000009,0.0,0.0,,0.5,1.0,0.0,0.0,,0.0,-1.0,,,1480.0,1207.0,1286.0,1600.0,,2841.0,4700.0,,
XAUUSD,4aa4b9a3-7028-4aba-9ed3-24058dd58620,2026-08-30 16:35:10.048561,2026-08-30 16:15:10.048561,in_scope,4459.15,1M,4375.0,4489.0,short,-0.075,Choppy / Neutral,Choppy,resolved,validation,-1.0,2026-09-01 02:32:00,1M,34.2805,dentro,True,21e49870-285f-492b-9c54-26e4ca744836,0,E,True,,1W=0.07 1D=0.1 12H=0.14 4H=0.19 1H=0.24 30M=0.16 15M=0.1,-0.125,0.0,0.0,,0.5,1.0,0.0,0.0,,0.0,-1.0,-1.0,,1480.0,1207.0,1286.0,1600.0,,2841.0,4700.0,8231.0,
XAUUSD,4aa4b9a3-7028-4aba-9ed3-24058dd58620,2026-08-30 16:35:10.048561,2026-08-30 16:15:10.048561,in_scope,4459.15,1M,4375.0,4489.0,short,-0.075,Choppy / Neutral,Choppy,resolved,validation,-1.0,2026-09-01 02:32:00,1M,34.2805,dentro,True,21e49870-285f-492b-9c54-26e4ca744836,0,F,True,,1W=0.09412 1D=0.1412 12H=0.2 4H=0.2588 1H=0.3059,0.18823529411764706,0.0,0.0,,0.5,1.0,0.0,0.0,,0.0,,,,1480.0,1207.0,1286.0,1600.0,,2841.0,,,
XAUUSD,4aa4b9a3-7028-4aba-9ed3-24058dd58620,2026-08-30 16:35:10.048561,2026-08-30 16:15:10.048561,in_scope,4459.15,1M,4375.0,4489.0,short,-0.075,Choppy / Neutral,Choppy,resolved,validation,-1.0,2026-09-01 02:32:00,1M,34.2805,dentro,True,21e49870-285f-492b-9c54-26e4ca744836,0,G,True,,1W=0.1 1D=0.1 12H=0.1 4H=0.1 1H=0.2 30M=0.2 15M=0.2,-0.25,-1.0,-1.0,1.0,0.5,1.0,0.0,0.0,,0.0,-1.0,-1.0,,1480.0,1207.0,1286.0,1600.0,,2841.0,4700.0,8231.0,
XAUUSD,4aa4b9a3-7028-4aba-9ed3-24058dd58620,2026-08-30 16:35:10.048561,2026-08-30 16:15:10.048561,in_scope,4459.15,1M,4375.0,4489.0,short,-0.075,Choppy / Neutral,Choppy,resolved,validation,-1.0,2026-09-01 02:32:00,1M,34.2805,dentro,True,21e49870-285f-492b-9c54-26e4ca744836,0,D-EQ,True,,1W=0.1667 1D=0.1667 12H=0.1667 4H=0.1667 1H=0.1667 30M=0.1667,0.08333333333333334,0.0,0.0,,0.5,1.0,0.0,0.0,,0.0,-1.0,,,1480.0,1207.0,1286.0,1600.0,,2841.0,4700.0,,
XAUUSD,4aa4b9a3-7028-4aba-9ed3-24058dd58620,2026-08-30 16:35:10.048561,2026-08-30 16:15:10.048561,in_scope,4459.15,1M,4375.0,4489.0,short,-0.075,Choppy / Neutral,Choppy,resolved,validation,-1.0,2026-09-01 02:32:00,1M,34.2805,dentro,True,21e49870-285f-492b-9c54-26e4ca744836,0,2A,True,,1D=0.2 2H=0.2 1H=0.2 30M=0.2 5M=0.2,0.0,0.0,0.0,,,1.0,,,0.0,0.0,-1.0,,0.0,,1207.0,,,2065.0,2841.0,4700.0,,22736.0
XAUUSD,4aa4b9a3-7028-4aba-9ed3-24058dd58620,2026-08-30 16:35:10.048561,2026-08-30 16:15:10.048561,in_scope,4459.15,1M,4375.0,4489.0,short,-0.075,Choppy / Neutral,Choppy,resolved,validation,-1.0,2026-09-01 02:32:00,1M,34.2805,dentro,True,21e49870-285f-492b-9c54-26e4ca744836,0,2B,True,,1D=0.1 2H=0.25 1H=0.25 30M=0.2 5M=0.2,-0.1,0.0,0.0,,,1.0,,,0.0,0.0,-1.0,,0.0,,1207.0,,,2065.0,2841.0,4700.0,,22736.0
XAUUSD,4aa4b9a3-7028-4aba-9ed3-24058dd58620,2026-08-30 16:35:10.048561,2026-08-30 16:15:10.048561,in_scope,4459.15,1M,4375.0,4489.0,short,-0.075,Choppy / Neutral,Choppy,resolved,validation,-1.0,2026-09-01 02:32:00,1M,34.2805,dentro,True,21e49870-285f-492b-9c54-26e4ca744836,0,2C,True,,1D=0.2 2H=0.2 1H=0.2 30M=0.3 5M=0.1,-0.09999999999999998,0.0,0.0,,,1.0,,,0.0,0.0,-1.0,,0.0,,1207.0,,,2065.0,2841.0,4700.0,,22736.0
XAUUSD,4aa4b9a3-7028-4aba-9ed3-24058dd58620,2026-08-30 16:35:10.048561,2026-08-30 16:15:10.048561,in_scope,4459.15,1M,4375.0,4489.0,short,-0.075,Choppy / Neutral,Choppy,resolved,validation,-1.0,2026-09-01 02:32:00,1M,34.2805,dentro,True,21e49870-285f-492b-9c54-26e4ca744836,0,2D,True,,1D=0.15 2H=0.3 1H=0.25 30M=0.2 5M=0.1,-0.05000000000000002,0.0,0.0,,,1.0,,,0.0,0.0,-1.0,,0.0,,1207.0,,,2065.0,2841.0,4700.0,,22736.0
XAUUSD,4aa4b9a3-7028-4aba-9ed3-24058dd58620,2026-08-30 16:35:10.048561,2026-08-30 16:15:10.048561,in_scope,4459.15,1M,4375.0,4489.0,short,-0.075,Choppy / Neutral,Choppy,resolved,validation,-1.0,2026-09-01 02:32:00,1M,34.2805,dentro,True,21e49870-285f-492b-9c54-26e4ca744836,0,2E,True,,1D=0.1 2H=0.25 1H=0.3 30M=0.25 5M=0.1,-0.15,0.0,0.0,,,1.0,,,0.0,0.0,-1.0,,0.0,,1207.0,,,2065.0,2841.0,4700.0,,22736.0
XAUUSD,4aa4b9a3-7028-4aba-9ed3-24058dd58620,2026-08-30 16:35:10.048561,2026-08-30 16:15:10.048561,in_scope,4459.15,1M,4375.0,4489.0,short,-0.075,Choppy / Neutral,Choppy,resolved,validation,-1.0,2026-09-01 02:32:00,1M,34.2805,dentro,True,21e49870-285f-492b-9c54-26e4ca744836,0,P2-DISC,True,,,0.0,,0.0,,,,,,,,,,,,,,,,,,,
XAUUSD,4aa4b9a3-7028-4aba-9ed3-24058dd58620,2026-08-30 16:35:10.048561,2026-08-30 16:15:10.048561,in_scope,4459.15,1M,4375.0,4489.0,short,-0.075,Choppy / Neutral,Choppy,resolved,validation,-1.0,2026-09-01 02:32:00,1M,34.2805,dentro,True,21e49870-285f-492b-9c54-26e4ca744836,0,2F,True,,1D=0.05 2H=0.5 1H=0.2 30M=0 5M=0.25,,,0.0,,,1.0,,,0.0,0.0,-1.0,,0.0,,,,,,,,,
XAUUSD,4aa4b9a3-7028-4aba-9ed3-24058dd58620,2026-08-30 16:35:10.048561,2026-08-30 16:15:10.048561,in_scope,4459.15,1M,4375.0,4489.0,short,-0.075,Choppy / Neutral,Choppy,resolved,validation,-1.0,2026-09-01 02:32:00,1M,34.2805,dentro,True,21e49870-285f-492b-9c54-26e4ca744836,0,2F-LOO,True,,1D=0 2H=0.5 1H=0.5 30M=0 5M=0,,,0.0,,,1.0,,,0.0,0.0,-1.0,,0.0,,,,,,,,,
XAUUSD,21e49870-285f-492b-9c54-26e4ca744836,2026-08-31 06:18:45.469845,2026-08-31 05:58:45.469845,in_scope,4456.06,1M,4500.0,4396.0,long,0.55,Bullish,Direccional,resolved,invalidation,-1.0,2026-09-01 02:09:00,1M,20.1707,dentro,False,,0,A,True,,1W=0.3 1D=0.25 12H=0.2 4H=0.15 1H=0.1,0.30000000000000004,1.0,1.0,0.0,0.5,1.0,0.0,0.0,,-1.0,,,,1480.0,1207.0,1287.0,1603.0,,2854.0,,,
XAUUSD,21e49870-285f-492b-9c54-26e4ca744836,2026-08-31 06:18:45.469845,2026-08-31 05:58:45.469845,in_scope,4456.06,1M,4500.0,4396.0,long,0.55,Bullish,Direccional,resolved,invalidation,-1.0,2026-09-01 02:09:00,1M,20.1707,dentro,False,,0,B,True,,1W=0.15 1D=0.2 12H=0.3 4H=0.2 1H=0.15,0.275,1.0,1.0,0.0,0.5,1.0,0.0,0.0,,0.0,,,,1480.0,1207.0,1287.0,1603.0,,2854.0,,,
XAUUSD,21e49870-285f-492b-9c54-26e4ca744836,2026-08-31 06:18:45.469845,2026-08-31 05:58:45.469845,in_scope,4456.06,1M,4500.0,4396.0,long,0.55,Bullish,Direccional,resolved,invalidation,-1.0,2026-09-01 02:09:00,1M,20.1707,dentro,False,,0,C,True,,1W=0.15 1D=0.2 12H=0.3 4H=0.2 1H=0.15,0.275,1.0,1.0,0.0,0.5,1.0,0.0,0.0,,0.0,,,,1480.0,1207.0,1287.0,1603.0,,2854.0,,,
XAUUSD,21e49870-285f-492b-9c54-26e4ca744836,2026-08-31 06:18:45.469845,2026-08-31 05:58:45.469845,in_scope,4456.06,1M,4500.0,4396.0,long,0.55,Bullish,Direccional,resolved,invalidation,-1.0,2026-09-01 02:09:00,1M,20.1707,dentro,False,,0,D,True,,1W=0.08 1D=0.12 12H=0.17 4H=0.22 1H=0.26 30M=0.15,0.16,0.0,0.0,,0.5,1.0,0.0,0.0,,0.0,0.0,,,1480.0,1207.0,1287.0,1603.0,,2854.0,4727.0,,
XAUUSD,21e49870-285f-492b-9c54-26e4ca744836,2026-08-31 06:18:45.469845,2026-08-31 05:58:45.469845,in_scope,4456.06,1M,4500.0,4396.0,long,0.55,Bullish,Direccional,resolved,invalidation,-1.0,2026-09-01 02:09:00,1M,20.1707,dentro,False,,0,E,True,,1W=0.07 1D=0.1 12H=0.14 4H=0.19 1H=0.24 30M=0.16 15M=0.1,0.135,0.0,0.0,,0.5,1.0,0.0,0.0,,0.0,0.0,0.0,,1480.0,1207.0,1287.0,1603.0,,2854.0,4727.0,8285.0,
XAUUSD,21e49870-285f-492b-9c54-26e4ca744836,2026-08-31 06:18:45.469845,2026-08-31 05:58:45.469845,in_scope,4456.06,1M,4500.0,4396.0,long,0.55,Bullish,Direccional,resolved,invalidation,-1.0,2026-09-01 02:09:00,1M,20.1707,dentro,False,,0,F,True,,1W=0.09412 1D=0.1412 12H=0.2 4H=0.2588 1H=0.3059,0.18823529411764706,0.0,0.0,,0.5,1.0,0.0,0.0,,0.0,,,,1480.0,1207.0,1287.0,1603.0,,2854.0,,,
XAUUSD,21e49870-285f-492b-9c54-26e4ca744836,2026-08-31 06:18:45.469845,2026-08-31 05:58:45.469845,in_scope,4456.06,1M,4500.0,4396.0,long,0.55,Bullish,Direccional,resolved,invalidation,-1.0,2026-09-01 02:09:00,1M,20.1707,dentro,False,,0,G,True,,1W=0.1 1D=0.1 12H=0.1 4H=0.1 1H=0.2 30M=0.2 15M=0.2,0.15000000000000002,0.0,0.0,,0.5,1.0,0.0,0.0,,0.0,0.0,0.0,,1480.0,1207.0,1287.0,1603.0,,2854.0,4727.0,8285.0,
XAUUSD,21e49870-285f-492b-9c54-26e4ca744836,2026-08-31 06:18:45.469845,2026-08-31 05:58:45.469845,in_scope,4456.06,1M,4500.0,4396.0,long,0.55,Bullish,Direccional,resolved,invalidation,-1.0,2026-09-01 02:09:00,1M,20.1707,dentro,False,,0,D-EQ,True,,1W=0.1667 1D=0.1667 12H=0.1667 4H=0.1667 1H=0.1667 30M=0.1667,0.25,1.0,1.0,0.0,0.5,1.0,0.0,0.0,,0.0,0.0,,,1480.0,1207.0,1287.0,1603.0,,2854.0,4727.0,,
XAUUSD,21e49870-285f-492b-9c54-26e4ca744836,2026-08-31 06:18:45.469845,2026-08-31 05:58:45.469845,in_scope,4456.06,1M,4500.0,4396.0,long,0.55,Bullish,Direccional,resolved,invalidation,-1.0,2026-09-01 02:09:00,1M,20.1707,dentro,False,,0,2A,True,,1D=0.2 2H=0.2 1H=0.2 30M=0.2 5M=0.2,0.2,0.0,0.0,,,1.0,,,0.0,0.0,0.0,,0.0,,1207.0,,,2072.0,2854.0,4727.0,,22900.0
XAUUSD,21e49870-285f-492b-9c54-26e4ca744836,2026-08-31 06:18:45.469845,2026-08-31 05:58:45.469845,in_scope,4456.06,1M,4500.0,4396.0,long,0.55,Bullish,Direccional,resolved,invalidation,-1.0,2026-09-01 02:09:00,1M,20.1707,dentro,False,,0,2B,True,,1D=0.1 2H=0.25 1H=0.25 30M=0.2 5M=0.2,0.1,0.0,0.0,,,1.0,,,0.0,0.0,0.0,,0.0,,1207.0,,,2072.0,2854.0,4727.0,,22900.0
XAUUSD,21e49870-285f-492b-9c54-26e4ca744836,2026-08-31 06:18:45.469845,2026-08-31 05:58:45.469845,in_scope,4456.06,1M,4500.0,4396.0,long,0.55,Bullish,Direccional,resolved,invalidation,-1.0,2026-09-01 02:09:00,1M,20.1707,dentro,False,,0,2C,True,,1D=0.2 2H=0.2 1H=0.2 30M=0.3 5M=0.1,0.2,0.0,0.0,,,1.0,,,0.0,0.0,0.0,,0.0,,1207.0,,,2072.0,2854.0,4727.0,,22900.0
XAUUSD,21e49870-285f-492b-9c54-26e4ca744836,2026-08-31 06:18:45.469845,2026-08-31 05:58:45.469845,in_scope,4456.06,1M,4500.0,4396.0,long,0.55,Bullish,Direccional,resolved,invalidation,-1.0,2026-09-01 02:09:00,1M,20.1707,dentro,False,,0,2D,True,,1D=0.15 2H=0.3 1H=0.25 30M=0.2 5M=0.1,0.15,0.0,0.0,,,1.0,,,0.0,0.0,0.0,,0.0,,1207.0,,,2072.0,2854.0,4727.0,,22900.0
XAUUSD,21e49870-285f-492b-9c54-26e4ca744836,2026-08-31 06:18:45.469845,2026-08-31 05:58:45.469845,in_scope,4456.06,1M,4500.0,4396.0,long,0.55,Bullish,Direccional,resolved,invalidation,-1.0,2026-09-01 02:09:00,1M,20.1707,dentro,False,,0,2E,True,,1D=0.1 2H=0.25 1H=0.3 30M=0.25 5M=0.1,0.1,0.0,0.0,,,1.0,,,0.0,0.0,0.0,,0.0,,1207.0,,,2072.0,2854.0,4727.0,,22900.0
XAUUSD,21e49870-285f-492b-9c54-26e4ca744836,2026-08-31 06:18:45.469845,2026-08-31 05:58:45.469845,in_scope,4456.06,1M,4500.0,4396.0,long,0.55,Bullish,Direccional,resolved,invalidation,-1.0,2026-09-01 02:09:00,1M,20.1707,dentro,False,,0,P2-DISC,True,,,0.0,,0.0,,,,,,,,,,,,,,,,,,,
XAUUSD,21e49870-285f-492b-9c54-26e4ca744836,2026-08-31 06:18:45.469845,2026-08-31 05:58:45.469845,in_scope,4456.06,1M,4500.0,4396.0,long,0.55,Bullish,Direccional,resolved,invalidation,-1.0,2026-09-01 02:09:00,1M,20.1707,dentro,False,,0,2F,True,,1D=0.05 2H=0.5 1H=0.2 30M=0 5M=0.25,,,0.0,,,1.0,,,0.0,0.0,0.0,,0.0,,,,,,,,,
XAUUSD,21e49870-285f-492b-9c54-26e4ca744836,2026-08-31 06:18:45.469845,2026-08-31 05:58:45.469845,in_scope,4456.06,1M,4500.0,4396.0,long,0.55,Bullish,Direccional,resolved,invalidation,-1.0,2026-09-01 02:09:00,1M,20.1707,dentro,False,,0,2F-LOO,True,,1D=0 2H=0.5 1H=0 30M=0.25 5M=0.25,,,0.0,,,1.0,,,0.0,0.0,0.0,,0.0,,,,,,,,,
XAUUSD,ea40f3e6-09d7-41d2-bdac-23758b0b469a,2026-09-01 06:32:36.293169,2026-09-01 06:12:36.293169,in_scope,4368.34,1M,4334.0,4460.0,short,-0.675,Bearish,Direccional,resolved,validation,-1.0,2026-09-01 07:09:00,1M,0.9399,dentro,False,,-1,A,True,,1W=0.3 1D=0.25 12H=0.2 4H=0.15 1H=0.1,0.30000000000000004,1.0,1.0,0.0,0.5,1.0,0.0,0.0,,-1.0,,,,1480.0,1208.0,1289.0,1609.0,,2878.0,,,
XAUUSD,ea40f3e6-09d7-41d2-bdac-23758b0b469a,2026-09-01 06:32:36.293169,2026-09-01 06:12:36.293169,in_scope,4368.34,1M,4334.0,4460.0,short,-0.675,Bearish,Direccional,resolved,validation,-1.0,2026-09-01 07:09:00,1M,0.9399,dentro,False,,-1,B,True,,1W=0.15 1D=0.2 12H=0.3 4H=0.2 1H=0.15,0.12500000000000003,0.0,0.0,,0.5,1.0,0.0,0.0,,-1.0,,,,1480.0,1208.0,1289.0,1609.0,,2878.0,,,
XAUUSD,ea40f3e6-09d7-41d2-bdac-23758b0b469a,2026-09-01 06:32:36.293169,2026-09-01 06:12:36.293169,in_scope,4368.34,1M,4334.0,4460.0,short,-0.675,Bearish,Direccional,resolved,validation,-1.0,2026-09-01 07:09:00,1M,0.9399,dentro,False,,-1,C,True,,1W=0.15 1D=0.2 12H=0.3 4H=0.2 1H=0.15,0.12500000000000003,0.0,0.0,,0.5,1.0,0.0,0.0,,-1.0,,,,1480.0,1208.0,1289.0,1609.0,,2878.0,,,
XAUUSD,ea40f3e6-09d7-41d2-bdac-23758b0b469a,2026-09-01 06:32:36.293169,2026-09-01 06:12:36.293169,in_scope,4368.34,1M,4334.0,4460.0,short,-0.675,Bearish,Direccional,resolved,validation,-1.0,2026-09-01 07:09:00,1M,0.9399,dentro,False,,-1,D,True,,1W=0.08 1D=0.12 12H=0.17 4H=0.22 1H=0.26 30M=0.15,-0.25,-1.0,-1.0,1.0,0.5,1.0,0.0,0.0,,-1.0,-1.0,,,1480.0,1208.0,1289.0,1609.0,,2878.0,4774.0,,
XAUUSD,ea40f3e6-09d7-41d2-bdac-23758b0b469a,2026-09-01 06:32:36.293169,2026-09-01 06:12:36.293169,in_scope,4368.34,1M,4334.0,4460.0,short,-0.675,Bearish,Direccional,resolved,validation,-1.0,2026-09-01 07:09:00,1M,0.9399,dentro,False,,-1,E,True,,1W=0.07 1D=0.1 12H=0.14 4H=0.19 1H=0.24 30M=0.16 15M=0.1,-0.365,-1.0,-1.0,1.0,0.5,1.0,0.0,0.0,,-1.0,-1.0,-1.0,,1480.0,1208.0,1289.0,1609.0,,2878.0,4774.0,8378.0,
XAUUSD,ea40f3e6-09d7-41d2-bdac-23758b0b469a,2026-09-01 06:32:36.293169,2026-09-01 06:12:36.293169,in_scope,4368.34,1M,4334.0,4460.0,short,-0.675,Bearish,Direccional,resolved,validation,-1.0,2026-09-01 07:09:00,1M,0.9399,dentro,False,,-1,F,True,,1W=0.09412 1D=0.1412 12H=0.2 4H=0.2588 1H=0.3059,-0.11764705882352944,0.0,0.0,,0.5,1.0,0.0,0.0,,-1.0,,,,1480.0,1208.0,1289.0,1609.0,,2878.0,,,
XAUUSD,ea40f3e6-09d7-41d2-bdac-23758b0b469a,2026-09-01 06:32:36.293169,2026-09-01 06:12:36.293169,in_scope,4368.34,1M,4334.0,4460.0,short,-0.675,Bearish,Direccional,resolved,validation,-1.0,2026-09-01 07:09:00,1M,0.9399,dentro,False,,-1,G,True,,1W=0.1 1D=0.1 12H=0.1 4H=0.1 1H=0.2 30M=0.2 15M=0.2,-0.45,-1.0,-1.0,1.0,0.5,1.0,0.0,0.0,,-1.0,-1.0,-1.0,,1480.0,1208.0,1289.0,1609.0,,2878.0,4774.0,8378.0,
XAUUSD,ea40f3e6-09d7-41d2-bdac-23758b0b469a,2026-09-01 06:32:36.293169,2026-09-01 06:12:36.293169,in_scope,4368.34,1M,4334.0,4460.0,short,-0.675,Bearish,Direccional,resolved,validation,-1.0,2026-09-01 07:09:00,1M,0.9399,dentro,False,,-1,D-EQ,True,,1W=0.1667 1D=0.1667 12H=0.1667 4H=0.1667 1H=0.1667 30M=0.1667,-0.08333333333333331,0.0,0.0,,0.5,1.0,0.0,0.0,,-1.0,-1.0,,,1480.0,1208.0,1289.0,1609.0,,2878.0,4774.0,,
XAUUSD,ea40f3e6-09d7-41d2-bdac-23758b0b469a,2026-09-01 06:32:36.293169,2026-09-01 06:12:36.293169,in_scope,4368.34,1M,4334.0,4460.0,short,-0.675,Bearish,Direccional,resolved,validation,-1.0,2026-09-01 07:09:00,1M,0.9399,dentro,False,,-1,2A,True,,1D=0.2 2H=0.2 1H=0.2 30M=0.2 5M=0.2,-0.30000000000000004,-1.0,-1.0,1.0,,1.0,,,0.0,-1.0,-1.0,,-0.5,,1208.0,,,2084.0,2878.0,4774.0,,23179.0
XAUUSD,ea40f3e6-09d7-41d2-bdac-23758b0b469a,2026-09-01 06:32:36.293169,2026-09-01 06:12:36.293169,in_scope,4368.34,1M,4334.0,4460.0,short,-0.675,Bearish,Direccional,resolved,validation,-1.0,2026-09-01 07:09:00,1M,0.9399,dentro,False,,-1,2B,True,,1D=0.1 2H=0.25 1H=0.25 30M=0.2 5M=0.2,-0.44999999999999996,-1.0,-1.0,1.0,,1.0,,,0.0,-1.0,-1.0,,-0.5,,1208.0,,,2084.0,2878.0,4774.0,,23179.0
XAUUSD,ea40f3e6-09d7-41d2-bdac-23758b0b469a,2026-09-01 06:32:36.293169,2026-09-01 06:12:36.293169,in_scope,4368.34,1M,4334.0,4460.0,short,-0.675,Bearish,Direccional,resolved,validation,-1.0,2026-09-01 07:09:00,1M,0.9399,dentro,False,,-1,2C,True,,1D=0.2 2H=0.2 1H=0.2 30M=0.3 5M=0.1,-0.35,-1.0,-1.0,1.0,,1.0,,,0.0,-1.0,-1.0,,-0.5,,1208.0,,,2084.0,2878.0,4774.0,,23179.0
XAUUSD,ea40f3e6-09d7-41d2-bdac-23758b0b469a,2026-09-01 06:32:36.293169,2026-09-01 06:12:36.293169,in_scope,4368.34,1M,4334.0,4460.0,short,-0.675,Bearish,Direccional,resolved,validation,-1.0,2026-09-01 07:09:00,1M,0.9399,dentro,False,,-1,2D,True,,1D=0.15 2H=0.3 1H=0.25 30M=0.2 5M=0.1,-0.35000000000000003,-1.0,-1.0,1.0,,1.0,,,0.0,-1.0,-1.0,,-0.5,,1208.0,,,2084.0,2878.0,4774.0,,23179.0
XAUUSD,ea40f3e6-09d7-41d2-bdac-23758b0b469a,2026-09-01 06:32:36.293169,2026-09-01 06:12:36.293169,in_scope,4368.34,1M,4334.0,4460.0,short,-0.675,Bearish,Direccional,resolved,validation,-1.0,2026-09-01 07:09:00,1M,0.9399,dentro,False,,-1,2E,True,,1D=0.1 2H=0.25 1H=0.3 30M=0.25 5M=0.1,-0.49999999999999994,-1.0,-1.0,1.0,,1.0,,,0.0,-1.0,-1.0,,-0.5,,1208.0,,,2084.0,2878.0,4774.0,,23179.0
XAUUSD,ea40f3e6-09d7-41d2-bdac-23758b0b469a,2026-09-01 06:32:36.293169,2026-09-01 06:12:36.293169,in_scope,4368.34,1M,4334.0,4460.0,short,-0.675,Bearish,Direccional,resolved,validation,-1.0,2026-09-01 07:09:00,1M,0.9399,dentro,False,,-1,P2-DISC,True,,,-1.0,,-1.0,1.0,,,,,,,,,,,,,,,,,,
XAUUSD,ea40f3e6-09d7-41d2-bdac-23758b0b469a,2026-09-01 06:32:36.293169,2026-09-01 06:12:36.293169,in_scope,4368.34,1M,4334.0,4460.0,short,-0.675,Bearish,Direccional,resolved,validation,-1.0,2026-09-01 07:09:00,1M,0.9399,dentro,False,,-1,2F,True,,1D=0 2H=0.5 1H=0 30M=0.25 5M=0.25,,,-1.0,1.0,,1.0,,,0.0,-1.0,-1.0,,-0.5,,,,,,,,,
XAUUSD,ea40f3e6-09d7-41d2-bdac-23758b0b469a,2026-09-01 06:32:36.293169,2026-09-01 06:12:36.293169,in_scope,4368.34,1M,4334.0,4460.0,short,-0.675,Bearish,Direccional,resolved,validation,-1.0,2026-09-01 07:09:00,1M,0.9399,dentro,False,,-1,2F-LOO,True,,1D=0 2H=0.5 1H=0 30M=0.25 5M=0.25,,,-1.0,1.0,,1.0,,,0.0,-1.0,-1.0,,-0.5,,,,,,,,,
XAUUSD,887dbdc1-7295-4138-9b08-edf916f25075,2026-09-01 18:26:41.232145,2026-09-01 18:06:41.232145,in_scope,4325.87,1M,4284.0,4387.0,short,-0.65,Bearish,Direccional,resolved,validation,-1.0,2026-09-01 21:35:00,1M,3.4719,dentro,False,,-2,A,True,,1W=0.3 1D=0.25 12H=0.2 4H=0.15 1H=0.1,0.04999999999999999,0.0,0.0,,0.5,0.0,0.0,0.0,,-1.0,,,,1480.0,1209.0,1290.0,1612.0,,2889.0,,,
XAUUSD,887dbdc1-7295-4138-9b08-edf916f25075,2026-09-01 18:26:41.232145,2026-09-01 18:06:41.232145,in_scope,4325.87,1M,4284.0,4387.0,short,-0.65,Bearish,Direccional,resolved,validation,-1.0,2026-09-01 21:35:00,1M,3.4719,dentro,False,,-2,B,True,,1W=0.15 1D=0.2 12H=0.3 4H=0.2 1H=0.15,-0.075,0.0,0.0,,0.5,0.0,0.0,0.0,,-1.0,,,,1480.0,1209.0,1290.0,1612.0,,2889.0,,,
XAUUSD,887dbdc1-7295-4138-9b08-edf916f25075,2026-09-01 18:26:41.232145,2026-09-01 18:06:41.232145,in_scope,4325.87,1M,4284.0,4387.0,short,-0.65,Bearish,Direccional,resolved,validation,-1.0,2026-09-01 21:35:00,1M,3.4719,dentro,False,,-2,C,True,,1W=0.15 1D=0.2 12H=0.3 4H=0.2 1H=0.15,-0.075,0.0,0.0,,0.5,0.0,0.0,0.0,,-1.0,,,,1480.0,1209.0,1290.0,1612.0,,2889.0,,,
XAUUSD,887dbdc1-7295-4138-9b08-edf916f25075,2026-09-01 18:26:41.232145,2026-09-01 18:06:41.232145,in_scope,4325.87,1M,4284.0,4387.0,short,-0.65,Bearish,Direccional,resolved,validation,-1.0,2026-09-01 21:35:00,1M,3.4719,dentro,False,,-2,D,True,,1W=0.08 1D=0.12 12H=0.17 4H=0.22 1H=0.26 30M=0.15,-0.37,-1.0,-1.0,1.0,0.5,0.0,0.0,0.0,,-1.0,-1.0,,,1480.0,1209.0,1290.0,1612.0,,2889.0,4796.0,,
XAUUSD,887dbdc1-7295-4138-9b08-edf916f25075,2026-09-01 18:26:41.232145,2026-09-01 18:06:41.232145,in_scope,4325.87,1M,4284.0,4387.0,short,-0.65,Bearish,Direccional,resolved,validation,-1.0,2026-09-01 21:35:00,1M,3.4719,dentro,False,,-2,E,True,,1W=0.07 1D=0.1 12H=0.14 4H=0.19 1H=0.24 30M=0.16 15M=0.1,-0.46499999999999997,-1.0,-1.0,1.0,0.5,0.0,0.0,0.0,,-1.0,-1.0,-1.0,,1480.0,1209.0,1290.0,1612.0,,2889.0,4796.0,8422.0,
XAUUSD,887dbdc1-7295-4138-9b08-edf916f25075,2026-09-01 18:26:41.232145,2026-09-01 18:06:41.232145,in_scope,4325.87,1M,4284.0,4387.0,short,-0.65,Bearish,Direccional,resolved,validation,-1.0,2026-09-01 21:35:00,1M,3.4719,dentro,False,,-2,F,True,,1W=0.09412 1D=0.1412 12H=0.2 4H=0.2588 1H=0.3059,-0.25882352941176473,-1.0,-1.0,1.0,0.5,0.0,0.0,0.0,,-1.0,,,,1480.0,1209.0,1290.0,1612.0,,2889.0,,,
XAUUSD,887dbdc1-7295-4138-9b08-edf916f25075,2026-09-01 18:26:41.232145,2026-09-01 18:06:41.232145,in_scope,4325.87,1M,4284.0,4387.0,short,-0.65,Bearish,Direccional,resolved,validation,-1.0,2026-09-01 21:35:00,1M,3.4719,dentro,False,,-2,G,True,,1W=0.1 1D=0.1 12H=0.1 4H=0.1 1H=0.2 30M=0.2 15M=0.2,-0.55,-1.0,-1.0,1.0,0.5,0.0,0.0,0.0,,-1.0,-1.0,-1.0,,1480.0,1209.0,1290.0,1612.0,,2889.0,4796.0,8422.0,
XAUUSD,887dbdc1-7295-4138-9b08-edf916f25075,2026-09-01 18:26:41.232145,2026-09-01 18:06:41.232145,in_scope,4325.87,1M,4284.0,4387.0,short,-0.65,Bearish,Direccional,resolved,validation,-1.0,2026-09-01 21:35:00,1M,3.4719,dentro,False,,-2,D-EQ,True,,1W=0.1667 1D=0.1667 12H=0.1667 4H=0.1667 1H=0.1667 30M=0.1667,-0.25,-1.0,-1.0,1.0,0.5,0.0,0.0,0.0,,-1.0,-1.0,,,1480.0,1209.0,1290.0,1612.0,,2889.0,4796.0,,
XAUUSD,887dbdc1-7295-4138-9b08-edf916f25075,2026-09-01 18:26:41.232145,2026-09-01 18:06:41.232145,in_scope,4325.87,1M,4284.0,4387.0,short,-0.65,Bearish,Direccional,resolved,validation,-1.0,2026-09-01 21:35:00,1M,3.4719,dentro,False,,-2,2A,True,,1D=0.2 2H=0.2 1H=0.2 30M=0.2 5M=0.2,-0.4,-1.0,-1.0,1.0,,0.0,,,0.0,-1.0,-1.0,,-0.0,,1209.0,,,2090.0,2889.0,4796.0,,23310.0
XAUUSD,887dbdc1-7295-4138-9b08-edf916f25075,2026-09-01 18:26:41.232145,2026-09-01 18:06:41.232145,in_scope,4325.87,1M,4284.0,4387.0,short,-0.65,Bearish,Direccional,resolved,validation,-1.0,2026-09-01 21:35:00,1M,3.4719,dentro,False,,-2,2B,True,,1D=0.1 2H=0.25 1H=0.25 30M=0.2 5M=0.2,-0.45,-1.0,-1.0,1.0,,0.0,,,0.0,-1.0,-1.0,,-0.0,,1209.0,,,2090.0,2889.0,4796.0,,23310.0
XAUUSD,887dbdc1-7295-4138-9b08-edf916f25075,2026-09-01 18:26:41.232145,2026-09-01 18:06:41.232145,in_scope,4325.87,1M,4284.0,4387.0,short,-0.65,Bearish,Direccional,resolved,validation,-1.0,2026-09-01 21:35:00,1M,3.4719,dentro,False,,-2,2C,True,,1D=0.2 2H=0.2 1H=0.2 30M=0.3 5M=0.1,-0.5,-1.0,-1.0,1.0,,0.0,,,0.0,-1.0,-1.0,,-0.0,,1209.0,,,2090.0,2889.0,4796.0,,23310.0
XAUUSD,887dbdc1-7295-4138-9b08-edf916f25075,2026-09-01 18:26:41.232145,2026-09-01 18:06:41.232145,in_scope,4325.87,1M,4284.0,4387.0,short,-0.65,Bearish,Direccional,resolved,validation,-1.0,2026-09-01 21:35:00,1M,3.4719,dentro,False,,-2,2D,True,,1D=0.15 2H=0.3 1H=0.25 30M=0.2 5M=0.1,-0.45,-1.0,-1.0,1.0,,0.0,,,0.0,-1.0,-1.0,,-0.0,,1209.0,,,2090.0,2889.0,4796.0,,23310.0
XAUUSD,887dbdc1-7295-4138-9b08-edf916f25075,2026-09-01 18:26:41.232145,2026-09-01 18:06:41.232145,in_scope,4325.87,1M,4284.0,4387.0,short,-0.65,Bearish,Direccional,resolved,validation,-1.0,2026-09-01 21:35:00,1M,3.4719,dentro,False,,-2,2E,True,,1D=0.1 2H=0.25 1H=0.3 30M=0.25 5M=0.1,-0.55,-1.0,-1.0,1.0,,0.0,,,0.0,-1.0,-1.0,,-0.0,,1209.0,,,2090.0,2889.0,4796.0,,23310.0
XAUUSD,887dbdc1-7295-4138-9b08-edf916f25075,2026-09-01 18:26:41.232145,2026-09-01 18:06:41.232145,in_scope,4325.87,1M,4284.0,4387.0,short,-0.65,Bearish,Direccional,resolved,validation,-1.0,2026-09-01 21:35:00,1M,3.4719,dentro,False,,-2,P2-DISC,True,,,-2.0,,-1.0,1.0,,,,,,,,,,,,,,,,,,
XAUUSD,887dbdc1-7295-4138-9b08-edf916f25075,2026-09-01 18:26:41.232145,2026-09-01 18:06:41.232145,in_scope,4325.87,1M,4284.0,4387.0,short,-0.65,Bearish,Direccional,resolved,validation,-1.0,2026-09-01 21:35:00,1M,3.4719,dentro,False,,-2,2F,True,,1D=0 2H=0.5 1H=0 30M=0.25 5M=0.25,,,-1.0,1.0,,0.0,,,0.0,-1.0,-1.0,,-0.0,,,,,,,,,
XAUUSD,887dbdc1-7295-4138-9b08-edf916f25075,2026-09-01 18:26:41.232145,2026-09-01 18:06:41.232145,in_scope,4325.87,1M,4284.0,4387.0,short,-0.65,Bearish,Direccional,resolved,validation,-1.0,2026-09-01 21:35:00,1M,3.4719,dentro,False,,-2,2F-LOO,True,,1D=0.05 2H=0.5 1H=0.2 30M=0 5M=0.25,,,0.0,,,0.0,,,0.0,-1.0,-1.0,,-0.0,,,,,,,,,
XAUUSD,ac71aa0e-c2ad-432b-8bc1-0a8900e98080,2026-09-03 18:14:09.561809,2026-09-03 17:54:09.561809,in_scope,4475.7,1M,4535.0,4429.0,long,0.45,Bullish,Direccional,resolved,invalidation,-1.0,2026-09-04 06:30:00,1M,12.5973,dentro,False,,1,A,True,,1W=0.3 1D=0.25 12H=0.2 4H=0.15 1H=0.1,0.7500000000000001,2.0,1.0,0.0,0.5,1.0,1.0,1.0,,0.0,,,,1480.0,1211.0,1294.0,1624.0,,2934.0,,,
XAUUSD,ac71aa0e-c2ad-432b-8bc1-0a8900e98080,2026-09-03 18:14:09.561809,2026-09-03 17:54:09.561809,in_scope,4475.7,1M,4535.0,4429.0,long,0.45,Bullish,Direccional,resolved,invalidation,-1.0,2026-09-04 06:30:00,1M,12.5973,dentro,False,,1,B,True,,1W=0.15 1D=0.2 12H=0.3 4H=0.2 1H=0.15,0.275,1.0,1.0,0.0,0.5,1.0,0.0,0.0,,0.0,,,,1480.0,1211.0,1294.0,1624.0,,2934.0,,,
XAUUSD,ac71aa0e-c2ad-432b-8bc1-0a8900e98080,2026-09-03 18:14:09.561809,2026-09-03 17:54:09.561809,in_scope,4475.7,1M,4535.0,4429.0,long,0.45,Bullish,Direccional,resolved,invalidation,-1.0,2026-09-04 06:30:00,1M,12.5973,dentro,False,,1,C,True,,1W=0.15 1D=0.2 12H=0.3 4H=0.2 1H=0.15,0.275,1.0,1.0,0.0,0.5,1.0,0.0,0.0,,0.0,,,,1480.0,1211.0,1294.0,1624.0,,2934.0,,,
XAUUSD,ac71aa0e-c2ad-432b-8bc1-0a8900e98080,2026-09-03 18:14:09.561809,2026-09-03 17:54:09.561809,in_scope,4475.7,1M,4535.0,4429.0,long,0.45,Bullish,Direccional,resolved,invalidation,-1.0,2026-09-04 06:30:00,1M,12.5973,dentro,False,,1,D,True,,1W=0.08 1D=0.12 12H=0.17 4H=0.22 1H=0.26 30M=0.15,0.16,0.0,0.0,,0.5,1.0,0.0,0.0,,0.0,0.0,,,1480.0,1211.0,1294.0,1624.0,,2934.0,4887.0,,
XAUUSD,ac71aa0e-c2ad-432b-8bc1-0a8900e98080,2026-09-03 18:14:09.561809,2026-09-03 17:54:09.561809,in_scope,4475.7,1M,4535.0,4429.0,long,0.45,Bullish,Direccional,resolved,invalidation,-1.0,2026-09-04 06:30:00,1M,12.5973,dentro,False,,1,E,True,,1W=0.07 1D=0.1 12H=0.14 4H=0.19 1H=0.24 30M=0.16 15M=0.1,0.135,0.0,0.0,,0.5,1.0,0.0,0.0,,0.0,0.0,0.0,,1480.0,1211.0,1294.0,1624.0,,2934.0,4887.0,8605.0,
XAUUSD,ac71aa0e-c2ad-432b-8bc1-0a8900e98080,2026-09-03 18:14:09.561809,2026-09-03 17:54:09.561809,in_scope,4475.7,1M,4535.0,4429.0,long,0.45,Bullish,Direccional,resolved,invalidation,-1.0,2026-09-04 06:30:00,1M,12.5973,dentro,False,,1,F,True,,1W=0.09412 1D=0.1412 12H=0.2 4H=0.2588 1H=0.3059,0.18823529411764706,0.0,0.0,,0.5,1.0,0.0,0.0,,0.0,,,,1480.0,1211.0,1294.0,1624.0,,2934.0,,,
XAUUSD,ac71aa0e-c2ad-432b-8bc1-0a8900e98080,2026-09-03 18:14:09.561809,2026-09-03 17:54:09.561809,in_scope,4475.7,1M,4535.0,4429.0,long,0.45,Bullish,Direccional,resolved,invalidation,-1.0,2026-09-04 06:30:00,1M,12.5973,dentro,False,,1,G,True,,1W=0.1 1D=0.1 12H=0.1 4H=0.1 1H=0.2 30M=0.2 15M=0.2,0.15000000000000002,0.0,0.0,,0.5,1.0,0.0,0.0,,0.0,0.0,0.0,,1480.0,1211.0,1294.0,1624.0,,2934.0,4887.0,8605.0,
XAUUSD,ac71aa0e-c2ad-432b-8bc1-0a8900e98080,2026-09-03 18:14:09.561809,2026-09-03 17:54:09.561809,in_scope,4475.7,1M,4535.0,4429.0,long,0.45,Bullish,Direccional,resolved,invalidation,-1.0,2026-09-04 06:30:00,1M,12.5973,dentro,False,,1,D-EQ,True,,1W=0.1667 1D=0.1667 12H=0.1667 4H=0.1667 1H=0.1667 30M=0.1667,0.25,1.0,1.0,0.0,0.5,1.0,0.0,0.0,,0.0,0.0,,,1480.0,1211.0,1294.0,1624.0,,2934.0,4887.0,,
XAUUSD,ac71aa0e-c2ad-432b-8bc1-0a8900e98080,2026-09-03 18:14:09.561809,2026-09-03 17:54:09.561809,in_scope,4475.7,1M,4535.0,4429.0,long,0.45,Bullish,Direccional,resolved,invalidation,-1.0,2026-09-04 06:30:00,1M,12.5973,dentro,False,,1,2A,True,,1D=0.2 2H=0.2 1H=0.2 30M=0.2 5M=0.2,0.2,0.0,0.0,,,1.0,,,0.0,0.0,0.0,,0.0,,1211.0,,,2114.0,2934.0,4887.0,,23859.0
XAUUSD,ac71aa0e-c2ad-432b-8bc1-0a8900e98080,2026-09-03 18:14:09.561809,2026-09-03 17:54:09.561809,in_scope,4475.7,1M,4535.0,4429.0,long,0.45,Bullish,Direccional,resolved,invalidation,-1.0,2026-09-04 06:30:00,1M,12.5973,dentro,False,,1,2B,True,,1D=0.1 2H=0.25 1H=0.25 30M=0.2 5M=0.2,0.1,0.0,0.0,,,1.0,,,0.0,0.0,0.0,,0.0,,1211.0,,,2114.0,2934.0,4887.0,,23859.0
XAUUSD,ac71aa0e-c2ad-432b-8bc1-0a8900e98080,2026-09-03 18:14:09.561809,2026-09-03 17:54:09.561809,in_scope,4475.7,1M,4535.0,4429.0,long,0.45,Bullish,Direccional,resolved,invalidation,-1.0,2026-09-04 06:30:00,1M,12.5973,dentro,False,,1,2C,True,,1D=0.2 2H=0.2 1H=0.2 30M=0.3 5M=0.1,0.2,0.0,0.0,,,1.0,,,0.0,0.0,0.0,,0.0,,1211.0,,,2114.0,2934.0,4887.0,,23859.0
XAUUSD,ac71aa0e-c2ad-432b-8bc1-0a8900e98080,2026-09-03 18:14:09.561809,2026-09-03 17:54:09.561809,in_scope,4475.7,1M,4535.0,4429.0,long,0.45,Bullish,Direccional,resolved,invalidation,-1.0,2026-09-04 06:30:00,1M,12.5973,dentro,False,,1,2D,True,,1D=0.15 2H=0.3 1H=0.25 30M=0.2 5M=0.1,0.15,0.0,0.0,,,1.0,,,0.0,0.0,0.0,,0.0,,1211.0,,,2114.0,2934.0,4887.0,,23859.0
XAUUSD,ac71aa0e-c2ad-432b-8bc1-0a8900e98080,2026-09-03 18:14:09.561809,2026-09-03 17:54:09.561809,in_scope,4475.7,1M,4535.0,4429.0,long,0.45,Bullish,Direccional,resolved,invalidation,-1.0,2026-09-04 06:30:00,1M,12.5973,dentro,False,,1,2E,True,,1D=0.1 2H=0.25 1H=0.3 30M=0.25 5M=0.1,0.1,0.0,0.0,,,1.0,,,0.0,0.0,0.0,,0.0,,1211.0,,,2114.0,2934.0,4887.0,,23859.0
XAUUSD,ac71aa0e-c2ad-432b-8bc1-0a8900e98080,2026-09-03 18:14:09.561809,2026-09-03 17:54:09.561809,in_scope,4475.7,1M,4535.0,4429.0,long,0.45,Bullish,Direccional,resolved,invalidation,-1.0,2026-09-04 06:30:00,1M,12.5973,dentro,False,,1,P2-DISC,True,,,1.0,,1.0,0.0,,,,,,,,,,,,,,,,,,
XAUUSD,ac71aa0e-c2ad-432b-8bc1-0a8900e98080,2026-09-03 18:14:09.561809,2026-09-03 17:54:09.561809,in_scope,4475.7,1M,4535.0,4429.0,long,0.45,Bullish,Direccional,resolved,invalidation,-1.0,2026-09-04 06:30:00,1M,12.5973,dentro,False,,1,2F,True,,1D=0 2H=0.5 1H=0 30M=0.25 5M=0.25,,,0.0,,,1.0,,,0.0,0.0,0.0,,0.0,,,,,,,,,
XAUUSD,ac71aa0e-c2ad-432b-8bc1-0a8900e98080,2026-09-03 18:14:09.561809,2026-09-03 17:54:09.561809,in_scope,4475.7,1M,4535.0,4429.0,long,0.45,Bullish,Direccional,resolved,invalidation,-1.0,2026-09-04 06:30:00,1M,12.5973,dentro,False,,1,2F-LOO,True,,1D=0 2H=0.5 1H=0 30M=0.25 5M=0.25,,,0.0,,,1.0,,,0.0,0.0,0.0,,0.0,,,,,,,,,
XAUUSD,792518cd-e5a5-4b6e-837a-6e9c107a7af0,2026-09-16 11:32:49.977806,2026-09-16 11:12:49.977806,in_scope,4342.44,1M,5000.0,4200.0,long,1.0,Bullish,Direccional,resolved,invalidation,-1.0,2026-09-27 20:55:00,1M,273.7028,fuera,False,,2,A,True,,1W=0.3 1D=0.25 12H=0.2 4H=0.15 1H=0.1,-0.1,0.0,0.0,,0.0,0.0,-0.5,0.0,,0.0,,,,1482.0,1219.0,1311.0,1677.0,,3134.0,,,
XAUUSD,792518cd-e5a5-4b6e-837a-6e9c107a7af0,2026-09-16 11:32:49.977806,2026-09-16 11:12:49.977806,in_scope,4342.44,1M,5000.0,4200.0,long,1.0,Bullish,Direccional,resolved,invalidation,-1.0,2026-09-27 20:55:00,1M,273.7028,fuera,False,,2,B,True,,1W=0.15 1D=0.2 12H=0.3 4H=0.2 1H=0.15,0.0,0.0,0.0,,0.0,0.0,0.0,0.0,,0.0,,,,1482.0,1219.0,1311.0,1677.0,,3134.0,,,
XAUUSD,792518cd-e5a5-4b6e-837a-6e9c107a7af0,2026-09-16 11:32:49.977806,2026-09-16 11:12:49.977806,in_scope,4342.44,1M,5000.0,4200.0,long,1.0,Bullish,Direccional,resolved,invalidation,-1.0,2026-09-27 20:55:00,1M,273.7028,fuera,False,,2,C,True,,1W=0.15 1D=0.2 12H=0.3 4H=0.2 1H=0.15,0.0,0.0,0.0,,0.0,0.0,0.0,0.0,,0.0,,,,1482.0,1219.0,1311.0,1677.0,,3134.0,,,
XAUUSD,792518cd-e5a5-4b6e-837a-6e9c107a7af0,2026-09-16 11:32:49.977806,2026-09-16 11:12:49.977806,in_scope,4342.44,1M,5000.0,4200.0,long,1.0,Bullish,Direccional,resolved,invalidation,-1.0,2026-09-27 20:55:00,1M,273.7028,fuera,False,,2,D,True,,1W=0.08 1D=0.12 12H=0.17 4H=0.22 1H=0.26 30M=0.15,0.0,0.0,0.0,,0.0,0.0,0.0,0.0,,0.0,0.0,,,1482.0,1219.0,1311.0,1677.0,,3134.0,5285.0,,
XAUUSD,792518cd-e5a5-4b6e-837a-6e9c107a7af0,2026-09-16 11:32:49.977806,2026-09-16 11:12:49.977806,in_scope,4342.44,1M,5000.0,4200.0,long,1.0,Bullish,Direccional,resolved,invalidation,-1.0,2026-09-27 20:55:00,1M,273.7028,fuera,False,,2,E,True,,1W=0.07 1D=0.1 12H=0.14 4H=0.19 1H=0.24 30M=0.16 15M=0.1,0.0,0.0,0.0,,0.0,0.0,0.0,0.0,,0.0,0.0,0.0,,1482.0,1219.0,1311.0,1677.0,,3134.0,5285.0,9400.0,
XAUUSD,792518cd-e5a5-4b6e-837a-6e9c107a7af0,2026-09-16 11:32:49.977806,2026-09-16 11:12:49.977806,in_scope,4342.44,1M,5000.0,4200.0,long,1.0,Bullish,Direccional,resolved,invalidation,-1.0,2026-09-27 20:55:00,1M,273.7028,fuera,False,,2,F,True,,1W=0.09412 1D=0.1412 12H=0.2 4H=0.2588 1H=0.3059,0.0,0.0,0.0,,0.0,0.0,0.0,0.0,,0.0,,,,1482.0,1219.0,1311.0,1677.0,,3134.0,,,
XAUUSD,792518cd-e5a5-4b6e-837a-6e9c107a7af0,2026-09-16 11:32:49.977806,2026-09-16 11:12:49.977806,in_scope,4342.44,1M,5000.0,4200.0,long,1.0,Bullish,Direccional,resolved,invalidation,-1.0,2026-09-27 20:55:00,1M,273.7028,fuera,False,,2,G,True,,1W=0.1 1D=0.1 12H=0.1 4H=0.1 1H=0.2 30M=0.2 15M=0.2,0.0,0.0,0.0,,0.0,0.0,0.0,0.0,,0.0,0.0,0.0,,1482.0,1219.0,1311.0,1677.0,,3134.0,5285.0,9400.0,
XAUUSD,792518cd-e5a5-4b6e-837a-6e9c107a7af0,2026-09-16 11:32:49.977806,2026-09-16 11:12:49.977806,in_scope,4342.44,1M,5000.0,4200.0,long,1.0,Bullish,Direccional,resolved,invalidation,-1.0,2026-09-27 20:55:00,1M,273.7028,fuera,False,,2,D-EQ,True,,1W=0.1667 1D=0.1667 12H=0.1667 4H=0.1667 1H=0.1667 30M=0.1667,0.0,0.0,0.0,,0.0,0.0,0.0,0.0,,0.0,0.0,,,1482.0,1219.0,1311.0,1677.0,,3134.0,5285.0,,
XAUUSD,792518cd-e5a5-4b6e-837a-6e9c107a7af0,2026-09-16 11:32:49.977806,2026-09-16 11:12:49.977806,in_scope,4342.44,1M,5000.0,4200.0,long,1.0,Bullish,Direccional,resolved,invalidation,-1.0,2026-09-27 20:55:00,1M,273.7028,fuera,False,,2,2A,True,,1D=0.2 2H=0.2 1H=0.2 30M=0.2 5M=0.2,0.0,0.0,0.0,,,0.0,,,0.0,0.0,0.0,,0.0,,1219.0,,,2218.0,3134.0,5285.0,,26245.0
XAUUSD,792518cd-e5a5-4b6e-837a-6e9c107a7af0,2026-09-16 11:32:49.977806,2026-09-16 11:12:49.977806,in_scope,4342.44,1M,5000.0,4200.0,long,1.0,Bullish,Direccional,resolved,invalidation,-1.0,2026-09-27 20:55:00,1M,273.7028,fuera,False,,2,2B,True,,1D=0.1 2H=0.25 1H=0.25 30M=0.2 5M=0.2,0.0,0.0,0.0,,,0.0,,,0.0,0.0,0.0,,0.0,,1219.0,,,2218.0,3134.0,5285.0,,26245.0
XAUUSD,792518cd-e5a5-4b6e-837a-6e9c107a7af0,2026-09-16 11:32:49.977806,2026-09-16 11:12:49.977806,in_scope,4342.44,1M,5000.0,4200.0,long,1.0,Bullish,Direccional,resolved,invalidation,-1.0,2026-09-27 20:55:00,1M,273.7028,fuera,False,,2,2C,True,,1D=0.2 2H=0.2 1H=0.2 30M=0.3 5M=0.1,0.0,0.0,0.0,,,0.0,,,0.0,0.0,0.0,,0.0,,1219.0,,,2218.0,3134.0,5285.0,,26245.0
XAUUSD,792518cd-e5a5-4b6e-837a-6e9c107a7af0,2026-09-16 11:32:49.977806,2026-09-16 11:12:49.977806,in_scope,4342.44,1M,5000.0,4200.0,long,1.0,Bullish,Direccional,resolved,invalidation,-1.0,2026-09-27 20:55:00,1M,273.7028,fuera,False,,2,2D,True,,1D=0.15 2H=0.3 1H=0.25 30M=0.2 5M=0.1,0.0,0.0,0.0,,,0.0,,,0.0,0.0,0.0,,0.0,,1219.0,,,2218.0,3134.0,5285.0,,26245.0
XAUUSD,792518cd-e5a5-4b6e-837a-6e9c107a7af0,2026-09-16 11:32:49.977806,2026-09-16 11:12:49.977806,in_scope,4342.44,1M,5000.0,4200.0,long,1.0,Bullish,Direccional,resolved,invalidation,-1.0,2026-09-27 20:55:00,1M,273.7028,fuera,False,,2,2E,True,,1D=0.1 2H=0.25 1H=0.3 30M=0.25 5M=0.1,0.0,0.0,0.0,,,0.0,,,0.0,0.0,0.0,,0.0,,1219.0,,,2218.0,3134.0,5285.0,,26245.0
XAUUSD,792518cd-e5a5-4b6e-837a-6e9c107a7af0,2026-09-16 11:32:49.977806,2026-09-16 11:12:49.977806,in_scope,4342.44,1M,5000.0,4200.0,long,1.0,Bullish,Direccional,resolved,invalidation,-1.0,2026-09-27 20:55:00,1M,273.7028,fuera,False,,2,P2-DISC,True,,,2.0,,1.0,0.0,,,,,,,,,,,,,,,,,,
XAUUSD,792518cd-e5a5-4b6e-837a-6e9c107a7af0,2026-09-16 11:32:49.977806,2026-09-16 11:12:49.977806,in_scope,4342.44,1M,5000.0,4200.0,long,1.0,Bullish,Direccional,resolved,invalidation,-1.0,2026-09-27 20:55:00,1M,273.7028,fuera,False,,2,2F,True,,1D=0 2H=0.5 1H=0 30M=0.25 5M=0.25,,,0.0,,,0.0,,,0.0,0.0,0.0,,0.0,,,,,,,,,
XAUUSD,792518cd-e5a5-4b6e-837a-6e9c107a7af0,2026-09-16 11:32:49.977806,2026-09-16 11:12:49.977806,in_scope,4342.44,1M,5000.0,4200.0,long,1.0,Bullish,Direccional,resolved,invalidation,-1.0,2026-09-27 20:55:00,1M,273.7028,fuera,False,,2,2F-LOO,True,,1D=0 2H=0.5 1H=0 30M=0.25 5M=0.25,,,0.0,,,0.0,,,0.0,0.0,0.0,,0.0,,,,,,,,,
BTCUSD,9a35991a-0c7a-4e97-9ca3-75405df3252b,2026-07-02 08:10:15.092885,2026-07-02 07:50:15.092885,in_scope,61881.32,1M,62600.0,61150.0,long,0.425,Bullish,Direccional,resolved,invalidation,-1.0,2026-07-02 10:27:00,1M,2.6125,dentro,False,,0,A,False,1W,1W=0.3 1D=0.25 12H=0.2 4H=0.15 1H=0.1,,,0.0,,0.0,-1.0,-1.0,0.0,,1.0,,,,796.0,1606.0,1613.0,1640.0,,1754.0,,,
BTCUSD,9a35991a-0c7a-4e97-9ca3-75405df3252b,2026-07-02 08:10:15.092885,2026-07-02 07:50:15.092885,in_scope,61881.32,1M,62600.0,61150.0,long,0.425,Bullish,Direccional,resolved,invalidation,-1.0,2026-07-02 10:27:00,1M,2.6125,dentro,False,,0,B,False,1W,1W=0.15 1D=0.2 12H=0.3 4H=0.2 1H=0.15,,,0.0,,0.0,-1.0,-1.0,0.0,,0.0,,,,796.0,1606.0,1613.0,1640.0,,1754.0,,,
BTCUSD,9a35991a-0c7a-4e97-9ca3-75405df3252b,2026-07-02 08:10:15.092885,2026-07-02 07:50:15.092885,in_scope,61881.32,1M,62600.0,61150.0,long,0.425,Bullish,Direccional,resolved,invalidation,-1.0,2026-07-02 10:27:00,1M,2.6125,dentro,False,,0,C,False,1W,1W=0.15 1D=0.2 12H=0.3 4H=0.2 1H=0.15,,,0.0,,0.0,-1.0,-1.0,0.0,,0.0,,,,796.0,1606.0,1613.0,1640.0,,1754.0,,,
BTCUSD,9a35991a-0c7a-4e97-9ca3-75405df3252b,2026-07-02 08:10:15.092885,2026-07-02 07:50:15.092885,in_scope,61881.32,1M,62600.0,61150.0,long,0.425,Bullish,Direccional,resolved,invalidation,-1.0,2026-07-02 10:27:00,1M,2.6125,dentro,False,,0,D,False,1W,1W=0.08 1D=0.12 12H=0.17 4H=0.22 1H=0.26 30M=0.15,,,0.0,,0.0,-1.0,-1.0,0.0,,0.0,1.0,,,796.0,1606.0,1613.0,1640.0,,1754.0,1906.0,,
BTCUSD,9a35991a-0c7a-4e97-9ca3-75405df3252b,2026-07-02 08:10:15.092885,2026-07-02 07:50:15.092885,in_scope,61881.32,1M,62600.0,61150.0,long,0.425,Bullish,Direccional,resolved,invalidation,-1.0,2026-07-02 10:27:00,1M,2.6125,dentro,False,,0,E,False,1W,1W=0.07 1D=0.1 12H=0.14 4H=0.19 1H=0.24 30M=0.16 15M=0.1,,,0.0,,0.0,-1.0,-1.0,0.0,,0.0,1.0,1.0,,796.0,1606.0,1613.0,1640.0,,1754.0,1906.0,2213.0,
BTCUSD,9a35991a-0c7a-4e97-9ca3-75405df3252b,2026-07-02 08:10:15.092885,2026-07-02 07:50:15.092885,in_scope,61881.32,1M,62600.0,61150.0,long,0.425,Bullish,Direccional,resolved,invalidation,-1.0,2026-07-02 10:27:00,1M,2.6125,dentro,False,,0,F,False,1W,1W=0.09412 1D=0.1412 12H=0.2 4H=0.2588 1H=0.3059,,,0.0,,0.0,-1.0,-1.0,0.0,,0.0,,,,796.0,1606.0,1613.0,1640.0,,1754.0,,,
BTCUSD,9a35991a-0c7a-4e97-9ca3-75405df3252b,2026-07-02 08:10:15.092885,2026-07-02 07:50:15.092885,in_scope,61881.32,1M,62600.0,61150.0,long,0.425,Bullish,Direccional,resolved,invalidation,-1.0,2026-07-02 10:27:00,1M,2.6125,dentro,False,,0,G,False,1W,1W=0.1 1D=0.1 12H=0.1 4H=0.1 1H=0.2 30M=0.2 15M=0.2,,,0.0,,0.0,-1.0,-1.0,0.0,,0.0,1.0,1.0,,796.0,1606.0,1613.0,1640.0,,1754.0,1906.0,2213.0,
BTCUSD,9a35991a-0c7a-4e97-9ca3-75405df3252b,2026-07-02 08:10:15.092885,2026-07-02 07:50:15.092885,in_scope,61881.32,1M,62600.0,61150.0,long,0.425,Bullish,Direccional,resolved,invalidation,-1.0,2026-07-02 10:27:00,1M,2.6125,dentro,False,,0,D-EQ,False,1W,1W=0.1667 1D=0.1667 12H=0.1667 4H=0.1667 1H=0.1667 30M=0.1667,,,0.0,,0.0,-1.0,-1.0,0.0,,0.0,1.0,,,796.0,1606.0,1613.0,1640.0,,1754.0,1906.0,,
BTCUSD,9a35991a-0c7a-4e97-9ca3-75405df3252b,2026-07-02 08:10:15.092885,2026-07-02 07:50:15.092885,in_scope,61881.32,1M,62600.0,61150.0,long,0.425,Bullish,Direccional,resolved,invalidation,-1.0,2026-07-02 10:27:00,1M,2.6125,dentro,False,,0,2A,True,,1D=0.2 2H=0.2 1H=0.2 30M=0.2 5M=0.2,0.2,0.0,0.0,,,-1.0,,,0.0,0.0,1.0,,1.0,,1606.0,,,1674.0,1754.0,1906.0,,3451.0
BTCUSD,9a35991a-0c7a-4e97-9ca3-75405df3252b,2026-07-02 08:10:15.092885,2026-07-02 07:50:15.092885,in_scope,61881.32,1M,62600.0,61150.0,long,0.425,Bullish,Direccional,resolved,invalidation,-1.0,2026-07-02 10:27:00,1M,2.6125,dentro,False,,0,2B,True,,1D=0.1 2H=0.25 1H=0.25 30M=0.2 5M=0.2,0.30000000000000004,1.0,1.0,0.0,,-1.0,,,0.0,0.0,1.0,,1.0,,1606.0,,,1674.0,1754.0,1906.0,,3451.0
BTCUSD,9a35991a-0c7a-4e97-9ca3-75405df3252b,2026-07-02 08:10:15.092885,2026-07-02 07:50:15.092885,in_scope,61881.32,1M,62600.0,61150.0,long,0.425,Bullish,Direccional,resolved,invalidation,-1.0,2026-07-02 10:27:00,1M,2.6125,dentro,False,,0,2C,True,,1D=0.2 2H=0.2 1H=0.2 30M=0.3 5M=0.1,0.19999999999999998,0.0,0.0,,,-1.0,,,0.0,0.0,1.0,,1.0,,1606.0,,,1674.0,1754.0,1906.0,,3451.0
BTCUSD,9a35991a-0c7a-4e97-9ca3-75405df3252b,2026-07-02 08:10:15.092885,2026-07-02 07:50:15.092885,in_scope,61881.32,1M,62600.0,61150.0,long,0.425,Bullish,Direccional,resolved,invalidation,-1.0,2026-07-02 10:27:00,1M,2.6125,dentro,False,,0,2D,True,,1D=0.15 2H=0.3 1H=0.25 30M=0.2 5M=0.1,0.15000000000000002,0.0,0.0,,,-1.0,,,0.0,0.0,1.0,,1.0,,1606.0,,,1674.0,1754.0,1906.0,,3451.0
BTCUSD,9a35991a-0c7a-4e97-9ca3-75405df3252b,2026-07-02 08:10:15.092885,2026-07-02 07:50:15.092885,in_scope,61881.32,1M,62600.0,61150.0,long,0.425,Bullish,Direccional,resolved,invalidation,-1.0,2026-07-02 10:27:00,1M,2.6125,dentro,False,,0,2E,True,,1D=0.1 2H=0.25 1H=0.3 30M=0.25 5M=0.1,0.25,1.0,1.0,0.0,,-1.0,,,0.0,0.0,1.0,,1.0,,1606.0,,,1674.0,1754.0,1906.0,,3451.0
BTCUSD,9a35991a-0c7a-4e97-9ca3-75405df3252b,2026-07-02 08:10:15.092885,2026-07-02 07:50:15.092885,in_scope,61881.32,1M,62600.0,61150.0,long,0.425,Bullish,Direccional,resolved,invalidation,-1.0,2026-07-02 10:27:00,1M,2.6125,dentro,False,,0,P2-DISC,True,,,0.0,,0.0,,,,,,,,,,,,,,,,,,,
BTCUSD,9a35991a-0c7a-4e97-9ca3-75405df3252b,2026-07-02 08:10:15.092885,2026-07-02 07:50:15.092885,in_scope,61881.32,1M,62600.0,61150.0,long,0.425,Bullish,Direccional,resolved,invalidation,-1.0,2026-07-02 10:27:00,1M,2.6125,dentro,False,,0,2F-LOO,True,,1D=0 2H=0.5 1H=0 30M=0.25 5M=0.25,,,1.0,0.0,,-1.0,,,0.0,0.0,1.0,,1.0,,,,,,,,,
BTCUSD,36c2dc30-90e0-4f53-9771-74a478af6624,2026-07-03 07:13:47.511913,2026-07-03 06:53:47.511913,in_scope,61873.05,1M,62600.0,61200.0,long,0.1,Choppy / Neutral,Choppy,resolved,validation,1.0,2026-07-03 14:20:00,1M,7.4368,dentro,False,,1,A,False,1W,1W=0.3 1D=0.25 12H=0.2 4H=0.15 1H=0.1,,,0.0,,0.0,-1.0,0.0,0.0,,1.0,,,,796.0,1607.0,1615.0,1645.0,,1777.0,,,
BTCUSD,36c2dc30-90e0-4f53-9771-74a478af6624,2026-07-03 07:13:47.511913,2026-07-03 06:53:47.511913,in_scope,61873.05,1M,62600.0,61200.0,long,0.1,Choppy / Neutral,Choppy,resolved,validation,1.0,2026-07-03 14:20:00,1M,7.4368,dentro,False,,1,B,False,1W,1W=0.15 1D=0.2 12H=0.3 4H=0.2 1H=0.15,,,0.0,,0.0,-1.0,0.0,0.0,,0.0,,,,796.0,1607.0,1615.0,1645.0,,1777.0,,,
BTCUSD,36c2dc30-90e0-4f53-9771-74a478af6624,2026-07-03 07:13:47.511913,2026-07-03 06:53:47.511913,in_scope,61873.05,1M,62600.0,61200.0,long,0.1,Choppy / Neutral,Choppy,resolved,validation,1.0,2026-07-03 14:20:00,1M,7.4368,dentro,False,,1,C,False,1W,1W=0.15 1D=0.2 12H=0.3 4H=0.2 1H=0.15,,,0.0,,0.0,-1.0,0.0,0.0,,0.0,,,,796.0,1607.0,1615.0,1645.0,,1777.0,,,
BTCUSD,36c2dc30-90e0-4f53-9771-74a478af6624,2026-07-03 07:13:47.511913,2026-07-03 06:53:47.511913,in_scope,61873.05,1M,62600.0,61200.0,long,0.1,Choppy / Neutral,Choppy,resolved,validation,1.0,2026-07-03 14:20:00,1M,7.4368,dentro,False,,1,D,False,1W,1W=0.08 1D=0.12 12H=0.17 4H=0.22 1H=0.26 30M=0.15,,,0.0,,0.0,-1.0,0.0,0.0,,0.0,0.0,,,796.0,1607.0,1615.0,1645.0,,1777.0,1952.0,,
BTCUSD,36c2dc30-90e0-4f53-9771-74a478af6624,2026-07-03 07:13:47.511913,2026-07-03 06:53:47.511913,in_scope,61873.05,1M,62600.0,61200.0,long,0.1,Choppy / Neutral,Choppy,resolved,validation,1.0,2026-07-03 14:20:00,1M,7.4368,dentro,False,,1,E,False,1W,1W=0.07 1D=0.1 12H=0.14 4H=0.19 1H=0.24 30M=0.16 15M=0.1,,,0.0,,0.0,-1.0,0.0,0.0,,0.0,0.0,1.0,,796.0,1607.0,1615.0,1645.0,,1777.0,1952.0,2305.0,
BTCUSD,36c2dc30-90e0-4f53-9771-74a478af6624,2026-07-03 07:13:47.511913,2026-07-03 06:53:47.511913,in_scope,61873.05,1M,62600.0,61200.0,long,0.1,Choppy / Neutral,Choppy,resolved,validation,1.0,2026-07-03 14:20:00,1M,7.4368,dentro,False,,1,F,False,1W,1W=0.09412 1D=0.1412 12H=0.2 4H=0.2588 1H=0.3059,,,0.0,,0.0,-1.0,0.0,0.0,,0.0,,,,796.0,1607.0,1615.0,1645.0,,1777.0,,,
BTCUSD,36c2dc30-90e0-4f53-9771-74a478af6624,2026-07-03 07:13:47.511913,2026-07-03 06:53:47.511913,in_scope,61873.05,1M,62600.0,61200.0,long,0.1,Choppy / Neutral,Choppy,resolved,validation,1.0,2026-07-03 14:20:00,1M,7.4368,dentro,False,,1,G,False,1W,1W=0.1 1D=0.1 12H=0.1 4H=0.1 1H=0.2 30M=0.2 15M=0.2,,,0.0,,0.0,-1.0,0.0,0.0,,0.0,0.0,1.0,,796.0,1607.0,1615.0,1645.0,,1777.0,1952.0,2305.0,
BTCUSD,36c2dc30-90e0-4f53-9771-74a478af6624,2026-07-03 07:13:47.511913,2026-07-03 06:53:47.511913,in_scope,61873.05,1M,62600.0,61200.0,long,0.1,Choppy / Neutral,Choppy,resolved,validation,1.0,2026-07-03 14:20:00,1M,7.4368,dentro,False,,1,D-EQ,False,1W,1W=0.1667 1D=0.1667 12H=0.1667 4H=0.1667 1H=0.1667 30M=0.1667,,,0.0,,0.0,-1.0,0.0,0.0,,0.0,0.0,,,796.0,1607.0,1615.0,1645.0,,1777.0,1952.0,,
BTCUSD,36c2dc30-90e0-4f53-9771-74a478af6624,2026-07-03 07:13:47.511913,2026-07-03 06:53:47.511913,in_scope,61873.05,1M,62600.0,61200.0,long,0.1,Choppy / Neutral,Choppy,resolved,validation,1.0,2026-07-03 14:20:00,1M,7.4368,dentro,False,,1,2A,True,,1D=0.2 2H=0.2 1H=0.2 30M=0.2 5M=0.2,-0.2,0.0,0.0,,,-1.0,,,0.0,0.0,0.0,,0.0,,1607.0,,,1685.0,1777.0,1952.0,,3727.0
BTCUSD,36c2dc30-90e0-4f53-9771-74a478af6624,2026-07-03 07:13:47.511913,2026-07-03 06:53:47.511913,in_scope,61873.05,1M,62600.0,61200.0,long,0.1,Choppy / Neutral,Choppy,resolved,validation,1.0,2026-07-03 14:20:00,1M,7.4368,dentro,False,,1,2B,True,,1D=0.1 2H=0.25 1H=0.25 30M=0.2 5M=0.2,-0.1,0.0,0.0,,,-1.0,,,0.0,0.0,0.0,,0.0,,1607.0,,,1685.0,1777.0,1952.0,,3727.0
BTCUSD,36c2dc30-90e0-4f53-9771-74a478af6624,2026-07-03 07:13:47.511913,2026-07-03 06:53:47.511913,in_scope,61873.05,1M,62600.0,61200.0,long,0.1,Choppy / Neutral,Choppy,resolved,validation,1.0,2026-07-03 14:20:00,1M,7.4368,dentro,False,,1,2C,True,,1D=0.2 2H=0.2 1H=0.2 30M=0.3 5M=0.1,-0.2,0.0,0.0,,,-1.0,,,0.0,0.0,0.0,,0.0,,1607.0,,,1685.0,1777.0,1952.0,,3727.0
BTCUSD,36c2dc30-90e0-4f53-9771-74a478af6624,2026-07-03 07:13:47.511913,2026-07-03 06:53:47.511913,in_scope,61873.05,1M,62600.0,61200.0,long,0.1,Choppy / Neutral,Choppy,resolved,validation,1.0,2026-07-03 14:20:00,1M,7.4368,dentro,False,,1,2D,True,,1D=0.15 2H=0.3 1H=0.25 30M=0.2 5M=0.1,-0.15,0.0,0.0,,,-1.0,,,0.0,0.0,0.0,,0.0,,1607.0,,,1685.0,1777.0,1952.0,,3727.0
BTCUSD,36c2dc30-90e0-4f53-9771-74a478af6624,2026-07-03 07:13:47.511913,2026-07-03 06:53:47.511913,in_scope,61873.05,1M,62600.0,61200.0,long,0.1,Choppy / Neutral,Choppy,resolved,validation,1.0,2026-07-03 14:20:00,1M,7.4368,dentro,False,,1,2E,True,,1D=0.1 2H=0.25 1H=0.3 30M=0.25 5M=0.1,-0.1,0.0,0.0,,,-1.0,,,0.0,0.0,0.0,,0.0,,1607.0,,,1685.0,1777.0,1952.0,,3727.0
BTCUSD,36c2dc30-90e0-4f53-9771-74a478af6624,2026-07-03 07:13:47.511913,2026-07-03 06:53:47.511913,in_scope,61873.05,1M,62600.0,61200.0,long,0.1,Choppy / Neutral,Choppy,resolved,validation,1.0,2026-07-03 14:20:00,1M,7.4368,dentro,False,,1,P2-DISC,True,,,1.0,,1.0,1.0,,,,,,,,,,,,,,,,,,
BTCUSD,36c2dc30-90e0-4f53-9771-74a478af6624,2026-07-03 07:13:47.511913,2026-07-03 06:53:47.511913,in_scope,61873.05,1M,62600.0,61200.0,long,0.1,Choppy / Neutral,Choppy,resolved,validation,1.0,2026-07-03 14:20:00,1M,7.4368,dentro,False,,1,2F-LOO,True,,1D=0 2H=0.5 1H=0 30M=0.25 5M=0.25,,,0.0,,,-1.0,,,0.0,0.0,0.0,,0.0,,,,,,,,,
BTCUSD,2f675846-f817-4bec-837a-999351e6487d,2026-07-06 06:54:50.158728,2026-07-06 06:34:50.158728,in_scope,62052.04,1M,61000.0,62600.0,short,-0.525,Bearish,Direccional,resolved,invalidation,1.0,2026-07-06 09:41:00,1M,3.1027,dentro,False,,-2,A,False,1W,1W=0.3 1D=0.25 12H=0.2 4H=0.15 1H=0.1,,,0.0,,0.0,0.0,0.0,0.0,,0.0,,,,797.0,1610.0,1621.0,1663.0,,1849.0,,,
BTCUSD,2f675846-f817-4bec-837a-999351e6487d,2026-07-06 06:54:50.158728,2026-07-06 06:34:50.158728,in_scope,62052.04,1M,61000.0,62600.0,short,-0.525,Bearish,Direccional,resolved,invalidation,1.0,2026-07-06 09:41:00,1M,3.1027,dentro,False,,-2,B,False,1W,1W=0.15 1D=0.2 12H=0.3 4H=0.2 1H=0.15,,,0.0,,0.0,0.0,0.0,0.0,,0.0,,,,797.0,1610.0,1621.0,1663.0,,1849.0,,,
BTCUSD,2f675846-f817-4bec-837a-999351e6487d,2026-07-06 06:54:50.158728,2026-07-06 06:34:50.158728,in_scope,62052.04,1M,61000.0,62600.0,short,-0.525,Bearish,Direccional,resolved,invalidation,1.0,2026-07-06 09:41:00,1M,3.1027,dentro,False,,-2,C,False,1W,1W=0.15 1D=0.2 12H=0.3 4H=0.2 1H=0.15,,,0.0,,0.0,0.0,0.0,0.0,,0.0,,,,797.0,1610.0,1621.0,1663.0,,1849.0,,,
BTCUSD,2f675846-f817-4bec-837a-999351e6487d,2026-07-06 06:54:50.158728,2026-07-06 06:34:50.158728,in_scope,62052.04,1M,61000.0,62600.0,short,-0.525,Bearish,Direccional,resolved,invalidation,1.0,2026-07-06 09:41:00,1M,3.1027,dentro,False,,-2,D,False,1W,1W=0.08 1D=0.12 12H=0.17 4H=0.22 1H=0.26 30M=0.15,,,0.0,,0.0,0.0,0.0,0.0,,0.0,0.0,,,797.0,1610.0,1621.0,1663.0,,1849.0,2095.0,,
BTCUSD,2f675846-f817-4bec-837a-999351e6487d,2026-07-06 06:54:50.158728,2026-07-06 06:34:50.158728,in_scope,62052.04,1M,61000.0,62600.0,short,-0.525,Bearish,Direccional,resolved,invalidation,1.0,2026-07-06 09:41:00,1M,3.1027,dentro,False,,-2,E,False,1W,1W=0.07 1D=0.1 12H=0.14 4H=0.19 1H=0.24 30M=0.16 15M=0.1,,,0.0,,0.0,0.0,0.0,0.0,,0.0,0.0,0.0,,797.0,1610.0,1621.0,1663.0,,1849.0,2095.0,2589.0,
BTCUSD,2f675846-f817-4bec-837a-999351e6487d,2026-07-06 06:54:50.158728,2026-07-06 06:34:50.158728,in_scope,62052.04,1M,61000.0,62600.0,short,-0.525,Bearish,Direccional,resolved,invalidation,1.0,2026-07-06 09:41:00,1M,3.1027,dentro,False,,-2,F,False,1W,1W=0.09412 1D=0.1412 12H=0.2 4H=0.2588 1H=0.3059,,,0.0,,0.0,0.0,0.0,0.0,,0.0,,,,797.0,1610.0,1621.0,1663.0,,1849.0,,,
BTCUSD,2f675846-f817-4bec-837a-999351e6487d,2026-07-06 06:54:50.158728,2026-07-06 06:34:50.158728,in_scope,62052.04,1M,61000.0,62600.0,short,-0.525,Bearish,Direccional,resolved,invalidation,1.0,2026-07-06 09:41:00,1M,3.1027,dentro,False,,-2,G,False,1W,1W=0.1 1D=0.1 12H=0.1 4H=0.1 1H=0.2 30M=0.2 15M=0.2,,,0.0,,0.0,0.0,0.0,0.0,,0.0,0.0,0.0,,797.0,1610.0,1621.0,1663.0,,1849.0,2095.0,2589.0,
BTCUSD,2f675846-f817-4bec-837a-999351e6487d,2026-07-06 06:54:50.158728,2026-07-06 06:34:50.158728,in_scope,62052.04,1M,61000.0,62600.0,short,-0.525,Bearish,Direccional,resolved,invalidation,1.0,2026-07-06 09:41:00,1M,3.1027,dentro,False,,-2,D-EQ,False,1W,1W=0.1667 1D=0.1667 12H=0.1667 4H=0.1667 1H=0.1667 30M=0.1667,,,0.0,,0.0,0.0,0.0,0.0,,0.0,0.0,,,797.0,1610.0,1621.0,1663.0,,1849.0,2095.0,,
BTCUSD,2f675846-f817-4bec-837a-999351e6487d,2026-07-06 06:54:50.158728,2026-07-06 06:34:50.158728,in_scope,62052.04,1M,61000.0,62600.0,short,-0.525,Bearish,Direccional,resolved,invalidation,1.0,2026-07-06 09:41:00,1M,3.1027,dentro,False,,-2,2A,True,,1D=0.2 2H=0.2 1H=0.2 30M=0.2 5M=0.2,-0.2,0.0,0.0,,,0.0,,,0.0,0.0,0.0,,-1.0,,1610.0,,,1721.0,1849.0,2095.0,,4576.0
BTCUSD,2f675846-f817-4bec-837a-999351e6487d,2026-07-06 06:54:50.158728,2026-07-06 06:34:50.158728,in_scope,62052.04,1M,61000.0,62600.0,short,-0.525,Bearish,Direccional,resolved,invalidation,1.0,2026-07-06 09:41:00,1M,3.1027,dentro,False,,-2,2B,True,,1D=0.1 2H=0.25 1H=0.25 30M=0.2 5M=0.2,-0.2,0.0,0.0,,,0.0,,,0.0,0.0,0.0,,-1.0,,1610.0,,,1721.0,1849.0,2095.0,,4576.0
BTCUSD,2f675846-f817-4bec-837a-999351e6487d,2026-07-06 06:54:50.158728,2026-07-06 06:34:50.158728,in_scope,62052.04,1M,61000.0,62600.0,short,-0.525,Bearish,Direccional,resolved,invalidation,1.0,2026-07-06 09:41:00,1M,3.1027,dentro,False,,-2,2C,True,,1D=0.2 2H=0.2 1H=0.2 30M=0.3 5M=0.1,-0.1,0.0,0.0,,,0.0,,,0.0,0.0,0.0,,-1.0,,1610.0,,,1721.0,1849.0,2095.0,,4576.0
BTCUSD,2f675846-f817-4bec-837a-999351e6487d,2026-07-06 06:54:50.158728,2026-07-06 06:34:50.158728,in_scope,62052.04,1M,61000.0,62600.0,short,-0.525,Bearish,Direccional,resolved,invalidation,1.0,2026-07-06 09:41:00,1M,3.1027,dentro,False,,-2,2D,True,,1D=0.15 2H=0.3 1H=0.25 30M=0.2 5M=0.1,-0.1,0.0,0.0,,,0.0,,,0.0,0.0,0.0,,-1.0,,1610.0,,,1721.0,1849.0,2095.0,,4576.0
BTCUSD,2f675846-f817-4bec-837a-999351e6487d,2026-07-06 06:54:50.158728,2026-07-06 06:34:50.158728,in_scope,62052.04,1M,61000.0,62600.0,short,-0.525,Bearish,Direccional,resolved,invalidation,1.0,2026-07-06 09:41:00,1M,3.1027,dentro,False,,-2,2E,True,,1D=0.1 2H=0.25 1H=0.3 30M=0.25 5M=0.1,-0.1,0.0,0.0,,,0.0,,,0.0,0.0,0.0,,-1.0,,1610.0,,,1721.0,1849.0,2095.0,,4576.0
BTCUSD,2f675846-f817-4bec-837a-999351e6487d,2026-07-06 06:54:50.158728,2026-07-06 06:34:50.158728,in_scope,62052.04,1M,61000.0,62600.0,short,-0.525,Bearish,Direccional,resolved,invalidation,1.0,2026-07-06 09:41:00,1M,3.1027,dentro,False,,-2,P2-DISC,True,,,-2.0,,-1.0,0.0,,,,,,,,,,,,,,,,,,
BTCUSD,2f675846-f817-4bec-837a-999351e6487d,2026-07-06 06:54:50.158728,2026-07-06 06:34:50.158728,in_scope,62052.04,1M,61000.0,62600.0,short,-0.525,Bearish,Direccional,resolved,invalidation,1.0,2026-07-06 09:41:00,1M,3.1027,dentro,False,,-2,2F-LOO,True,,1D=0 2H=0.5 1H=0 30M=0.25 5M=0.25,,,-1.0,0.0,,0.0,,,0.0,0.0,0.0,,-1.0,,,,,,,,,
BTCUSD,ab5e5399-3e6f-4958-ba2c-d8c40181a168,2026-07-07 06:45:58.086093,2026-07-07 06:25:58.086093,in_scope,63683.29,1M,65000.0,62400.0,long,0.275,Bullish,Direccional,resolved,invalidation,-1.0,2026-07-08 02:17:00,1M,19.8505,dentro,False,,0,A,False,1W,1W=0.3 1D=0.25 12H=0.2 4H=0.15 1H=0.1,,,0.0,,0.0,0.0,0.0,0.0,,0.0,,,,797.0,1611.0,1623.0,1669.0,,1873.0,,,
BTCUSD,ab5e5399-3e6f-4958-ba2c-d8c40181a168,2026-07-07 06:45:58.086093,2026-07-07 06:25:58.086093,in_scope,63683.29,1M,65000.0,62400.0,long,0.275,Bullish,Direccional,resolved,invalidation,-1.0,2026-07-08 02:17:00,1M,19.8505,dentro,False,,0,B,False,1W,1W=0.15 1D=0.2 12H=0.3 4H=0.2 1H=0.15,,,0.0,,0.0,0.0,0.0,0.0,,0.0,,,,797.0,1611.0,1623.0,1669.0,,1873.0,,,
BTCUSD,ab5e5399-3e6f-4958-ba2c-d8c40181a168,2026-07-07 06:45:58.086093,2026-07-07 06:25:58.086093,in_scope,63683.29,1M,65000.0,62400.0,long,0.275,Bullish,Direccional,resolved,invalidation,-1.0,2026-07-08 02:17:00,1M,19.8505,dentro,False,,0,C,False,1W,1W=0.15 1D=0.2 12H=0.3 4H=0.2 1H=0.15,,,0.0,,0.0,0.0,0.0,0.0,,0.0,,,,797.0,1611.0,1623.0,1669.0,,1873.0,,,
BTCUSD,ab5e5399-3e6f-4958-ba2c-d8c40181a168,2026-07-07 06:45:58.086093,2026-07-07 06:25:58.086093,in_scope,63683.29,1M,65000.0,62400.0,long,0.275,Bullish,Direccional,resolved,invalidation,-1.0,2026-07-08 02:17:00,1M,19.8505,dentro,False,,0,D,False,1W,1W=0.08 1D=0.12 12H=0.17 4H=0.22 1H=0.26 30M=0.15,,,0.0,,0.0,0.0,0.0,0.0,,0.0,0.0,,,797.0,1611.0,1623.0,1669.0,,1873.0,2142.0,,
BTCUSD,ab5e5399-3e6f-4958-ba2c-d8c40181a168,2026-07-07 06:45:58.086093,2026-07-07 06:25:58.086093,in_scope,63683.29,1M,65000.0,62400.0,long,0.275,Bullish,Direccional,resolved,invalidation,-1.0,2026-07-08 02:17:00,1M,19.8505,dentro,False,,0,E,False,1W,1W=0.07 1D=0.1 12H=0.14 4H=0.19 1H=0.24 30M=0.16 15M=0.1,,,0.0,,0.0,0.0,0.0,0.0,,0.0,0.0,0.0,,797.0,1611.0,1623.0,1669.0,,1873.0,2142.0,2684.0,
BTCUSD,ab5e5399-3e6f-4958-ba2c-d8c40181a168,2026-07-07 06:45:58.086093,2026-07-07 06:25:58.086093,in_scope,63683.29,1M,65000.0,62400.0,long,0.275,Bullish,Direccional,resolved,invalidation,-1.0,2026-07-08 02:17:00,1M,19.8505,dentro,False,,0,F,False,1W,1W=0.09412 1D=0.1412 12H=0.2 4H=0.2588 1H=0.3059,,,0.0,,0.0,0.0,0.0,0.0,,0.0,,,,797.0,1611.0,1623.0,1669.0,,1873.0,,,
BTCUSD,ab5e5399-3e6f-4958-ba2c-d8c40181a168,2026-07-07 06:45:58.086093,2026-07-07 06:25:58.086093,in_scope,63683.29,1M,65000.0,62400.0,long,0.275,Bullish,Direccional,resolved,invalidation,-1.0,2026-07-08 02:17:00,1M,19.8505,dentro,False,,0,G,False,1W,1W=0.1 1D=0.1 12H=0.1 4H=0.1 1H=0.2 30M=0.2 15M=0.2,,,0.0,,0.0,0.0,0.0,0.0,,0.0,0.0,0.0,,797.0,1611.0,1623.0,1669.0,,1873.0,2142.0,2684.0,
BTCUSD,ab5e5399-3e6f-4958-ba2c-d8c40181a168,2026-07-07 06:45:58.086093,2026-07-07 06:25:58.086093,in_scope,63683.29,1M,65000.0,62400.0,long,0.275,Bullish,Direccional,resolved,invalidation,-1.0,2026-07-08 02:17:00,1M,19.8505,dentro,False,,0,D-EQ,False,1W,1W=0.1667 1D=0.1667 12H=0.1667 4H=0.1667 1H=0.1667 30M=0.1667,,,0.0,,0.0,0.0,0.0,0.0,,0.0,0.0,,,797.0,1611.0,1623.0,1669.0,,1873.0,2142.0,,
BTCUSD,ab5e5399-3e6f-4958-ba2c-d8c40181a168,2026-07-07 06:45:58.086093,2026-07-07 06:25:58.086093,in_scope,63683.29,1M,65000.0,62400.0,long,0.275,Bullish,Direccional,resolved,invalidation,-1.0,2026-07-08 02:17:00,1M,19.8505,dentro,False,,0,2A,True,,1D=0.2 2H=0.2 1H=0.2 30M=0.2 5M=0.2,0.0,0.0,0.0,,,0.0,,,0.0,0.0,0.0,,0.0,,1611.0,,,1733.0,1873.0,2142.0,,4863.0
BTCUSD,ab5e5399-3e6f-4958-ba2c-d8c40181a168,2026-07-07 06:45:58.086093,2026-07-07 06:25:58.086093,in_scope,63683.29,1M,65000.0,62400.0,long,0.275,Bullish,Direccional,resolved,invalidation,-1.0,2026-07-08 02:17:00,1M,19.8505,dentro,False,,0,2B,True,,1D=0.1 2H=0.25 1H=0.25 30M=0.2 5M=0.2,0.0,0.0,0.0,,,0.0,,,0.0,0.0,0.0,,0.0,,1611.0,,,1733.0,1873.0,2142.0,,4863.0
BTCUSD,ab5e5399-3e6f-4958-ba2c-d8c40181a168,2026-07-07 06:45:58.086093,2026-07-07 06:25:58.086093,in_scope,63683.29,1M,65000.0,62400.0,long,0.275,Bullish,Direccional,resolved,invalidation,-1.0,2026-07-08 02:17:00,1M,19.8505,dentro,False,,0,2C,True,,1D=0.2 2H=0.2 1H=0.2 30M=0.3 5M=0.1,0.0,0.0,0.0,,,0.0,,,0.0,0.0,0.0,,0.0,,1611.0,,,1733.0,1873.0,2142.0,,4863.0
BTCUSD,ab5e5399-3e6f-4958-ba2c-d8c40181a168,2026-07-07 06:45:58.086093,2026-07-07 06:25:58.086093,in_scope,63683.29,1M,65000.0,62400.0,long,0.275,Bullish,Direccional,resolved,invalidation,-1.0,2026-07-08 02:17:00,1M,19.8505,dentro,False,,0,2D,True,,1D=0.15 2H=0.3 1H=0.25 30M=0.2 5M=0.1,0.0,0.0,0.0,,,0.0,,,0.0,0.0,0.0,,0.0,,1611.0,,,1733.0,1873.0,2142.0,,4863.0
BTCUSD,ab5e5399-3e6f-4958-ba2c-d8c40181a168,2026-07-07 06:45:58.086093,2026-07-07 06:25:58.086093,in_scope,63683.29,1M,65000.0,62400.0,long,0.275,Bullish,Direccional,resolved,invalidation,-1.0,2026-07-08 02:17:00,1M,19.8505,dentro,False,,0,2E,True,,1D=0.1 2H=0.25 1H=0.3 30M=0.25 5M=0.1,0.0,0.0,0.0,,,0.0,,,0.0,0.0,0.0,,0.0,,1611.0,,,1733.0,1873.0,2142.0,,4863.0
BTCUSD,ab5e5399-3e6f-4958-ba2c-d8c40181a168,2026-07-07 06:45:58.086093,2026-07-07 06:25:58.086093,in_scope,63683.29,1M,65000.0,62400.0,long,0.275,Bullish,Direccional,resolved,invalidation,-1.0,2026-07-08 02:17:00,1M,19.8505,dentro,False,,0,P2-DISC,True,,,0.0,,0.0,,,,,,,,,,,,,,,,,,,
BTCUSD,ab5e5399-3e6f-4958-ba2c-d8c40181a168,2026-07-07 06:45:58.086093,2026-07-07 06:25:58.086093,in_scope,63683.29,1M,65000.0,62400.0,long,0.275,Bullish,Direccional,resolved,invalidation,-1.0,2026-07-08 02:17:00,1M,19.8505,dentro,False,,0,2F-LOO,True,,1D=0 2H=0.5 1H=0 30M=0.25 5M=0.25,,,0.0,,,0.0,,,0.0,0.0,0.0,,0.0,,,,,,,,,
BTCUSD,c034eb68-bb9f-4add-a3d4-c52acb78a535,2026-07-09 06:53:35.315116,2026-07-09 06:33:35.315116,levels_same_side,62635.82,1M,63200.0,63800.0,,-0.375,Bearish,Direccional,,,,,,,,,,0,(fuera de alcance),,,,,,,,,,,,,,,,,,,,,,,,,
BTCUSD,7eb156e9-899b-4d3d-ba0e-7fb4627b4502,2026-07-10 08:21:18.651648,2026-07-10 08:01:18.651648,in_scope,64415.7,1M,65200.0,62400.0,long,0.45,Bullish,Direccional,resolved,invalidation,-1.0,2026-07-13 07:20:00,1M,71.3115,fuera,True,dc829234-2327-4b93-85ef-33447fac4abf,1,A,False,1W,1W=0.3 1D=0.25 12H=0.2 4H=0.15 1H=0.1,,,0.0,,0.0,0.0,0.0,0.0,,1.0,,,,797.0,1614.0,1629.0,1688.0,,1947.0,,,
BTCUSD,7eb156e9-899b-4d3d-ba0e-7fb4627b4502,2026-07-10 08:21:18.651648,2026-07-10 08:01:18.651648,in_scope,64415.7,1M,65200.0,62400.0,long,0.45,Bullish,Direccional,resolved,invalidation,-1.0,2026-07-13 07:20:00,1M,71.3115,fuera,True,dc829234-2327-4b93-85ef-33447fac4abf,1,B,False,1W,1W=0.15 1D=0.2 12H=0.3 4H=0.2 1H=0.15,,,0.0,,0.0,0.0,0.0,0.0,,1.0,,,,797.0,1614.0,1629.0,1688.0,,1947.0,,,
BTCUSD,7eb156e9-899b-4d3d-ba0e-7fb4627b4502,2026-07-10 08:21:18.651648,2026-07-10 08:01:18.651648,in_scope,64415.7,1M,65200.0,62400.0,long,0.45,Bullish,Direccional,resolved,invalidation,-1.0,2026-07-13 07:20:00,1M,71.3115,fuera,True,dc829234-2327-4b93-85ef-33447fac4abf,1,C,False,1W,1W=0.15 1D=0.2 12H=0.3 4H=0.2 1H=0.15,,,0.0,,0.0,0.0,0.0,0.0,,1.0,,,,797.0,1614.0,1629.0,1688.0,,1947.0,,,
BTCUSD,7eb156e9-899b-4d3d-ba0e-7fb4627b4502,2026-07-10 08:21:18.651648,2026-07-10 08:01:18.651648,in_scope,64415.7,1M,65200.0,62400.0,long,0.45,Bullish,Direccional,resolved,invalidation,-1.0,2026-07-13 07:20:00,1M,71.3115,fuera,True,dc829234-2327-4b93-85ef-33447fac4abf,1,D,False,1W,1W=0.08 1D=0.12 12H=0.17 4H=0.22 1H=0.26 30M=0.15,,,0.0,,0.0,0.0,0.0,0.0,,1.0,1.0,,,797.0,1614.0,1629.0,1688.0,,1947.0,2290.0,,
BTCUSD,7eb156e9-899b-4d3d-ba0e-7fb4627b4502,2026-07-10 08:21:18.651648,2026-07-10 08:01:18.651648,in_scope,64415.7,1M,65200.0,62400.0,long,0.45,Bullish,Direccional,resolved,invalidation,-1.0,2026-07-13 07:20:00,1M,71.3115,fuera,True,dc829234-2327-4b93-85ef-33447fac4abf,1,E,False,1W,1W=0.07 1D=0.1 12H=0.14 4H=0.19 1H=0.24 30M=0.16 15M=0.1,,,0.0,,0.0,0.0,0.0,0.0,,1.0,1.0,1.0,,797.0,1614.0,1629.0,1688.0,,1947.0,2290.0,2979.0,
BTCUSD,7eb156e9-899b-4d3d-ba0e-7fb4627b4502,2026-07-10 08:21:18.651648,2026-07-10 08:01:18.651648,in_scope,64415.7,1M,65200.0,62400.0,long,0.45,Bullish,Direccional,resolved,invalidation,-1.0,2026-07-13 07:20:00,1M,71.3115,fuera,True,dc829234-2327-4b93-85ef-33447fac4abf,1,F,False,1W,1W=0.09412 1D=0.1412 12H=0.2 4H=0.2588 1H=0.3059,,,0.0,,0.0,0.0,0.0,0.0,,1.0,,,,797.0,1614.0,1629.0,1688.0,,1947.0,,,
BTCUSD,7eb156e9-899b-4d3d-ba0e-7fb4627b4502,2026-07-10 08:21:18.651648,2026-07-10 08:01:18.651648,in_scope,64415.7,1M,65200.0,62400.0,long,0.45,Bullish,Direccional,resolved,invalidation,-1.0,2026-07-13 07:20:00,1M,71.3115,fuera,True,dc829234-2327-4b93-85ef-33447fac4abf,1,G,False,1W,1W=0.1 1D=0.1 12H=0.1 4H=0.1 1H=0.2 30M=0.2 15M=0.2,,,0.0,,0.0,0.0,0.0,0.0,,1.0,1.0,1.0,,797.0,1614.0,1629.0,1688.0,,1947.0,2290.0,2979.0,
BTCUSD,7eb156e9-899b-4d3d-ba0e-7fb4627b4502,2026-07-10 08:21:18.651648,2026-07-10 08:01:18.651648,in_scope,64415.7,1M,65200.0,62400.0,long,0.45,Bullish,Direccional,resolved,invalidation,-1.0,2026-07-13 07:20:00,1M,71.3115,fuera,True,dc829234-2327-4b93-85ef-33447fac4abf,1,D-EQ,False,1W,1W=0.1667 1D=0.1667 12H=0.1667 4H=0.1667 1H=0.1667 30M=0.1667,,,0.0,,0.0,0.0,0.0,0.0,,1.0,1.0,,,797.0,1614.0,1629.0,1688.0,,1947.0,2290.0,,
BTCUSD,7eb156e9-899b-4d3d-ba0e-7fb4627b4502,2026-07-10 08:21:18.651648,2026-07-10 08:01:18.651648,in_scope,64415.7,1M,65200.0,62400.0,long,0.45,Bullish,Direccional,resolved,invalidation,-1.0,2026-07-13 07:20:00,1M,71.3115,fuera,True,dc829234-2327-4b93-85ef-33447fac4abf,1,2A,True,,1D=0.2 2H=0.2 1H=0.2 30M=0.2 5M=0.2,0.5,1.0,1.0,0.0,,0.0,,,0.0,1.0,1.0,,0.5,,1614.0,,,1770.0,1947.0,2290.0,,5746.0
BTCUSD,7eb156e9-899b-4d3d-ba0e-7fb4627b4502,2026-07-10 08:21:18.651648,2026-07-10 08:01:18.651648,in_scope,64415.7,1M,65200.0,62400.0,long,0.45,Bullish,Direccional,resolved,invalidation,-1.0,2026-07-13 07:20:00,1M,71.3115,fuera,True,dc829234-2327-4b93-85ef-33447fac4abf,1,2B,True,,1D=0.1 2H=0.25 1H=0.25 30M=0.2 5M=0.2,0.55,1.0,1.0,0.0,,0.0,,,0.0,1.0,1.0,,0.5,,1614.0,,,1770.0,1947.0,2290.0,,5746.0
BTCUSD,7eb156e9-899b-4d3d-ba0e-7fb4627b4502,2026-07-10 08:21:18.651648,2026-07-10 08:01:18.651648,in_scope,64415.7,1M,65200.0,62400.0,long,0.45,Bullish,Direccional,resolved,invalidation,-1.0,2026-07-13 07:20:00,1M,71.3115,fuera,True,dc829234-2327-4b93-85ef-33447fac4abf,1,2C,True,,1D=0.2 2H=0.2 1H=0.2 30M=0.3 5M=0.1,0.55,1.0,1.0,0.0,,0.0,,,0.0,1.0,1.0,,0.5,,1614.0,,,1770.0,1947.0,2290.0,,5746.0
BTCUSD,7eb156e9-899b-4d3d-ba0e-7fb4627b4502,2026-07-10 08:21:18.651648,2026-07-10 08:01:18.651648,in_scope,64415.7,1M,65200.0,62400.0,long,0.45,Bullish,Direccional,resolved,invalidation,-1.0,2026-07-13 07:20:00,1M,71.3115,fuera,True,dc829234-2327-4b93-85ef-33447fac4abf,1,2D,True,,1D=0.15 2H=0.3 1H=0.25 30M=0.2 5M=0.1,0.5,1.0,1.0,0.0,,0.0,,,0.0,1.0,1.0,,0.5,,1614.0,,,1770.0,1947.0,2290.0,,5746.0
BTCUSD,7eb156e9-899b-4d3d-ba0e-7fb4627b4502,2026-07-10 08:21:18.651648,2026-07-10 08:01:18.651648,in_scope,64415.7,1M,65200.0,62400.0,long,0.45,Bullish,Direccional,resolved,invalidation,-1.0,2026-07-13 07:20:00,1M,71.3115,fuera,True,dc829234-2327-4b93-85ef-33447fac4abf,1,2E,True,,1D=0.1 2H=0.25 1H=0.3 30M=0.25 5M=0.1,0.6000000000000001,1.0,1.0,0.0,,0.0,,,0.0,1.0,1.0,,0.5,,1614.0,,,1770.0,1947.0,2290.0,,5746.0
BTCUSD,7eb156e9-899b-4d3d-ba0e-7fb4627b4502,2026-07-10 08:21:18.651648,2026-07-10 08:01:18.651648,in_scope,64415.7,1M,65200.0,62400.0,long,0.45,Bullish,Direccional,resolved,invalidation,-1.0,2026-07-13 07:20:00,1M,71.3115,fuera,True,dc829234-2327-4b93-85ef-33447fac4abf,1,P2-DISC,True,,,1.0,,1.0,0.0,,,,,,,,,,,,,,,,,,
BTCUSD,7eb156e9-899b-4d3d-ba0e-7fb4627b4502,2026-07-10 08:21:18.651648,2026-07-10 08:01:18.651648,in_scope,64415.7,1M,65200.0,62400.0,long,0.45,Bullish,Direccional,resolved,invalidation,-1.0,2026-07-13 07:20:00,1M,71.3115,fuera,True,dc829234-2327-4b93-85ef-33447fac4abf,1,2F-LOO,True,,1D=0 2H=0.5 1H=0 30M=0.25 5M=0.25,,,1.0,0.0,,0.0,,,0.0,1.0,1.0,,0.5,,,,,,,,,
BTCUSD,dc829234-2327-4b93-85ef-33447fac4abf,2026-07-13 07:04:59.188393,2026-07-13 06:44:59.188393,in_scope,62559.17,1M,62000.0,63800.0,short,-0.6,Bearish,Direccional,resolved,validation,-1.0,2026-07-13 11:36:00,1M,4.8502,dentro,False,,0,A,False,1W,1W=0.3 1D=0.25 12H=0.2 4H=0.15 1H=0.1,,,0.0,,0.0,0.0,0.0,-0.0,,0.0,,,,798.0,1617.0,1635.0,1705.0,,2017.0,,,
BTCUSD,dc829234-2327-4b93-85ef-33447fac4abf,2026-07-13 07:04:59.188393,2026-07-13 06:44:59.188393,in_scope,62559.17,1M,62000.0,63800.0,short,-0.6,Bearish,Direccional,resolved,validation,-1.0,2026-07-13 11:36:00,1M,4.8502,dentro,False,,0,B,False,1W,1W=0.15 1D=0.2 12H=0.3 4H=0.2 1H=0.15,,,0.0,,0.0,0.0,0.0,0.0,,0.0,,,,798.0,1617.0,1635.0,1705.0,,2017.0,,,
BTCUSD,dc829234-2327-4b93-85ef-33447fac4abf,2026-07-13 07:04:59.188393,2026-07-13 06:44:59.188393,in_scope,62559.17,1M,62000.0,63800.0,short,-0.6,Bearish,Direccional,resolved,validation,-1.0,2026-07-13 11:36:00,1M,4.8502,dentro,False,,0,C,False,1W,1W=0.15 1D=0.2 12H=0.3 4H=0.2 1H=0.15,,,0.0,,0.0,0.0,0.0,0.0,,0.0,,,,798.0,1617.0,1635.0,1705.0,,2017.0,,,
BTCUSD,dc829234-2327-4b93-85ef-33447fac4abf,2026-07-13 07:04:59.188393,2026-07-13 06:44:59.188393,in_scope,62559.17,1M,62000.0,63800.0,short,-0.6,Bearish,Direccional,resolved,validation,-1.0,2026-07-13 11:36:00,1M,4.8502,dentro,False,,0,D,False,1W,1W=0.08 1D=0.12 12H=0.17 4H=0.22 1H=0.26 30M=0.15,,,0.0,,0.0,0.0,0.0,0.0,,0.0,0.0,,,798.0,1617.0,1635.0,1705.0,,2017.0,2430.0,,
BTCUSD,dc829234-2327-4b93-85ef-33447fac4abf,2026-07-13 07:04:59.188393,2026-07-13 06:44:59.188393,in_scope,62559.17,1M,62000.0,63800.0,short,-0.6,Bearish,Direccional,resolved,validation,-1.0,2026-07-13 11:36:00,1M,4.8502,dentro,False,,0,E,False,1W,1W=0.07 1D=0.1 12H=0.14 4H=0.19 1H=0.24 30M=0.16 15M=0.1,,,0.0,,0.0,0.0,0.0,0.0,,0.0,0.0,-0.5,,798.0,1617.0,1635.0,1705.0,,2017.0,2430.0,3258.0,
BTCUSD,dc829234-2327-4b93-85ef-33447fac4abf,2026-07-13 07:04:59.188393,2026-07-13 06:44:59.188393,in_scope,62559.17,1M,62000.0,63800.0,short,-0.6,Bearish,Direccional,resolved,validation,-1.0,2026-07-13 11:36:00,1M,4.8502,dentro,False,,0,F,False,1W,1W=0.09412 1D=0.1412 12H=0.2 4H=0.2588 1H=0.3059,,,0.0,,0.0,0.0,0.0,0.0,,0.0,,,,798.0,1617.0,1635.0,1705.0,,2017.0,,,
BTCUSD,dc829234-2327-4b93-85ef-33447fac4abf,2026-07-13 07:04:59.188393,2026-07-13 06:44:59.188393,in_scope,62559.17,1M,62000.0,63800.0,short,-0.6,Bearish,Direccional,resolved,validation,-1.0,2026-07-13 11:36:00,1M,4.8502,dentro,False,,0,G,False,1W,1W=0.1 1D=0.1 12H=0.1 4H=0.1 1H=0.2 30M=0.2 15M=0.2,,,0.0,,0.0,0.0,0.0,0.0,,0.0,0.0,-0.5,,798.0,1617.0,1635.0,1705.0,,2017.0,2430.0,3258.0,
BTCUSD,dc829234-2327-4b93-85ef-33447fac4abf,2026-07-13 07:04:59.188393,2026-07-13 06:44:59.188393,in_scope,62559.17,1M,62000.0,63800.0,short,-0.6,Bearish,Direccional,resolved,validation,-1.0,2026-07-13 11:36:00,1M,4.8502,dentro,False,,0,D-EQ,False,1W,1W=0.1667 1D=0.1667 12H=0.1667 4H=0.1667 1H=0.1667 30M=0.1667,,,0.0,,0.0,0.0,0.0,0.0,,0.0,0.0,,,798.0,1617.0,1635.0,1705.0,,2017.0,2430.0,,
BTCUSD,dc829234-2327-4b93-85ef-33447fac4abf,2026-07-13 07:04:59.188393,2026-07-13 06:44:59.188393,in_scope,62559.17,1M,62000.0,63800.0,short,-0.6,Bearish,Direccional,resolved,validation,-1.0,2026-07-13 11:36:00,1M,4.8502,dentro,False,,0,2A,True,,1D=0.2 2H=0.2 1H=0.2 30M=0.2 5M=0.2,-0.2,0.0,0.0,,,0.0,,,0.0,0.0,0.0,,-1.0,,1617.0,,,1805.0,2017.0,2430.0,,6583.0
BTCUSD,dc829234-2327-4b93-85ef-33447fac4abf,2026-07-13 07:04:59.188393,2026-07-13 06:44:59.188393,in_scope,62559.17,1M,62000.0,63800.0,short,-0.6,Bearish,Direccional,resolved,validation,-1.0,2026-07-13 11:36:00,1M,4.8502,dentro,False,,0,2B,True,,1D=0.1 2H=0.25 1H=0.25 30M=0.2 5M=0.2,-0.2,0.0,0.0,,,0.0,,,0.0,0.0,0.0,,-1.0,,1617.0,,,1805.0,2017.0,2430.0,,6583.0
BTCUSD,dc829234-2327-4b93-85ef-33447fac4abf,2026-07-13 07:04:59.188393,2026-07-13 06:44:59.188393,in_scope,62559.17,1M,62000.0,63800.0,short,-0.6,Bearish,Direccional,resolved,validation,-1.0,2026-07-13 11:36:00,1M,4.8502,dentro,False,,0,2C,True,,1D=0.2 2H=0.2 1H=0.2 30M=0.3 5M=0.1,-0.1,0.0,0.0,,,0.0,,,0.0,0.0,0.0,,-1.0,,1617.0,,,1805.0,2017.0,2430.0,,6583.0
BTCUSD,dc829234-2327-4b93-85ef-33447fac4abf,2026-07-13 07:04:59.188393,2026-07-13 06:44:59.188393,in_scope,62559.17,1M,62000.0,63800.0,short,-0.6,Bearish,Direccional,resolved,validation,-1.0,2026-07-13 11:36:00,1M,4.8502,dentro,False,,0,2D,True,,1D=0.15 2H=0.3 1H=0.25 30M=0.2 5M=0.1,-0.1,0.0,0.0,,,0.0,,,0.0,0.0,0.0,,-1.0,,1617.0,,,1805.0,2017.0,2430.0,,6583.0
BTCUSD,dc829234-2327-4b93-85ef-33447fac4abf,2026-07-13 07:04:59.188393,2026-07-13 06:44:59.188393,in_scope,62559.17,1M,62000.0,63800.0,short,-0.6,Bearish,Direccional,resolved,validation,-1.0,2026-07-13 11:36:00,1M,4.8502,dentro,False,,0,2E,True,,1D=0.1 2H=0.25 1H=0.3 30M=0.25 5M=0.1,-0.1,0.0,0.0,,,0.0,,,0.0,0.0,0.0,,-1.0,,1617.0,,,1805.0,2017.0,2430.0,,6583.0
BTCUSD,dc829234-2327-4b93-85ef-33447fac4abf,2026-07-13 07:04:59.188393,2026-07-13 06:44:59.188393,in_scope,62559.17,1M,62000.0,63800.0,short,-0.6,Bearish,Direccional,resolved,validation,-1.0,2026-07-13 11:36:00,1M,4.8502,dentro,False,,0,P2-DISC,True,,,0.0,,0.0,,,,,,,,,,,,,,,,,,,
BTCUSD,dc829234-2327-4b93-85ef-33447fac4abf,2026-07-13 07:04:59.188393,2026-07-13 06:44:59.188393,in_scope,62559.17,1M,62000.0,63800.0,short,-0.6,Bearish,Direccional,resolved,validation,-1.0,2026-07-13 11:36:00,1M,4.8502,dentro,False,,0,2F-LOO,True,,1D=0 2H=0.5 1H=0.5 30M=0 5M=0,,,0.0,,,0.0,,,0.0,0.0,0.0,,-1.0,,,,,,,,,
BTCUSD,10ee7e4c-a110-44e6-bffd-57e3df61dbc4,2026-07-13 19:16:29.530474,2026-07-13 18:56:29.530474,in_scope,62510.22,1M,61600.0,63000.0,short,-0.05,Choppy / Neutral,Choppy,resolved,invalidation,1.0,2026-07-14 06:24:00,1M,11.4585,dentro,False,,0,A,False,1W,1W=0.3 1D=0.25 12H=0.2 4H=0.15 1H=0.1,,,0.0,,0.0,-1.0,-0.0,-0.5,,-1.0,,,,798.0,1618.0,1636.0,1708.0,,2029.0,,,
BTCUSD,10ee7e4c-a110-44e6-bffd-57e3df61dbc4,2026-07-13 19:16:29.530474,2026-07-13 18:56:29.530474,in_scope,62510.22,1M,61600.0,63000.0,short,-0.05,Choppy / Neutral,Choppy,resolved,invalidation,1.0,2026-07-14 06:24:00,1M,11.4585,dentro,False,,0,B,False,1W,1W=0.15 1D=0.2 12H=0.3 4H=0.2 1H=0.15,,,0.0,,0.0,-1.0,-0.0,0.0,,0.0,,,,798.0,1618.0,1636.0,1708.0,,2029.0,,,
BTCUSD,10ee7e4c-a110-44e6-bffd-57e3df61dbc4,2026-07-13 19:16:29.530474,2026-07-13 18:56:29.530474,in_scope,62510.22,1M,61600.0,63000.0,short,-0.05,Choppy / Neutral,Choppy,resolved,invalidation,1.0,2026-07-14 06:24:00,1M,11.4585,dentro,False,,0,C,False,1W,1W=0.15 1D=0.2 12H=0.3 4H=0.2 1H=0.15,,,0.0,,0.0,-1.0,-0.0,0.0,,0.0,,,,798.0,1618.0,1636.0,1708.0,,2029.0,,,
BTCUSD,10ee7e4c-a110-44e6-bffd-57e3df61dbc4,2026-07-13 19:16:29.530474,2026-07-13 18:56:29.530474,in_scope,62510.22,1M,61600.0,63000.0,short,-0.05,Choppy / Neutral,Choppy,resolved,invalidation,1.0,2026-07-14 06:24:00,1M,11.4585,dentro,False,,0,D,False,1W,1W=0.08 1D=0.12 12H=0.17 4H=0.22 1H=0.26 30M=0.15,,,0.0,,0.0,-1.0,-0.0,0.0,,0.0,0.0,,,798.0,1618.0,1636.0,1708.0,,2029.0,2454.0,,
BTCUSD,10ee7e4c-a110-44e6-bffd-57e3df61dbc4,2026-07-13 19:16:29.530474,2026-07-13 18:56:29.530474,in_scope,62510.22,1M,61600.0,63000.0,short,-0.05,Choppy / Neutral,Choppy,resolved,invalidation,1.0,2026-07-14 06:24:00,1M,11.4585,dentro,False,,0,E,False,1W,1W=0.07 1D=0.1 12H=0.14 4H=0.19 1H=0.24 30M=0.16 15M=0.1,,,0.0,,0.0,-1.0,-0.0,0.0,,0.0,0.0,0.0,,798.0,1618.0,1636.0,1708.0,,2029.0,2454.0,3307.0,
BTCUSD,10ee7e4c-a110-44e6-bffd-57e3df61dbc4,2026-07-13 19:16:29.530474,2026-07-13 18:56:29.530474,in_scope,62510.22,1M,61600.0,63000.0,short,-0.05,Choppy / Neutral,Choppy,resolved,invalidation,1.0,2026-07-14 06:24:00,1M,11.4585,dentro,False,,0,F,False,1W,1W=0.09412 1D=0.1412 12H=0.2 4H=0.2588 1H=0.3059,,,0.0,,0.0,-1.0,-0.0,0.0,,0.0,,,,798.0,1618.0,1636.0,1708.0,,2029.0,,,
BTCUSD,10ee7e4c-a110-44e6-bffd-57e3df61dbc4,2026-07-13 19:16:29.530474,2026-07-13 18:56:29.530474,in_scope,62510.22,1M,61600.0,63000.0,short,-0.05,Choppy / Neutral,Choppy,resolved,invalidation,1.0,2026-07-14 06:24:00,1M,11.4585,dentro,False,,0,G,False,1W,1W=0.1 1D=0.1 12H=0.1 4H=0.1 1H=0.2 30M=0.2 15M=0.2,,,0.0,,0.0,-1.0,-0.0,0.0,,0.0,0.0,0.0,,798.0,1618.0,1636.0,1708.0,,2029.0,2454.0,3307.0,
BTCUSD,10ee7e4c-a110-44e6-bffd-57e3df61dbc4,2026-07-13 19:16:29.530474,2026-07-13 18:56:29.530474,in_scope,62510.22,1M,61600.0,63000.0,short,-0.05,Choppy / Neutral,Choppy,resolved,invalidation,1.0,2026-07-14 06:24:00,1M,11.4585,dentro,False,,0,D-EQ,False,1W,1W=0.1667 1D=0.1667 12H=0.1667 4H=0.1667 1H=0.1667 30M=0.1667,,,0.0,,0.0,-1.0,-0.0,0.0,,0.0,0.0,,,798.0,1618.0,1636.0,1708.0,,2029.0,2454.0,,
BTCUSD,10ee7e4c-a110-44e6-bffd-57e3df61dbc4,2026-07-13 19:16:29.530474,2026-07-13 18:56:29.530474,in_scope,62510.22,1M,61600.0,63000.0,short,-0.05,Choppy / Neutral,Choppy,resolved,invalidation,1.0,2026-07-14 06:24:00,1M,11.4585,dentro,False,,0,2A,True,,1D=0.2 2H=0.2 1H=0.2 30M=0.2 5M=0.2,-0.2,0.0,0.0,,,-1.0,,,0.0,0.0,0.0,,0.0,,1618.0,,,1811.0,2029.0,2454.0,,6730.0
BTCUSD,10ee7e4c-a110-44e6-bffd-57e3df61dbc4,2026-07-13 19:16:29.530474,2026-07-13 18:56:29.530474,in_scope,62510.22,1M,61600.0,63000.0,short,-0.05,Choppy / Neutral,Choppy,resolved,invalidation,1.0,2026-07-14 06:24:00,1M,11.4585,dentro,False,,0,2B,True,,1D=0.1 2H=0.25 1H=0.25 30M=0.2 5M=0.2,-0.1,0.0,0.0,,,-1.0,,,0.0,0.0,0.0,,0.0,,1618.0,,,1811.0,2029.0,2454.0,,6730.0
BTCUSD,10ee7e4c-a110-44e6-bffd-57e3df61dbc4,2026-07-13 19:16:29.530474,2026-07-13 18:56:29.530474,in_scope,62510.22,1M,61600.0,63000.0,short,-0.05,Choppy / Neutral,Choppy,resolved,invalidation,1.0,2026-07-14 06:24:00,1M,11.4585,dentro,False,,0,2C,True,,1D=0.2 2H=0.2 1H=0.2 30M=0.3 5M=0.1,-0.2,0.0,0.0,,,-1.0,,,0.0,0.0,0.0,,0.0,,1618.0,,,1811.0,2029.0,2454.0,,6730.0
BTCUSD,10ee7e4c-a110-44e6-bffd-57e3df61dbc4,2026-07-13 19:16:29.530474,2026-07-13 18:56:29.530474,in_scope,62510.22,1M,61600.0,63000.0,short,-0.05,Choppy / Neutral,Choppy,resolved,invalidation,1.0,2026-07-14 06:24:00,1M,11.4585,dentro,False,,0,2D,True,,1D=0.15 2H=0.3 1H=0.25 30M=0.2 5M=0.1,-0.15,0.0,0.0,,,-1.0,,,0.0,0.0,0.0,,0.0,,1618.0,,,1811.0,2029.0,2454.0,,6730.0
BTCUSD,10ee7e4c-a110-44e6-bffd-57e3df61dbc4,2026-07-13 19:16:29.530474,2026-07-13 18:56:29.530474,in_scope,62510.22,1M,61600.0,63000.0,short,-0.05,Choppy / Neutral,Choppy,resolved,invalidation,1.0,2026-07-14 06:24:00,1M,11.4585,dentro,False,,0,2E,True,,1D=0.1 2H=0.25 1H=0.3 30M=0.25 5M=0.1,-0.1,0.0,0.0,,,-1.0,,,0.0,0.0,0.0,,0.0,,1618.0,,,1811.0,2029.0,2454.0,,6730.0
BTCUSD,10ee7e4c-a110-44e6-bffd-57e3df61dbc4,2026-07-13 19:16:29.530474,2026-07-13 18:56:29.530474,in_scope,62510.22,1M,61600.0,63000.0,short,-0.05,Choppy / Neutral,Choppy,resolved,invalidation,1.0,2026-07-14 06:24:00,1M,11.4585,dentro,False,,0,P2-DISC,True,,,0.0,,0.0,,,,,,,,,,,,,,,,,,,
BTCUSD,10ee7e4c-a110-44e6-bffd-57e3df61dbc4,2026-07-13 19:16:29.530474,2026-07-13 18:56:29.530474,in_scope,62510.22,1M,61600.0,63000.0,short,-0.05,Choppy / Neutral,Choppy,resolved,invalidation,1.0,2026-07-14 06:24:00,1M,11.4585,dentro,False,,0,2F-LOO,True,,1D=0 2H=0.5 1H=0 30M=0.25 5M=0.25,,,0.0,,,-1.0,,,0.0,0.0,0.0,,0.0,,,,,,,,,
BTCUSD,5971536e-77e7-42ea-91ef-1cf647742d60,2026-08-05 06:58:29.371891,2026-08-05 06:38:29.371891,in_scope,64447.32,1M,65000.0,63400.0,long,0.575,Bullish,Direccional,resolved,validation,1.0,2026-08-07 05:22:00,1M,46.7252,dentro,True,6793c370-2cdf-4914-bf10-5d872f8e707c,1,A,True,,1W=0.3 1D=0.25 12H=0.2 4H=0.15 1H=0.1,0.0,0.0,0.0,,0.0,0.0,0.0,0.0,,0.0,,,,801.0,1640.0,1681.0,1843.0,,2565.0,,,
BTCUSD,5971536e-77e7-42ea-91ef-1cf647742d60,2026-08-05 06:58:29.371891,2026-08-05 06:38:29.371891,in_scope,64447.32,1M,65000.0,63400.0,long,0.575,Bullish,Direccional,resolved,validation,1.0,2026-08-07 05:22:00,1M,46.7252,dentro,True,6793c370-2cdf-4914-bf10-5d872f8e707c,1,B,True,,1W=0.15 1D=0.2 12H=0.3 4H=0.2 1H=0.15,0.0,0.0,0.0,,0.0,0.0,0.0,0.0,,0.0,,,,801.0,1640.0,1681.0,1843.0,,2565.0,,,
BTCUSD,5971536e-77e7-42ea-91ef-1cf647742d60,2026-08-05 06:58:29.371891,2026-08-05 06:38:29.371891,in_scope,64447.32,1M,65000.0,63400.0,long,0.575,Bullish,Direccional,resolved,validation,1.0,2026-08-07 05:22:00,1M,46.7252,dentro,True,6793c370-2cdf-4914-bf10-5d872f8e707c,1,C,True,,1W=0.15 1D=0.2 12H=0.3 4H=0.2 1H=0.15,0.0,0.0,0.0,,0.0,0.0,0.0,0.0,,0.0,,,,801.0,1640.0,1681.0,1843.0,,2565.0,,,
BTCUSD,5971536e-77e7-42ea-91ef-1cf647742d60,2026-08-05 06:58:29.371891,2026-08-05 06:38:29.371891,in_scope,64447.32,1M,65000.0,63400.0,long,0.575,Bullish,Direccional,resolved,validation,1.0,2026-08-07 05:22:00,1M,46.7252,dentro,True,6793c370-2cdf-4914-bf10-5d872f8e707c,1,D,True,,1W=0.08 1D=0.12 12H=0.17 4H=0.22 1H=0.26 30M=0.15,0.0,0.0,0.0,,0.0,0.0,0.0,0.0,,0.0,0.0,,,801.0,1640.0,1681.0,1843.0,,2565.0,3522.0,,
BTCUSD,5971536e-77e7-42ea-91ef-1cf647742d60,2026-08-05 06:58:29.371891,2026-08-05 06:38:29.371891,in_scope,64447.32,1M,65000.0,63400.0,long,0.575,Bullish,Direccional,resolved,validation,1.0,2026-08-07 05:22:00,1M,46.7252,dentro,True,6793c370-2cdf-4914-bf10-5d872f8e707c,1,E,True,,1W=0.07 1D=0.1 12H=0.14 4H=0.19 1H=0.24 30M=0.16 15M=0.1,0.0,0.0,0.0,,0.0,0.0,0.0,0.0,,0.0,0.0,0.0,,801.0,1640.0,1681.0,1843.0,,2565.0,3522.0,5438.0,
BTCUSD,5971536e-77e7-42ea-91ef-1cf647742d60,2026-08-05 06:58:29.371891,2026-08-05 06:38:29.371891,in_scope,64447.32,1M,65000.0,63400.0,long,0.575,Bullish,Direccional,resolved,validation,1.0,2026-08-07 05:22:00,1M,46.7252,dentro,True,6793c370-2cdf-4914-bf10-5d872f8e707c,1,F,True,,1W=0.09412 1D=0.1412 12H=0.2 4H=0.2588 1H=0.3059,0.0,0.0,0.0,,0.0,0.0,0.0,0.0,,0.0,,,,801.0,1640.0,1681.0,1843.0,,2565.0,,,
BTCUSD,5971536e-77e7-42ea-91ef-1cf647742d60,2026-08-05 06:58:29.371891,2026-08-05 06:38:29.371891,in_scope,64447.32,1M,65000.0,63400.0,long,0.575,Bullish,Direccional,resolved,validation,1.0,2026-08-07 05:22:00,1M,46.7252,dentro,True,6793c370-2cdf-4914-bf10-5d872f8e707c,1,G,True,,1W=0.1 1D=0.1 12H=0.1 4H=0.1 1H=0.2 30M=0.2 15M=0.2,0.0,0.0,0.0,,0.0,0.0,0.0,0.0,,0.0,0.0,0.0,,801.0,1640.0,1681.0,1843.0,,2565.0,3522.0,5438.0,
BTCUSD,5971536e-77e7-42ea-91ef-1cf647742d60,2026-08-05 06:58:29.371891,2026-08-05 06:38:29.371891,in_scope,64447.32,1M,65000.0,63400.0,long,0.575,Bullish,Direccional,resolved,validation,1.0,2026-08-07 05:22:00,1M,46.7252,dentro,True,6793c370-2cdf-4914-bf10-5d872f8e707c,1,D-EQ,True,,1W=0.1667 1D=0.1667 12H=0.1667 4H=0.1667 1H=0.1667 30M=0.1667,0.0,0.0,0.0,,0.0,0.0,0.0,0.0,,0.0,0.0,,,801.0,1640.0,1681.0,1843.0,,2565.0,3522.0,,
BTCUSD,5971536e-77e7-42ea-91ef-1cf647742d60,2026-08-05 06:58:29.371891,2026-08-05 06:38:29.371891,in_scope,64447.32,1M,65000.0,63400.0,long,0.575,Bullish,Direccional,resolved,validation,1.0,2026-08-07 05:22:00,1M,46.7252,dentro,True,6793c370-2cdf-4914-bf10-5d872f8e707c,1,2A,True,,1D=0.2 2H=0.2 1H=0.2 30M=0.2 5M=0.2,0.2,0.0,0.0,,,0.0,,,0.0,0.0,0.0,,1.0,,1640.0,,,2079.0,2565.0,3522.0,,13112.0
BTCUSD,5971536e-77e7-42ea-91ef-1cf647742d60,2026-08-05 06:58:29.371891,2026-08-05 06:38:29.371891,in_scope,64447.32,1M,65000.0,63400.0,long,0.575,Bullish,Direccional,resolved,validation,1.0,2026-08-07 05:22:00,1M,46.7252,dentro,True,6793c370-2cdf-4914-bf10-5d872f8e707c,1,2B,True,,1D=0.1 2H=0.25 1H=0.25 30M=0.2 5M=0.2,0.2,0.0,0.0,,,0.0,,,0.0,0.0,0.0,,1.0,,1640.0,,,2079.0,2565.0,3522.0,,13112.0
BTCUSD,5971536e-77e7-42ea-91ef-1cf647742d60,2026-08-05 06:58:29.371891,2026-08-05 06:38:29.371891,in_scope,64447.32,1M,65000.0,63400.0,long,0.575,Bullish,Direccional,resolved,validation,1.0,2026-08-07 05:22:00,1M,46.7252,dentro,True,6793c370-2cdf-4914-bf10-5d872f8e707c,1,2C,True,,1D=0.2 2H=0.2 1H=0.2 30M=0.3 5M=0.1,0.1,0.0,0.0,,,0.0,,,0.0,0.0,0.0,,1.0,,1640.0,,,2079.0,2565.0,3522.0,,13112.0
BTCUSD,5971536e-77e7-42ea-91ef-1cf647742d60,2026-08-05 06:58:29.371891,2026-08-05 06:38:29.371891,in_scope,64447.32,1M,65000.0,63400.0,long,0.575,Bullish,Direccional,resolved,validation,1.0,2026-08-07 05:22:00,1M,46.7252,dentro,True,6793c370-2cdf-4914-bf10-5d872f8e707c,1,2D,True,,1D=0.15 2H=0.3 1H=0.25 30M=0.2 5M=0.1,0.1,0.0,0.0,,,0.0,,,0.0,0.0,0.0,,1.0,,1640.0,,,2079.0,2565.0,3522.0,,13112.0
BTCUSD,5971536e-77e7-42ea-91ef-1cf647742d60,2026-08-05 06:58:29.371891,2026-08-05 06:38:29.371891,in_scope,64447.32,1M,65000.0,63400.0,long,0.575,Bullish,Direccional,resolved,validation,1.0,2026-08-07 05:22:00,1M,46.7252,dentro,True,6793c370-2cdf-4914-bf10-5d872f8e707c,1,2E,True,,1D=0.1 2H=0.25 1H=0.3 30M=0.25 5M=0.1,0.1,0.0,0.0,,,0.0,,,0.0,0.0,0.0,,1.0,,1640.0,,,2079.0,2565.0,3522.0,,13112.0
BTCUSD,5971536e-77e7-42ea-91ef-1cf647742d60,2026-08-05 06:58:29.371891,2026-08-05 06:38:29.371891,in_scope,64447.32,1M,65000.0,63400.0,long,0.575,Bullish,Direccional,resolved,validation,1.0,2026-08-07 05:22:00,1M,46.7252,dentro,True,6793c370-2cdf-4914-bf10-5d872f8e707c,1,P2-DISC,True,,,1.0,,1.0,1.0,,,,,,,,,,,,,,,,,,
BTCUSD,5971536e-77e7-42ea-91ef-1cf647742d60,2026-08-05 06:58:29.371891,2026-08-05 06:38:29.371891,in_scope,64447.32,1M,65000.0,63400.0,long,0.575,Bullish,Direccional,resolved,validation,1.0,2026-08-07 05:22:00,1M,46.7252,dentro,True,6793c370-2cdf-4914-bf10-5d872f8e707c,1,2F,True,,1D=0.15 2H=0.6 1H=0 30M=0.2 5M=0.05,,,0.0,,,0.0,,,0.0,0.0,0.0,,1.0,,,,,,,,,
BTCUSD,5971536e-77e7-42ea-91ef-1cf647742d60,2026-08-05 06:58:29.371891,2026-08-05 06:38:29.371891,in_scope,64447.32,1M,65000.0,63400.0,long,0.575,Bullish,Direccional,resolved,validation,1.0,2026-08-07 05:22:00,1M,46.7252,dentro,True,6793c370-2cdf-4914-bf10-5d872f8e707c,1,2F-LOO,True,,1D=0 2H=0.5 1H=0.5 30M=0 5M=0,,,0.0,,,0.0,,,0.0,0.0,0.0,,1.0,,,,,,,,,
BTCUSD,6793c370-2cdf-4914-bf10-5d872f8e707c,2026-08-06 05:36:55.688038,,missing_levels,,,,,,0.025,Choppy / Neutral,Choppy,,,,,,,,,,0,(fuera de alcance),,,,,,,,,,,,,,,,,,,,,,,,,
BTCUSD,22bb5efc-598b-4e76-b65e-d3ffdfc5c462,2026-08-12 07:00:28.140950,2026-08-12 06:40:28.140950,in_scope,63992.77,1M,65000.0,63200.0,long,0.15,Choppy / Neutral,Choppy,resolved,invalidation,-1.0,2026-08-13 10:37:00,1M,27.9422,dentro,True,4fbd26c0-d5aa-4d54-871a-09446bba2237,0,A,True,,1W=0.3 1D=0.25 12H=0.2 4H=0.15 1H=0.1,-0.15,0.0,0.0,,0.0,-0.0,-0.0,-1.0,,0.0,,,,802.0,1647.0,1695.0,1885.0,,2733.0,,,
BTCUSD,22bb5efc-598b-4e76-b65e-d3ffdfc5c462,2026-08-12 07:00:28.140950,2026-08-12 06:40:28.140950,in_scope,63992.77,1M,65000.0,63200.0,long,0.15,Choppy / Neutral,Choppy,resolved,invalidation,-1.0,2026-08-13 10:37:00,1M,27.9422,dentro,True,4fbd26c0-d5aa-4d54-871a-09446bba2237,0,B,True,,1W=0.15 1D=0.2 12H=0.3 4H=0.2 1H=0.15,0.0,0.0,0.0,,0.0,-0.0,-0.0,0.0,,0.0,,,,802.0,1647.0,1695.0,1885.0,,2733.0,,,
BTCUSD,22bb5efc-598b-4e76-b65e-d3ffdfc5c462,2026-08-12 07:00:28.140950,2026-08-12 06:40:28.140950,in_scope,63992.77,1M,65000.0,63200.0,long,0.15,Choppy / Neutral,Choppy,resolved,invalidation,-1.0,2026-08-13 10:37:00,1M,27.9422,dentro,True,4fbd26c0-d5aa-4d54-871a-09446bba2237,0,C,True,,1W=0.15 1D=0.2 12H=0.3 4H=0.2 1H=0.15,0.0,0.0,0.0,,0.0,-0.0,-0.0,0.0,,0.0,,,,802.0,1647.0,1695.0,1885.0,,2733.0,,,
BTCUSD,22bb5efc-598b-4e76-b65e-d3ffdfc5c462,2026-08-12 07:00:28.140950,2026-08-12 06:40:28.140950,in_scope,63992.77,1M,65000.0,63200.0,long,0.15,Choppy / Neutral,Choppy,resolved,invalidation,-1.0,2026-08-13 10:37:00,1M,27.9422,dentro,True,4fbd26c0-d5aa-4d54-871a-09446bba2237,0,D,True,,1W=0.08 1D=0.12 12H=0.17 4H=0.22 1H=0.26 30M=0.15,0.0,0.0,0.0,,0.0,-0.0,-0.0,0.0,,0.0,0.0,,,802.0,1647.0,1695.0,1885.0,,2733.0,3857.0,,
BTCUSD,22bb5efc-598b-4e76-b65e-d3ffdfc5c462,2026-08-12 07:00:28.140950,2026-08-12 06:40:28.140950,in_scope,63992.77,1M,65000.0,63200.0,long,0.15,Choppy / Neutral,Choppy,resolved,invalidation,-1.0,2026-08-13 10:37:00,1M,27.9422,dentro,True,4fbd26c0-d5aa-4d54-871a-09446bba2237,0,E,True,,1W=0.07 1D=0.1 12H=0.14 4H=0.19 1H=0.24 30M=0.16 15M=0.1,0.0,0.0,0.0,,0.0,-0.0,-0.0,0.0,,0.0,0.0,0.0,,802.0,1647.0,1695.0,1885.0,,2733.0,3857.0,6107.0,
BTCUSD,22bb5efc-598b-4e76-b65e-d3ffdfc5c462,2026-08-12 07:00:28.140950,2026-08-12 06:40:28.140950,in_scope,63992.77,1M,65000.0,63200.0,long,0.15,Choppy / Neutral,Choppy,resolved,invalidation,-1.0,2026-08-13 10:37:00,1M,27.9422,dentro,True,4fbd26c0-d5aa-4d54-871a-09446bba2237,0,F,True,,1W=0.09412 1D=0.1412 12H=0.2 4H=0.2588 1H=0.3059,0.0,0.0,0.0,,0.0,-0.0,-0.0,0.0,,0.0,,,,802.0,1647.0,1695.0,1885.0,,2733.0,,,
BTCUSD,22bb5efc-598b-4e76-b65e-d3ffdfc5c462,2026-08-12 07:00:28.140950,2026-08-12 06:40:28.140950,in_scope,63992.77,1M,65000.0,63200.0,long,0.15,Choppy / Neutral,Choppy,resolved,invalidation,-1.0,2026-08-13 10:37:00,1M,27.9422,dentro,True,4fbd26c0-d5aa-4d54-871a-09446bba2237,0,G,True,,1W=0.1 1D=0.1 12H=0.1 4H=0.1 1H=0.2 30M=0.2 15M=0.2,0.0,0.0,0.0,,0.0,-0.0,-0.0,0.0,,0.0,0.0,0.0,,802.0,1647.0,1695.0,1885.0,,2733.0,3857.0,6107.0,
BTCUSD,22bb5efc-598b-4e76-b65e-d3ffdfc5c462,2026-08-12 07:00:28.140950,2026-08-12 06:40:28.140950,in_scope,63992.77,1M,65000.0,63200.0,long,0.15,Choppy / Neutral,Choppy,resolved,invalidation,-1.0,2026-08-13 10:37:00,1M,27.9422,dentro,True,4fbd26c0-d5aa-4d54-871a-09446bba2237,0,D-EQ,True,,1W=0.1667 1D=0.1667 12H=0.1667 4H=0.1667 1H=0.1667 30M=0.1667,0.0,0.0,0.0,,0.0,-0.0,-0.0,0.0,,0.0,0.0,,,802.0,1647.0,1695.0,1885.0,,2733.0,3857.0,,
BTCUSD,22bb5efc-598b-4e76-b65e-d3ffdfc5c462,2026-08-12 07:00:28.140950,2026-08-12 06:40:28.140950,in_scope,63992.77,1M,65000.0,63200.0,long,0.15,Choppy / Neutral,Choppy,resolved,invalidation,-1.0,2026-08-13 10:37:00,1M,27.9422,dentro,True,4fbd26c0-d5aa-4d54-871a-09446bba2237,0,2A,True,,1D=0.2 2H=0.2 1H=0.2 30M=0.2 5M=0.2,0.0,0.0,0.0,,,-0.0,,,0.0,0.0,0.0,,0.0,,1647.0,,,2163.0,2733.0,3857.0,,15118.0
BTCUSD,22bb5efc-598b-4e76-b65e-d3ffdfc5c462,2026-08-12 07:00:28.140950,2026-08-12 06:40:28.140950,in_scope,63992.77,1M,65000.0,63200.0,long,0.15,Choppy / Neutral,Choppy,resolved,invalidation,-1.0,2026-08-13 10:37:00,1M,27.9422,dentro,True,4fbd26c0-d5aa-4d54-871a-09446bba2237,0,2B,True,,1D=0.1 2H=0.25 1H=0.25 30M=0.2 5M=0.2,0.0,0.0,0.0,,,-0.0,,,0.0,0.0,0.0,,0.0,,1647.0,,,2163.0,2733.0,3857.0,,15118.0
BTCUSD,22bb5efc-598b-4e76-b65e-d3ffdfc5c462,2026-08-12 07:00:28.140950,2026-08-12 06:40:28.140950,in_scope,63992.77,1M,65000.0,63200.0,long,0.15,Choppy / Neutral,Choppy,resolved,invalidation,-1.0,2026-08-13 10:37:00,1M,27.9422,dentro,True,4fbd26c0-d5aa-4d54-871a-09446bba2237,0,2C,True,,1D=0.2 2H=0.2 1H=0.2 30M=0.3 5M=0.1,0.0,0.0,0.0,,,-0.0,,,0.0,0.0,0.0,,0.0,,1647.0,,,2163.0,2733.0,3857.0,,15118.0
BTCUSD,22bb5efc-598b-4e76-b65e-d3ffdfc5c462,2026-08-12 07:00:28.140950,2026-08-12 06:40:28.140950,in_scope,63992.77,1M,65000.0,63200.0,long,0.15,Choppy / Neutral,Choppy,resolved,invalidation,-1.0,2026-08-13 10:37:00,1M,27.9422,dentro,True,4fbd26c0-d5aa-4d54-871a-09446bba2237,0,2D,True,,1D=0.15 2H=0.3 1H=0.25 30M=0.2 5M=0.1,0.0,0.0,0.0,,,-0.0,,,0.0,0.0,0.0,,0.0,,1647.0,,,2163.0,2733.0,3857.0,,15118.0
BTCUSD,22bb5efc-598b-4e76-b65e-d3ffdfc5c462,2026-08-12 07:00:28.140950,2026-08-12 06:40:28.140950,in_scope,63992.77,1M,65000.0,63200.0,long,0.15,Choppy / Neutral,Choppy,resolved,invalidation,-1.0,2026-08-13 10:37:00,1M,27.9422,dentro,True,4fbd26c0-d5aa-4d54-871a-09446bba2237,0,2E,True,,1D=0.1 2H=0.25 1H=0.3 30M=0.25 5M=0.1,0.0,0.0,0.0,,,-0.0,,,0.0,0.0,0.0,,0.0,,1647.0,,,2163.0,2733.0,3857.0,,15118.0
BTCUSD,22bb5efc-598b-4e76-b65e-d3ffdfc5c462,2026-08-12 07:00:28.140950,2026-08-12 06:40:28.140950,in_scope,63992.77,1M,65000.0,63200.0,long,0.15,Choppy / Neutral,Choppy,resolved,invalidation,-1.0,2026-08-13 10:37:00,1M,27.9422,dentro,True,4fbd26c0-d5aa-4d54-871a-09446bba2237,0,P2-DISC,True,,,0.0,,0.0,,,,,,,,,,,,,,,,,,,
BTCUSD,22bb5efc-598b-4e76-b65e-d3ffdfc5c462,2026-08-12 07:00:28.140950,2026-08-12 06:40:28.140950,in_scope,63992.77,1M,65000.0,63200.0,long,0.15,Choppy / Neutral,Choppy,resolved,invalidation,-1.0,2026-08-13 10:37:00,1M,27.9422,dentro,True,4fbd26c0-d5aa-4d54-871a-09446bba2237,0,2F,True,,1D=0.05 2H=0.5 1H=0.2 30M=0 5M=0.25,,,0.0,,,-0.0,,,0.0,0.0,0.0,,0.0,,,,,,,,,
BTCUSD,22bb5efc-598b-4e76-b65e-d3ffdfc5c462,2026-08-12 07:00:28.140950,2026-08-12 06:40:28.140950,in_scope,63992.77,1M,65000.0,63200.0,long,0.15,Choppy / Neutral,Choppy,resolved,invalidation,-1.0,2026-08-13 10:37:00,1M,27.9422,dentro,True,4fbd26c0-d5aa-4d54-871a-09446bba2237,0,2F-LOO,True,,1D=0 2H=0.5 1H=0 30M=0.25 5M=0.25,,,0.0,,,-0.0,,,0.0,0.0,0.0,,0.0,,,,,,,,,
BTCUSD,4fbd26c0-d5aa-4d54-871a-09446bba2237,2026-08-13 06:39:37.772645,2026-08-13 06:19:37.772645,in_scope,63467.81,1M,62000.0,64400.0,short,-0.2,Choppy / Neutral,Choppy,resolved,invalidation,1.0,2026-08-17 12:17:00,1M,101.9562,fuera,True,b0c8c373-b2f6-4c47-bbb5-d20aab2a8e1e,0,A,True,,1W=0.3 1D=0.25 12H=0.2 4H=0.15 1H=0.1,-0.075,0.0,0.0,,0.0,-0.0,-0.0,-0.5,,-0.0,,,,802.0,1648.0,1697.0,1891.0,,2757.0,,,
BTCUSD,4fbd26c0-d5aa-4d54-871a-09446bba2237,2026-08-13 06:39:37.772645,2026-08-13 06:19:37.772645,in_scope,63467.81,1M,62000.0,64400.0,short,-0.2,Choppy / Neutral,Choppy,resolved,invalidation,1.0,2026-08-17 12:17:00,1M,101.9562,fuera,True,b0c8c373-b2f6-4c47-bbb5-d20aab2a8e1e,0,B,True,,1W=0.15 1D=0.2 12H=0.3 4H=0.2 1H=0.15,0.0,0.0,0.0,,0.0,-0.0,-0.0,0.0,,-0.0,,,,802.0,1648.0,1697.0,1891.0,,2757.0,,,
BTCUSD,4fbd26c0-d5aa-4d54-871a-09446bba2237,2026-08-13 06:39:37.772645,2026-08-13 06:19:37.772645,in_scope,63467.81,1M,62000.0,64400.0,short,-0.2,Choppy / Neutral,Choppy,resolved,invalidation,1.0,2026-08-17 12:17:00,1M,101.9562,fuera,True,b0c8c373-b2f6-4c47-bbb5-d20aab2a8e1e,0,C,True,,1W=0.15 1D=0.2 12H=0.3 4H=0.2 1H=0.15,0.0,0.0,0.0,,0.0,-0.0,-0.0,0.0,,-0.0,,,,802.0,1648.0,1697.0,1891.0,,2757.0,,,
BTCUSD,4fbd26c0-d5aa-4d54-871a-09446bba2237,2026-08-13 06:39:37.772645,2026-08-13 06:19:37.772645,in_scope,63467.81,1M,62000.0,64400.0,short,-0.2,Choppy / Neutral,Choppy,resolved,invalidation,1.0,2026-08-17 12:17:00,1M,101.9562,fuera,True,b0c8c373-b2f6-4c47-bbb5-d20aab2a8e1e,0,D,True,,1W=0.08 1D=0.12 12H=0.17 4H=0.22 1H=0.26 30M=0.15,0.0,0.0,0.0,,0.0,-0.0,-0.0,0.0,,-0.0,-0.0,,,802.0,1648.0,1697.0,1891.0,,2757.0,3904.0,,
BTCUSD,4fbd26c0-d5aa-4d54-871a-09446bba2237,2026-08-13 06:39:37.772645,2026-08-13 06:19:37.772645,in_scope,63467.81,1M,62000.0,64400.0,short,-0.2,Choppy / Neutral,Choppy,resolved,invalidation,1.0,2026-08-17 12:17:00,1M,101.9562,fuera,True,b0c8c373-b2f6-4c47-bbb5-d20aab2a8e1e,0,E,True,,1W=0.07 1D=0.1 12H=0.14 4H=0.19 1H=0.24 30M=0.16 15M=0.1,-0.1,0.0,0.0,,0.0,-0.0,-0.0,0.0,,-0.0,-0.0,-1.0,,802.0,1648.0,1697.0,1891.0,,2757.0,3904.0,6202.0,
BTCUSD,4fbd26c0-d5aa-4d54-871a-09446bba2237,2026-08-13 06:39:37.772645,2026-08-13 06:19:37.772645,in_scope,63467.81,1M,62000.0,64400.0,short,-0.2,Choppy / Neutral,Choppy,resolved,invalidation,1.0,2026-08-17 12:17:00,1M,101.9562,fuera,True,b0c8c373-b2f6-4c47-bbb5-d20aab2a8e1e,0,F,True,,1W=0.09412 1D=0.1412 12H=0.2 4H=0.2588 1H=0.3059,0.0,0.0,0.0,,0.0,-0.0,-0.0,0.0,,-0.0,,,,802.0,1648.0,1697.0,1891.0,,2757.0,,,
BTCUSD,4fbd26c0-d5aa-4d54-871a-09446bba2237,2026-08-13 06:39:37.772645,2026-08-13 06:19:37.772645,in_scope,63467.81,1M,62000.0,64400.0,short,-0.2,Choppy / Neutral,Choppy,resolved,invalidation,1.0,2026-08-17 12:17:00,1M,101.9562,fuera,True,b0c8c373-b2f6-4c47-bbb5-d20aab2a8e1e,0,G,True,,1W=0.1 1D=0.1 12H=0.1 4H=0.1 1H=0.2 30M=0.2 15M=0.2,-0.2,0.0,0.0,,0.0,-0.0,-0.0,0.0,,-0.0,-0.0,-1.0,,802.0,1648.0,1697.0,1891.0,,2757.0,3904.0,6202.0,
BTCUSD,4fbd26c0-d5aa-4d54-871a-09446bba2237,2026-08-13 06:39:37.772645,2026-08-13 06:19:37.772645,in_scope,63467.81,1M,62000.0,64400.0,short,-0.2,Choppy / Neutral,Choppy,resolved,invalidation,1.0,2026-08-17 12:17:00,1M,101.9562,fuera,True,b0c8c373-b2f6-4c47-bbb5-d20aab2a8e1e,0,D-EQ,True,,1W=0.1667 1D=0.1667 12H=0.1667 4H=0.1667 1H=0.1667 30M=0.1667,0.0,0.0,0.0,,0.0,-0.0,-0.0,0.0,,-0.0,-0.0,,,802.0,1648.0,1697.0,1891.0,,2757.0,3904.0,,
BTCUSD,4fbd26c0-d5aa-4d54-871a-09446bba2237,2026-08-13 06:39:37.772645,2026-08-13 06:19:37.772645,in_scope,63467.81,1M,62000.0,64400.0,short,-0.2,Choppy / Neutral,Choppy,resolved,invalidation,1.0,2026-08-17 12:17:00,1M,101.9562,fuera,True,b0c8c373-b2f6-4c47-bbb5-d20aab2a8e1e,0,2A,True,,1D=0.2 2H=0.2 1H=0.2 30M=0.2 5M=0.2,0.0,0.0,0.0,,,-0.0,,,-0.0,-0.0,-0.0,,0.0,,1648.0,,,2175.0,2757.0,3904.0,,15401.0
BTCUSD,4fbd26c0-d5aa-4d54-871a-09446bba2237,2026-08-13 06:39:37.772645,2026-08-13 06:19:37.772645,in_scope,63467.81,1M,62000.0,64400.0,short,-0.2,Choppy / Neutral,Choppy,resolved,invalidation,1.0,2026-08-17 12:17:00,1M,101.9562,fuera,True,b0c8c373-b2f6-4c47-bbb5-d20aab2a8e1e,0,2B,True,,1D=0.1 2H=0.25 1H=0.25 30M=0.2 5M=0.2,0.0,0.0,0.0,,,-0.0,,,-0.0,-0.0,-0.0,,0.0,,1648.0,,,2175.0,2757.0,3904.0,,15401.0
BTCUSD,4fbd26c0-d5aa-4d54-871a-09446bba2237,2026-08-13 06:39:37.772645,2026-08-13 06:19:37.772645,in_scope,63467.81,1M,62000.0,64400.0,short,-0.2,Choppy / Neutral,Choppy,resolved,invalidation,1.0,2026-08-17 12:17:00,1M,101.9562,fuera,True,b0c8c373-b2f6-4c47-bbb5-d20aab2a8e1e,0,2C,True,,1D=0.2 2H=0.2 1H=0.2 30M=0.3 5M=0.1,0.0,0.0,0.0,,,-0.0,,,-0.0,-0.0,-0.0,,0.0,,1648.0,,,2175.0,2757.0,3904.0,,15401.0
BTCUSD,4fbd26c0-d5aa-4d54-871a-09446bba2237,2026-08-13 06:39:37.772645,2026-08-13 06:19:37.772645,in_scope,63467.81,1M,62000.0,64400.0,short,-0.2,Choppy / Neutral,Choppy,resolved,invalidation,1.0,2026-08-17 12:17:00,1M,101.9562,fuera,True,b0c8c373-b2f6-4c47-bbb5-d20aab2a8e1e,0,2D,True,,1D=0.15 2H=0.3 1H=0.25 30M=0.2 5M=0.1,0.0,0.0,0.0,,,-0.0,,,-0.0,-0.0,-0.0,,0.0,,1648.0,,,2175.0,2757.0,3904.0,,15401.0
BTCUSD,4fbd26c0-d5aa-4d54-871a-09446bba2237,2026-08-13 06:39:37.772645,2026-08-13 06:19:37.772645,in_scope,63467.81,1M,62000.0,64400.0,short,-0.2,Choppy / Neutral,Choppy,resolved,invalidation,1.0,2026-08-17 12:17:00,1M,101.9562,fuera,True,b0c8c373-b2f6-4c47-bbb5-d20aab2a8e1e,0,2E,True,,1D=0.1 2H=0.25 1H=0.3 30M=0.25 5M=0.1,0.0,0.0,0.0,,,-0.0,,,-0.0,-0.0,-0.0,,0.0,,1648.0,,,2175.0,2757.0,3904.0,,15401.0
BTCUSD,4fbd26c0-d5aa-4d54-871a-09446bba2237,2026-08-13 06:39:37.772645,2026-08-13 06:19:37.772645,in_scope,63467.81,1M,62000.0,64400.0,short,-0.2,Choppy / Neutral,Choppy,resolved,invalidation,1.0,2026-08-17 12:17:00,1M,101.9562,fuera,True,b0c8c373-b2f6-4c47-bbb5-d20aab2a8e1e,0,P2-DISC,True,,,0.0,,0.0,,,,,,,,,,,,,,,,,,,
BTCUSD,4fbd26c0-d5aa-4d54-871a-09446bba2237,2026-08-13 06:39:37.772645,2026-08-13 06:19:37.772645,in_scope,63467.81,1M,62000.0,64400.0,short,-0.2,Choppy / Neutral,Choppy,resolved,invalidation,1.0,2026-08-17 12:17:00,1M,101.9562,fuera,True,b0c8c373-b2f6-4c47-bbb5-d20aab2a8e1e,0,2F,True,,1D=0.05 2H=0.5 1H=0.2 30M=0 5M=0.25,,,0.0,,,-0.0,,,-0.0,-0.0,-0.0,,0.0,,,,,,,,,
BTCUSD,4fbd26c0-d5aa-4d54-871a-09446bba2237,2026-08-13 06:39:37.772645,2026-08-13 06:19:37.772645,in_scope,63467.81,1M,62000.0,64400.0,short,-0.2,Choppy / Neutral,Choppy,resolved,invalidation,1.0,2026-08-17 12:17:00,1M,101.9562,fuera,True,b0c8c373-b2f6-4c47-bbb5-d20aab2a8e1e,0,2F-LOO,True,,1D=0 2H=0.5 1H=0 30M=0.25 5M=0.25,,,0.0,,,-0.0,,,-0.0,-0.0,-0.0,,0.0,,,,,,,,,
BTCUSD,b0c8c373-b2f6-4c47-bbb5-d20aab2a8e1e,2026-08-17 06:40:39.275445,2026-08-17 06:20:39.275445,in_scope,63526.87,1M,64400.0,62735.0,long,0.65,Bullish,Direccional,resolved,validation,1.0,2026-08-17 12:17:00,1M,5.9391,dentro,False,,0,A,True,,1W=0.3 1D=0.25 12H=0.2 4H=0.15 1H=0.1,-0.3,-1.0,-1.0,0.0,-1.0,-0.0,-0.0,0.0,,0.0,,,,803.0,1652.0,1705.0,1915.0,,2853.0,,,
BTCUSD,b0c8c373-b2f6-4c47-bbb5-d20aab2a8e1e,2026-08-17 06:40:39.275445,2026-08-17 06:20:39.275445,in_scope,63526.87,1M,64400.0,62735.0,long,0.65,Bullish,Direccional,resolved,validation,1.0,2026-08-17 12:17:00,1M,5.9391,dentro,False,,0,B,True,,1W=0.15 1D=0.2 12H=0.3 4H=0.2 1H=0.15,0.0,0.0,0.0,,0.0,-0.0,-0.0,0.0,,0.0,,,,803.0,1652.0,1705.0,1915.0,,2853.0,,,
BTCUSD,b0c8c373-b2f6-4c47-bbb5-d20aab2a8e1e,2026-08-17 06:40:39.275445,2026-08-17 06:20:39.275445,in_scope,63526.87,1M,64400.0,62735.0,long,0.65,Bullish,Direccional,resolved,validation,1.0,2026-08-17 12:17:00,1M,5.9391,dentro,False,,0,C,True,,1W=0.15 1D=0.2 12H=0.3 4H=0.2 1H=0.15,0.0,0.0,0.0,,0.0,-0.0,-0.0,0.0,,0.0,,,,803.0,1652.0,1705.0,1915.0,,2853.0,,,
BTCUSD,b0c8c373-b2f6-4c47-bbb5-d20aab2a8e1e,2026-08-17 06:40:39.275445,2026-08-17 06:20:39.275445,in_scope,63526.87,1M,64400.0,62735.0,long,0.65,Bullish,Direccional,resolved,validation,1.0,2026-08-17 12:17:00,1M,5.9391,dentro,False,,0,D,True,,1W=0.08 1D=0.12 12H=0.17 4H=0.22 1H=0.26 30M=0.15,0.0,0.0,0.0,,0.0,-0.0,-0.0,0.0,,0.0,0.0,,,803.0,1652.0,1705.0,1915.0,,2853.0,4095.0,,
BTCUSD,b0c8c373-b2f6-4c47-bbb5-d20aab2a8e1e,2026-08-17 06:40:39.275445,2026-08-17 06:20:39.275445,in_scope,63526.87,1M,64400.0,62735.0,long,0.65,Bullish,Direccional,resolved,validation,1.0,2026-08-17 12:17:00,1M,5.9391,dentro,False,,0,E,True,,1W=0.07 1D=0.1 12H=0.14 4H=0.19 1H=0.24 30M=0.16 15M=0.1,0.1,0.0,0.0,,0.0,-0.0,-0.0,0.0,,0.0,0.0,1.0,,803.0,1652.0,1705.0,1915.0,,2853.0,4095.0,6583.0,
BTCUSD,b0c8c373-b2f6-4c47-bbb5-d20aab2a8e1e,2026-08-17 06:40:39.275445,2026-08-17 06:20:39.275445,in_scope,63526.87,1M,64400.0,62735.0,long,0.65,Bullish,Direccional,resolved,validation,1.0,2026-08-17 12:17:00,1M,5.9391,dentro,False,,0,F,True,,1W=0.09412 1D=0.1412 12H=0.2 4H=0.2588 1H=0.3059,0.0,0.0,0.0,,0.0,-0.0,-0.0,0.0,,0.0,,,,803.0,1652.0,1705.0,1915.0,,2853.0,,,
BTCUSD,b0c8c373-b2f6-4c47-bbb5-d20aab2a8e1e,2026-08-17 06:40:39.275445,2026-08-17 06:20:39.275445,in_scope,63526.87,1M,64400.0,62735.0,long,0.65,Bullish,Direccional,resolved,validation,1.0,2026-08-17 12:17:00,1M,5.9391,dentro,False,,0,G,True,,1W=0.1 1D=0.1 12H=0.1 4H=0.1 1H=0.2 30M=0.2 15M=0.2,0.2,0.0,0.0,,0.0,-0.0,-0.0,0.0,,0.0,0.0,1.0,,803.0,1652.0,1705.0,1915.0,,2853.0,4095.0,6583.0,
BTCUSD,b0c8c373-b2f6-4c47-bbb5-d20aab2a8e1e,2026-08-17 06:40:39.275445,2026-08-17 06:20:39.275445,in_scope,63526.87,1M,64400.0,62735.0,long,0.65,Bullish,Direccional,resolved,validation,1.0,2026-08-17 12:17:00,1M,5.9391,dentro,False,,0,D-EQ,True,,1W=0.1667 1D=0.1667 12H=0.1667 4H=0.1667 1H=0.1667 30M=0.1667,0.0,0.0,0.0,,0.0,-0.0,-0.0,0.0,,0.0,0.0,,,803.0,1652.0,1705.0,1915.0,,2853.0,4095.0,,
BTCUSD,b0c8c373-b2f6-4c47-bbb5-d20aab2a8e1e,2026-08-17 06:40:39.275445,2026-08-17 06:20:39.275445,in_scope,63526.87,1M,64400.0,62735.0,long,0.65,Bullish,Direccional,resolved,validation,1.0,2026-08-17 12:17:00,1M,5.9391,dentro,False,,0,2A,True,,1D=0.2 2H=0.2 1H=0.2 30M=0.2 5M=0.2,0.0,0.0,0.0,,,-0.0,,,0.0,0.0,0.0,,0.0,,1652.0,,,2223.0,2853.0,4095.0,,16542.0
BTCUSD,b0c8c373-b2f6-4c47-bbb5-d20aab2a8e1e,2026-08-17 06:40:39.275445,2026-08-17 06:20:39.275445,in_scope,63526.87,1M,64400.0,62735.0,long,0.65,Bullish,Direccional,resolved,validation,1.0,2026-08-17 12:17:00,1M,5.9391,dentro,False,,0,2B,True,,1D=0.1 2H=0.25 1H=0.25 30M=0.2 5M=0.2,0.0,0.0,0.0,,,-0.0,,,0.0,0.0,0.0,,0.0,,1652.0,,,2223.0,2853.0,4095.0,,16542.0
BTCUSD,b0c8c373-b2f6-4c47-bbb5-d20aab2a8e1e,2026-08-17 06:40:39.275445,2026-08-17 06:20:39.275445,in_scope,63526.87,1M,64400.0,62735.0,long,0.65,Bullish,Direccional,resolved,validation,1.0,2026-08-17 12:17:00,1M,5.9391,dentro,False,,0,2C,True,,1D=0.2 2H=0.2 1H=0.2 30M=0.3 5M=0.1,0.0,0.0,0.0,,,-0.0,,,0.0,0.0,0.0,,0.0,,1652.0,,,2223.0,2853.0,4095.0,,16542.0
BTCUSD,b0c8c373-b2f6-4c47-bbb5-d20aab2a8e1e,2026-08-17 06:40:39.275445,2026-08-17 06:20:39.275445,in_scope,63526.87,1M,64400.0,62735.0,long,0.65,Bullish,Direccional,resolved,validation,1.0,2026-08-17 12:17:00,1M,5.9391,dentro,False,,0,2D,True,,1D=0.15 2H=0.3 1H=0.25 30M=0.2 5M=0.1,0.0,0.0,0.0,,,-0.0,,,0.0,0.0,0.0,,0.0,,1652.0,,,2223.0,2853.0,4095.0,,16542.0
BTCUSD,b0c8c373-b2f6-4c47-bbb5-d20aab2a8e1e,2026-08-17 06:40:39.275445,2026-08-17 06:20:39.275445,in_scope,63526.87,1M,64400.0,62735.0,long,0.65,Bullish,Direccional,resolved,validation,1.0,2026-08-17 12:17:00,1M,5.9391,dentro,False,,0,2E,True,,1D=0.1 2H=0.25 1H=0.3 30M=0.25 5M=0.1,0.0,0.0,0.0,,,-0.0,,,0.0,0.0,0.0,,0.0,,1652.0,,,2223.0,2853.0,4095.0,,16542.0
BTCUSD,b0c8c373-b2f6-4c47-bbb5-d20aab2a8e1e,2026-08-17 06:40:39.275445,2026-08-17 06:20:39.275445,in_scope,63526.87,1M,64400.0,62735.0,long,0.65,Bullish,Direccional,resolved,validation,1.0,2026-08-17 12:17:00,1M,5.9391,dentro,False,,0,P2-DISC,True,,,0.0,,0.0,,,,,,,,,,,,,,,,,,,
BTCUSD,b0c8c373-b2f6-4c47-bbb5-d20aab2a8e1e,2026-08-17 06:40:39.275445,2026-08-17 06:20:39.275445,in_scope,63526.87,1M,64400.0,62735.0,long,0.65,Bullish,Direccional,resolved,validation,1.0,2026-08-17 12:17:00,1M,5.9391,dentro,False,,0,2F,True,,1D=0.05 2H=0.5 1H=0.2 30M=0 5M=0.25,,,0.0,,,-0.0,,,0.0,0.0,0.0,,0.0,,,,,,,,,
BTCUSD,b0c8c373-b2f6-4c47-bbb5-d20aab2a8e1e,2026-08-17 06:40:39.275445,2026-08-17 06:20:39.275445,in_scope,63526.87,1M,64400.0,62735.0,long,0.65,Bullish,Direccional,resolved,validation,1.0,2026-08-17 12:17:00,1M,5.9391,dentro,False,,0,2F-LOO,True,,1D=0 2H=0.5 1H=0 30M=0.25 5M=0.25,,,0.0,,,-0.0,,,0.0,0.0,0.0,,0.0,,,,,,,,,
BTCUSD,ecf1153a-f65b-4a0c-ab90-4825e164056e,2026-08-18 07:05:44.548097,2026-08-18 06:45:44.548097,in_scope,64181.39,1M,65200.0,63267.0,long,0.5,Bullish,Direccional,resolved,validation,1.0,2026-08-19 08:06:00,1M,25.3376,dentro,True,57c1dd0c-badf-4932-8667-cfac798f092f,0,A,True,,1W=0.3 1D=0.25 12H=0.2 4H=0.15 1H=0.1,-0.19999999999999998,0.0,0.0,,-1.0,0.0,0.0,0.0,,1.0,,,,803.0,1653.0,1707.0,1921.0,,2877.0,,,
BTCUSD,ecf1153a-f65b-4a0c-ab90-4825e164056e,2026-08-18 07:05:44.548097,2026-08-18 06:45:44.548097,in_scope,64181.39,1M,65200.0,63267.0,long,0.5,Bullish,Direccional,resolved,validation,1.0,2026-08-19 08:06:00,1M,25.3376,dentro,True,57c1dd0c-badf-4932-8667-cfac798f092f,0,B,True,,1W=0.15 1D=0.2 12H=0.3 4H=0.2 1H=0.15,0.0,0.0,0.0,,0.0,0.0,0.0,0.0,,0.0,,,,803.0,1653.0,1707.0,1921.0,,2877.0,,,
BTCUSD,ecf1153a-f65b-4a0c-ab90-4825e164056e,2026-08-18 07:05:44.548097,2026-08-18 06:45:44.548097,in_scope,64181.39,1M,65200.0,63267.0,long,0.5,Bullish,Direccional,resolved,validation,1.0,2026-08-19 08:06:00,1M,25.3376,dentro,True,57c1dd0c-badf-4932-8667-cfac798f092f,0,C,True,,1W=0.15 1D=0.2 12H=0.3 4H=0.2 1H=0.15,0.0,0.0,0.0,,0.0,0.0,0.0,0.0,,0.0,,,,803.0,1653.0,1707.0,1921.0,,2877.0,,,
BTCUSD,ecf1153a-f65b-4a0c-ab90-4825e164056e,2026-08-18 07:05:44.548097,2026-08-18 06:45:44.548097,in_scope,64181.39,1M,65200.0,63267.0,long,0.5,Bullish,Direccional,resolved,validation,1.0,2026-08-19 08:06:00,1M,25.3376,dentro,True,57c1dd0c-badf-4932-8667-cfac798f092f,0,D,True,,1W=0.08 1D=0.12 12H=0.17 4H=0.22 1H=0.26 30M=0.15,0.0,0.0,0.0,,0.0,0.0,0.0,0.0,,0.0,0.0,,,803.0,1653.0,1707.0,1921.0,,2877.0,4144.0,,
BTCUSD,ecf1153a-f65b-4a0c-ab90-4825e164056e,2026-08-18 07:05:44.548097,2026-08-18 06:45:44.548097,in_scope,64181.39,1M,65200.0,63267.0,long,0.5,Bullish,Direccional,resolved,validation,1.0,2026-08-19 08:06:00,1M,25.3376,dentro,True,57c1dd0c-badf-4932-8667-cfac798f092f,0,E,True,,1W=0.07 1D=0.1 12H=0.14 4H=0.19 1H=0.24 30M=0.16 15M=0.1,0.0,0.0,0.0,,0.0,0.0,0.0,0.0,,0.0,0.0,0.0,,803.0,1653.0,1707.0,1921.0,,2877.0,4144.0,6681.0,
BTCUSD,ecf1153a-f65b-4a0c-ab90-4825e164056e,2026-08-18 07:05:44.548097,2026-08-18 06:45:44.548097,in_scope,64181.39,1M,65200.0,63267.0,long,0.5,Bullish,Direccional,resolved,validation,1.0,2026-08-19 08:06:00,1M,25.3376,dentro,True,57c1dd0c-badf-4932-8667-cfac798f092f,0,F,True,,1W=0.09412 1D=0.1412 12H=0.2 4H=0.2588 1H=0.3059,0.0,0.0,0.0,,0.0,0.0,0.0,0.0,,0.0,,,,803.0,1653.0,1707.0,1921.0,,2877.0,,,
BTCUSD,ecf1153a-f65b-4a0c-ab90-4825e164056e,2026-08-18 07:05:44.548097,2026-08-18 06:45:44.548097,in_scope,64181.39,1M,65200.0,63267.0,long,0.5,Bullish,Direccional,resolved,validation,1.0,2026-08-19 08:06:00,1M,25.3376,dentro,True,57c1dd0c-badf-4932-8667-cfac798f092f,0,G,True,,1W=0.1 1D=0.1 12H=0.1 4H=0.1 1H=0.2 30M=0.2 15M=0.2,0.0,0.0,0.0,,0.0,0.0,0.0,0.0,,0.0,0.0,0.0,,803.0,1653.0,1707.0,1921.0,,2877.0,4144.0,6681.0,
BTCUSD,ecf1153a-f65b-4a0c-ab90-4825e164056e,2026-08-18 07:05:44.548097,2026-08-18 06:45:44.548097,in_scope,64181.39,1M,65200.0,63267.0,long,0.5,Bullish,Direccional,resolved,validation,1.0,2026-08-19 08:06:00,1M,25.3376,dentro,True,57c1dd0c-badf-4932-8667-cfac798f092f,0,D-EQ,True,,1W=0.1667 1D=0.1667 12H=0.1667 4H=0.1667 1H=0.1667 30M=0.1667,0.0,0.0,0.0,,0.0,0.0,0.0,0.0,,0.0,0.0,,,803.0,1653.0,1707.0,1921.0,,2877.0,4144.0,,
BTCUSD,ecf1153a-f65b-4a0c-ab90-4825e164056e,2026-08-18 07:05:44.548097,2026-08-18 06:45:44.548097,in_scope,64181.39,1M,65200.0,63267.0,long,0.5,Bullish,Direccional,resolved,validation,1.0,2026-08-19 08:06:00,1M,25.3376,dentro,True,57c1dd0c-badf-4932-8667-cfac798f092f,0,2A,True,,1D=0.2 2H=0.2 1H=0.2 30M=0.2 5M=0.2,0.0,0.0,0.0,,,0.0,,,0.0,0.0,0.0,,0.0,,1653.0,,,2235.0,2877.0,4144.0,,16835.0
BTCUSD,ecf1153a-f65b-4a0c-ab90-4825e164056e,2026-08-18 07:05:44.548097,2026-08-18 06:45:44.548097,in_scope,64181.39,1M,65200.0,63267.0,long,0.5,Bullish,Direccional,resolved,validation,1.0,2026-08-19 08:06:00,1M,25.3376,dentro,True,57c1dd0c-badf-4932-8667-cfac798f092f,0,2B,True,,1D=0.1 2H=0.25 1H=0.25 30M=0.2 5M=0.2,0.0,0.0,0.0,,,0.0,,,0.0,0.0,0.0,,0.0,,1653.0,,,2235.0,2877.0,4144.0,,16835.0
BTCUSD,ecf1153a-f65b-4a0c-ab90-4825e164056e,2026-08-18 07:05:44.548097,2026-08-18 06:45:44.548097,in_scope,64181.39,1M,65200.0,63267.0,long,0.5,Bullish,Direccional,resolved,validation,1.0,2026-08-19 08:06:00,1M,25.3376,dentro,True,57c1dd0c-badf-4932-8667-cfac798f092f,0,2C,True,,1D=0.2 2H=0.2 1H=0.2 30M=0.3 5M=0.1,0.0,0.0,0.0,,,0.0,,,0.0,0.0,0.0,,0.0,,1653.0,,,2235.0,2877.0,4144.0,,16835.0
BTCUSD,ecf1153a-f65b-4a0c-ab90-4825e164056e,2026-08-18 07:05:44.548097,2026-08-18 06:45:44.548097,in_scope,64181.39,1M,65200.0,63267.0,long,0.5,Bullish,Direccional,resolved,validation,1.0,2026-08-19 08:06:00,1M,25.3376,dentro,True,57c1dd0c-badf-4932-8667-cfac798f092f,0,2D,True,,1D=0.15 2H=0.3 1H=0.25 30M=0.2 5M=0.1,0.0,0.0,0.0,,,0.0,,,0.0,0.0,0.0,,0.0,,1653.0,,,2235.0,2877.0,4144.0,,16835.0
BTCUSD,ecf1153a-f65b-4a0c-ab90-4825e164056e,2026-08-18 07:05:44.548097,2026-08-18 06:45:44.548097,in_scope,64181.39,1M,65200.0,63267.0,long,0.5,Bullish,Direccional,resolved,validation,1.0,2026-08-19 08:06:00,1M,25.3376,dentro,True,57c1dd0c-badf-4932-8667-cfac798f092f,0,2E,True,,1D=0.1 2H=0.25 1H=0.3 30M=0.25 5M=0.1,0.0,0.0,0.0,,,0.0,,,0.0,0.0,0.0,,0.0,,1653.0,,,2235.0,2877.0,4144.0,,16835.0
BTCUSD,ecf1153a-f65b-4a0c-ab90-4825e164056e,2026-08-18 07:05:44.548097,2026-08-18 06:45:44.548097,in_scope,64181.39,1M,65200.0,63267.0,long,0.5,Bullish,Direccional,resolved,validation,1.0,2026-08-19 08:06:00,1M,25.3376,dentro,True,57c1dd0c-badf-4932-8667-cfac798f092f,0,P2-DISC,True,,,0.0,,0.0,,,,,,,,,,,,,,,,,,,
BTCUSD,ecf1153a-f65b-4a0c-ab90-4825e164056e,2026-08-18 07:05:44.548097,2026-08-18 06:45:44.548097,in_scope,64181.39,1M,65200.0,63267.0,long,0.5,Bullish,Direccional,resolved,validation,1.0,2026-08-19 08:06:00,1M,25.3376,dentro,True,57c1dd0c-badf-4932-8667-cfac798f092f,0,2F,True,,1D=0.05 2H=0.5 1H=0.2 30M=0 5M=0.25,,,0.0,,,0.0,,,0.0,0.0,0.0,,0.0,,,,,,,,,
BTCUSD,ecf1153a-f65b-4a0c-ab90-4825e164056e,2026-08-18 07:05:44.548097,2026-08-18 06:45:44.548097,in_scope,64181.39,1M,65200.0,63267.0,long,0.5,Bullish,Direccional,resolved,validation,1.0,2026-08-19 08:06:00,1M,25.3376,dentro,True,57c1dd0c-badf-4932-8667-cfac798f092f,0,2F-LOO,True,,1D=0 2H=0.5 1H=0 30M=0.25 5M=0.25,,,0.0,,,0.0,,,0.0,0.0,0.0,,0.0,,,,,,,,,
BTCUSD,57c1dd0c-badf-4932-8667-cfac798f092f,2026-08-19 06:46:50.708695,2026-08-19 06:26:50.708695,in_scope,64427.75,1M,65400.0,64015.0,long,0.4,Bullish,Direccional,resolved,validation,1.0,2026-08-19 08:17:00,1M,1.8359,dentro,False,,1,A,True,,1W=0.3 1D=0.25 12H=0.2 4H=0.15 1H=0.1,-0.09999999999999999,0.0,0.0,,-1.0,0.0,0.0,1.0,,0.5,,,,803.0,1654.0,1709.0,1927.0,,2901.0,,,
BTCUSD,57c1dd0c-badf-4932-8667-cfac798f092f,2026-08-19 06:46:50.708695,2026-08-19 06:26:50.708695,in_scope,64427.75,1M,65400.0,64015.0,long,0.4,Bullish,Direccional,resolved,validation,1.0,2026-08-19 08:17:00,1M,1.8359,dentro,False,,1,B,True,,1W=0.15 1D=0.2 12H=0.3 4H=0.2 1H=0.15,0.075,0.0,0.0,,0.0,0.0,0.0,0.0,,0.5,,,,803.0,1654.0,1709.0,1927.0,,2901.0,,,
BTCUSD,57c1dd0c-badf-4932-8667-cfac798f092f,2026-08-19 06:46:50.708695,2026-08-19 06:26:50.708695,in_scope,64427.75,1M,65400.0,64015.0,long,0.4,Bullish,Direccional,resolved,validation,1.0,2026-08-19 08:17:00,1M,1.8359,dentro,False,,1,C,True,,1W=0.15 1D=0.2 12H=0.3 4H=0.2 1H=0.15,0.075,0.0,0.0,,0.0,0.0,0.0,0.0,,0.5,,,,803.0,1654.0,1709.0,1927.0,,2901.0,,,
BTCUSD,57c1dd0c-badf-4932-8667-cfac798f092f,2026-08-19 06:46:50.708695,2026-08-19 06:26:50.708695,in_scope,64427.75,1M,65400.0,64015.0,long,0.4,Bullish,Direccional,resolved,validation,1.0,2026-08-19 08:17:00,1M,1.8359,dentro,False,,1,D,True,,1W=0.08 1D=0.12 12H=0.17 4H=0.22 1H=0.26 30M=0.15,0.13,0.0,0.0,,0.0,0.0,0.0,0.0,,0.5,0.0,,,803.0,1654.0,1709.0,1927.0,,2901.0,4191.0,,
BTCUSD,57c1dd0c-badf-4932-8667-cfac798f092f,2026-08-19 06:46:50.708695,2026-08-19 06:26:50.708695,in_scope,64427.75,1M,65400.0,64015.0,long,0.4,Bullish,Direccional,resolved,validation,1.0,2026-08-19 08:17:00,1M,1.8359,dentro,False,,1,E,True,,1W=0.07 1D=0.1 12H=0.14 4H=0.19 1H=0.24 30M=0.16 15M=0.1,0.16999999999999998,0.0,0.0,,0.0,0.0,0.0,0.0,,0.5,0.0,0.5,,803.0,1654.0,1709.0,1927.0,,2901.0,4191.0,6775.0,
BTCUSD,57c1dd0c-badf-4932-8667-cfac798f092f,2026-08-19 06:46:50.708695,2026-08-19 06:26:50.708695,in_scope,64427.75,1M,65400.0,64015.0,long,0.4,Bullish,Direccional,resolved,validation,1.0,2026-08-19 08:17:00,1M,1.8359,dentro,False,,1,F,True,,1W=0.09412 1D=0.1412 12H=0.2 4H=0.2588 1H=0.3059,0.15294117647058825,0.0,0.0,,0.0,0.0,0.0,0.0,,0.5,,,,803.0,1654.0,1709.0,1927.0,,2901.0,,,
BTCUSD,57c1dd0c-badf-4932-8667-cfac798f092f,2026-08-19 06:46:50.708695,2026-08-19 06:26:50.708695,in_scope,64427.75,1M,65400.0,64015.0,long,0.4,Bullish,Direccional,resolved,validation,1.0,2026-08-19 08:17:00,1M,1.8359,dentro,False,,1,G,True,,1W=0.1 1D=0.1 12H=0.1 4H=0.1 1H=0.2 30M=0.2 15M=0.2,0.2,0.0,0.0,,0.0,0.0,0.0,0.0,,0.5,0.0,0.5,,803.0,1654.0,1709.0,1927.0,,2901.0,4191.0,6775.0,
BTCUSD,57c1dd0c-badf-4932-8667-cfac798f092f,2026-08-19 06:46:50.708695,2026-08-19 06:26:50.708695,in_scope,64427.75,1M,65400.0,64015.0,long,0.4,Bullish,Direccional,resolved,validation,1.0,2026-08-19 08:17:00,1M,1.8359,dentro,False,,1,D-EQ,True,,1W=0.1667 1D=0.1667 12H=0.1667 4H=0.1667 1H=0.1667 30M=0.1667,0.08333333333333333,0.0,0.0,,0.0,0.0,0.0,0.0,,0.5,0.0,,,803.0,1654.0,1709.0,1927.0,,2901.0,4191.0,,
BTCUSD,57c1dd0c-badf-4932-8667-cfac798f092f,2026-08-19 06:46:50.708695,2026-08-19 06:26:50.708695,in_scope,64427.75,1M,65400.0,64015.0,long,0.4,Bullish,Direccional,resolved,validation,1.0,2026-08-19 08:17:00,1M,1.8359,dentro,False,,1,2A,True,,1D=0.2 2H=0.2 1H=0.2 30M=0.2 5M=0.2,0.1,0.0,0.0,,,0.0,,,0.0,0.5,0.0,,0.0,,1654.0,,,2247.0,2901.0,4191.0,,17119.0
BTCUSD,57c1dd0c-badf-4932-8667-cfac798f092f,2026-08-19 06:46:50.708695,2026-08-19 06:26:50.708695,in_scope,64427.75,1M,65400.0,64015.0,long,0.4,Bullish,Direccional,resolved,validation,1.0,2026-08-19 08:17:00,1M,1.8359,dentro,False,,1,2B,True,,1D=0.1 2H=0.25 1H=0.25 30M=0.2 5M=0.2,0.125,0.0,0.0,,,0.0,,,0.0,0.5,0.0,,0.0,,1654.0,,,2247.0,2901.0,4191.0,,17119.0
BTCUSD,57c1dd0c-badf-4932-8667-cfac798f092f,2026-08-19 06:46:50.708695,2026-08-19 06:26:50.708695,in_scope,64427.75,1M,65400.0,64015.0,long,0.4,Bullish,Direccional,resolved,validation,1.0,2026-08-19 08:17:00,1M,1.8359,dentro,False,,1,2C,True,,1D=0.2 2H=0.2 1H=0.2 30M=0.3 5M=0.1,0.1,0.0,0.0,,,0.0,,,0.0,0.5,0.0,,0.0,,1654.0,,,2247.0,2901.0,4191.0,,17119.0
BTCUSD,57c1dd0c-badf-4932-8667-cfac798f092f,2026-08-19 06:46:50.708695,2026-08-19 06:26:50.708695,in_scope,64427.75,1M,65400.0,64015.0,long,0.4,Bullish,Direccional,resolved,validation,1.0,2026-08-19 08:17:00,1M,1.8359,dentro,False,,1,2D,True,,1D=0.15 2H=0.3 1H=0.25 30M=0.2 5M=0.1,0.125,0.0,0.0,,,0.0,,,0.0,0.5,0.0,,0.0,,1654.0,,,2247.0,2901.0,4191.0,,17119.0
BTCUSD,57c1dd0c-badf-4932-8667-cfac798f092f,2026-08-19 06:46:50.708695,2026-08-19 06:26:50.708695,in_scope,64427.75,1M,65400.0,64015.0,long,0.4,Bullish,Direccional,resolved,validation,1.0,2026-08-19 08:17:00,1M,1.8359,dentro,False,,1,2E,True,,1D=0.1 2H=0.25 1H=0.3 30M=0.25 5M=0.1,0.15,0.0,0.0,,,0.0,,,0.0,0.5,0.0,,0.0,,1654.0,,,2247.0,2901.0,4191.0,,17119.0
BTCUSD,57c1dd0c-badf-4932-8667-cfac798f092f,2026-08-19 06:46:50.708695,2026-08-19 06:26:50.708695,in_scope,64427.75,1M,65400.0,64015.0,long,0.4,Bullish,Direccional,resolved,validation,1.0,2026-08-19 08:17:00,1M,1.8359,dentro,False,,1,P2-DISC,True,,,1.0,,1.0,1.0,,,,,,,,,,,,,,,,,,
BTCUSD,57c1dd0c-badf-4932-8667-cfac798f092f,2026-08-19 06:46:50.708695,2026-08-19 06:26:50.708695,in_scope,64427.75,1M,65400.0,64015.0,long,0.4,Bullish,Direccional,resolved,validation,1.0,2026-08-19 08:17:00,1M,1.8359,dentro,False,,1,2F,True,,1D=0.05 2H=0.5 1H=0.2 30M=0 5M=0.25,,,0.0,,,0.0,,,0.0,0.5,0.0,,0.0,,,,,,,,,
BTCUSD,57c1dd0c-badf-4932-8667-cfac798f092f,2026-08-19 06:46:50.708695,2026-08-19 06:26:50.708695,in_scope,64427.75,1M,65400.0,64015.0,long,0.4,Bullish,Direccional,resolved,validation,1.0,2026-08-19 08:17:00,1M,1.8359,dentro,False,,1,2F-LOO,True,,1D=0 2H=0.5 1H=0 30M=0.25 5M=0.25,,,0.0,,,0.0,,,0.0,0.5,0.0,,0.0,,,,,,,,,
BTCUSD,75948a09-823c-4813-bf54-b48bbdbfefe9,2026-08-20 06:47:07.036847,2026-08-20 06:27:07.036847,in_scope,71763.64,1M,73200.0,69000.0,long,0.375,Bullish,Direccional,resolved,validation,1.0,2026-08-20 17:25:00,1M,10.9647,dentro,False,,1,A,True,,1W=0.3 1D=0.25 12H=0.2 4H=0.15 1H=0.1,-0.04999999999999999,0.0,0.0,,-1.0,0.0,0.0,1.0,,1.0,,,,803.0,1655.0,1711.0,1933.0,,2925.0,,,
BTCUSD,75948a09-823c-4813-bf54-b48bbdbfefe9,2026-08-20 06:47:07.036847,2026-08-20 06:27:07.036847,in_scope,71763.64,1M,73200.0,69000.0,long,0.375,Bullish,Direccional,resolved,validation,1.0,2026-08-20 17:25:00,1M,10.9647,dentro,False,,1,B,True,,1W=0.15 1D=0.2 12H=0.3 4H=0.2 1H=0.15,0.35,1.0,1.0,1.0,0.0,0.0,0.0,1.0,,1.0,,,,803.0,1655.0,1711.0,1933.0,,2925.0,,,
BTCUSD,75948a09-823c-4813-bf54-b48bbdbfefe9,2026-08-20 06:47:07.036847,2026-08-20 06:27:07.036847,in_scope,71763.64,1M,73200.0,69000.0,long,0.375,Bullish,Direccional,resolved,validation,1.0,2026-08-20 17:25:00,1M,10.9647,dentro,False,,1,C,True,,1W=0.15 1D=0.2 12H=0.3 4H=0.2 1H=0.15,0.35,1.0,1.0,1.0,0.0,0.0,0.0,1.0,,1.0,,,,803.0,1655.0,1711.0,1933.0,,2925.0,,,
BTCUSD,75948a09-823c-4813-bf54-b48bbdbfefe9,2026-08-20 06:47:07.036847,2026-08-20 06:27:07.036847,in_scope,71763.64,1M,73200.0,69000.0,long,0.375,Bullish,Direccional,resolved,validation,1.0,2026-08-20 17:25:00,1M,10.9647,dentro,False,,1,D,True,,1W=0.08 1D=0.12 12H=0.17 4H=0.22 1H=0.26 30M=0.15,0.63,1.0,1.0,1.0,0.0,0.0,0.0,1.0,,1.0,1.0,,,803.0,1655.0,1711.0,1933.0,,2925.0,4239.0,,
BTCUSD,75948a09-823c-4813-bf54-b48bbdbfefe9,2026-08-20 06:47:07.036847,2026-08-20 06:27:07.036847,in_scope,71763.64,1M,73200.0,69000.0,long,0.375,Bullish,Direccional,resolved,validation,1.0,2026-08-20 17:25:00,1M,10.9647,dentro,False,,1,E,True,,1W=0.07 1D=0.1 12H=0.14 4H=0.19 1H=0.24 30M=0.16 15M=0.1,0.69,1.0,1.0,1.0,0.0,0.0,0.0,1.0,,1.0,1.0,1.0,,803.0,1655.0,1711.0,1933.0,,2925.0,4239.0,6871.0,
BTCUSD,75948a09-823c-4813-bf54-b48bbdbfefe9,2026-08-20 06:47:07.036847,2026-08-20 06:27:07.036847,in_scope,71763.64,1M,73200.0,69000.0,long,0.375,Bullish,Direccional,resolved,validation,1.0,2026-08-20 17:25:00,1M,10.9647,dentro,False,,1,F,True,,1W=0.09412 1D=0.1412 12H=0.2 4H=0.2588 1H=0.3059,0.5647058823529412,1.0,1.0,1.0,0.0,0.0,0.0,1.0,,1.0,,,,803.0,1655.0,1711.0,1933.0,,2925.0,,,
BTCUSD,75948a09-823c-4813-bf54-b48bbdbfefe9,2026-08-20 06:47:07.036847,2026-08-20 06:27:07.036847,in_scope,71763.64,1M,73200.0,69000.0,long,0.375,Bullish,Direccional,resolved,validation,1.0,2026-08-20 17:25:00,1M,10.9647,dentro,False,,1,G,True,,1W=0.1 1D=0.1 12H=0.1 4H=0.1 1H=0.2 30M=0.2 15M=0.2,0.7,1.0,1.0,1.0,0.0,0.0,0.0,1.0,,1.0,1.0,1.0,,803.0,1655.0,1711.0,1933.0,,2925.0,4239.0,6871.0,
BTCUSD,75948a09-823c-4813-bf54-b48bbdbfefe9,2026-08-20 06:47:07.036847,2026-08-20 06:27:07.036847,in_scope,71763.64,1M,73200.0,69000.0,long,0.375,Bullish,Direccional,resolved,validation,1.0,2026-08-20 17:25:00,1M,10.9647,dentro,False,,1,D-EQ,True,,1W=0.1667 1D=0.1667 12H=0.1667 4H=0.1667 1H=0.1667 30M=0.1667,0.5,1.0,1.0,1.0,0.0,0.0,0.0,1.0,,1.0,1.0,,,803.0,1655.0,1711.0,1933.0,,2925.0,4239.0,,
BTCUSD,75948a09-823c-4813-bf54-b48bbdbfefe9,2026-08-20 06:47:07.036847,2026-08-20 06:27:07.036847,in_scope,71763.64,1M,73200.0,69000.0,long,0.375,Bullish,Direccional,resolved,validation,1.0,2026-08-20 17:25:00,1M,10.9647,dentro,False,,1,2A,True,,1D=0.2 2H=0.2 1H=0.2 30M=0.2 5M=0.2,0.6000000000000001,1.0,1.0,1.0,,0.0,,,1.0,1.0,1.0,,0.0,,1655.0,,,2259.0,2925.0,4239.0,,17407.0
BTCUSD,75948a09-823c-4813-bf54-b48bbdbfefe9,2026-08-20 06:47:07.036847,2026-08-20 06:27:07.036847,in_scope,71763.64,1M,73200.0,69000.0,long,0.375,Bullish,Direccional,resolved,validation,1.0,2026-08-20 17:25:00,1M,10.9647,dentro,False,,1,2B,True,,1D=0.1 2H=0.25 1H=0.25 30M=0.2 5M=0.2,0.7,1.0,1.0,1.0,,0.0,,,1.0,1.0,1.0,,0.0,,1655.0,,,2259.0,2925.0,4239.0,,17407.0
BTCUSD,75948a09-823c-4813-bf54-b48bbdbfefe9,2026-08-20 06:47:07.036847,2026-08-20 06:27:07.036847,in_scope,71763.64,1M,73200.0,69000.0,long,0.375,Bullish,Direccional,resolved,validation,1.0,2026-08-20 17:25:00,1M,10.9647,dentro,False,,1,2C,True,,1D=0.2 2H=0.2 1H=0.2 30M=0.3 5M=0.1,0.7,1.0,1.0,1.0,,0.0,,,1.0,1.0,1.0,,0.0,,1655.0,,,2259.0,2925.0,4239.0,,17407.0
BTCUSD,75948a09-823c-4813-bf54-b48bbdbfefe9,2026-08-20 06:47:07.036847,2026-08-20 06:27:07.036847,in_scope,71763.64,1M,73200.0,69000.0,long,0.375,Bullish,Direccional,resolved,validation,1.0,2026-08-20 17:25:00,1M,10.9647,dentro,False,,1,2D,True,,1D=0.15 2H=0.3 1H=0.25 30M=0.2 5M=0.1,0.75,2.0,1.0,1.0,,0.0,,,1.0,1.0,1.0,,0.0,,1655.0,,,2259.0,2925.0,4239.0,,17407.0
BTCUSD,75948a09-823c-4813-bf54-b48bbdbfefe9,2026-08-20 06:47:07.036847,2026-08-20 06:27:07.036847,in_scope,71763.64,1M,73200.0,69000.0,long,0.375,Bullish,Direccional,resolved,validation,1.0,2026-08-20 17:25:00,1M,10.9647,dentro,False,,1,2E,True,,1D=0.1 2H=0.25 1H=0.3 30M=0.25 5M=0.1,0.8,2.0,1.0,1.0,,0.0,,,1.0,1.0,1.0,,0.0,,1655.0,,,2259.0,2925.0,4239.0,,17407.0
BTCUSD,75948a09-823c-4813-bf54-b48bbdbfefe9,2026-08-20 06:47:07.036847,2026-08-20 06:27:07.036847,in_scope,71763.64,1M,73200.0,69000.0,long,0.375,Bullish,Direccional,resolved,validation,1.0,2026-08-20 17:25:00,1M,10.9647,dentro,False,,1,P2-DISC,True,,,1.0,,1.0,1.0,,,,,,,,,,,,,,,,,,
BTCUSD,75948a09-823c-4813-bf54-b48bbdbfefe9,2026-08-20 06:47:07.036847,2026-08-20 06:27:07.036847,in_scope,71763.64,1M,73200.0,69000.0,long,0.375,Bullish,Direccional,resolved,validation,1.0,2026-08-20 17:25:00,1M,10.9647,dentro,False,,1,2F,True,,1D=0.05 2H=0.5 1H=0.2 30M=0 5M=0.25,,,1.0,1.0,,0.0,,,1.0,1.0,1.0,,0.0,,,,,,,,,
BTCUSD,75948a09-823c-4813-bf54-b48bbdbfefe9,2026-08-20 06:47:07.036847,2026-08-20 06:27:07.036847,in_scope,71763.64,1M,73200.0,69000.0,long,0.375,Bullish,Direccional,resolved,validation,1.0,2026-08-20 17:25:00,1M,10.9647,dentro,False,,1,2F-LOO,True,,1D=0 2H=0.5 1H=0 30M=0.25 5M=0.25,,,1.0,1.0,,0.0,,,1.0,1.0,1.0,,0.0,,,,,,,,,
BTCUSD,ca68a1ea-4f30-4d82-9a23-abb7de275e03,2026-08-20 18:51:44.925264,2026-08-20 18:31:44.925264,in_scope,73730.39,1M,75000.0,72319.0,long,0.475,Bullish,Direccional,resolved,validation,1.0,2026-08-20 19:33:00,1M,1.0209,dentro,False,,2,A,True,,1W=0.3 1D=0.25 12H=0.2 4H=0.15 1H=0.1,-0.04999999999999999,0.0,0.0,,-1.0,0.0,0.0,1.0,,1.0,,,,803.0,1656.0,1712.0,1936.0,,2937.0,,,
BTCUSD,ca68a1ea-4f30-4d82-9a23-abb7de275e03,2026-08-20 18:51:44.925264,2026-08-20 18:31:44.925264,in_scope,73730.39,1M,75000.0,72319.0,long,0.475,Bullish,Direccional,resolved,validation,1.0,2026-08-20 19:33:00,1M,1.0209,dentro,False,,2,B,True,,1W=0.15 1D=0.2 12H=0.3 4H=0.2 1H=0.15,0.35,1.0,1.0,1.0,0.0,0.0,0.0,1.0,,1.0,,,,803.0,1656.0,1712.0,1936.0,,2937.0,,,
BTCUSD,ca68a1ea-4f30-4d82-9a23-abb7de275e03,2026-08-20 18:51:44.925264,2026-08-20 18:31:44.925264,in_scope,73730.39,1M,75000.0,72319.0,long,0.475,Bullish,Direccional,resolved,validation,1.0,2026-08-20 19:33:00,1M,1.0209,dentro,False,,2,C,True,,1W=0.15 1D=0.2 12H=0.3 4H=0.2 1H=0.15,0.35,1.0,1.0,1.0,0.0,0.0,0.0,1.0,,1.0,,,,803.0,1656.0,1712.0,1936.0,,2937.0,,,
BTCUSD,ca68a1ea-4f30-4d82-9a23-abb7de275e03,2026-08-20 18:51:44.925264,2026-08-20 18:31:44.925264,in_scope,73730.39,1M,75000.0,72319.0,long,0.475,Bullish,Direccional,resolved,validation,1.0,2026-08-20 19:33:00,1M,1.0209,dentro,False,,2,D,True,,1W=0.08 1D=0.12 12H=0.17 4H=0.22 1H=0.26 30M=0.15,0.63,1.0,1.0,1.0,0.0,0.0,0.0,1.0,,1.0,1.0,,,803.0,1656.0,1712.0,1936.0,,2937.0,4264.0,,
BTCUSD,ca68a1ea-4f30-4d82-9a23-abb7de275e03,2026-08-20 18:51:44.925264,2026-08-20 18:31:44.925264,in_scope,73730.39,1M,75000.0,72319.0,long,0.475,Bullish,Direccional,resolved,validation,1.0,2026-08-20 19:33:00,1M,1.0209,dentro,False,,2,E,True,,1W=0.07 1D=0.1 12H=0.14 4H=0.19 1H=0.24 30M=0.16 15M=0.1,0.69,1.0,1.0,1.0,0.0,0.0,0.0,1.0,,1.0,1.0,1.0,,803.0,1656.0,1712.0,1936.0,,2937.0,4264.0,6920.0,
BTCUSD,ca68a1ea-4f30-4d82-9a23-abb7de275e03,2026-08-20 18:51:44.925264,2026-08-20 18:31:44.925264,in_scope,73730.39,1M,75000.0,72319.0,long,0.475,Bullish,Direccional,resolved,validation,1.0,2026-08-20 19:33:00,1M,1.0209,dentro,False,,2,F,True,,1W=0.09412 1D=0.1412 12H=0.2 4H=0.2588 1H=0.3059,0.5647058823529412,1.0,1.0,1.0,0.0,0.0,0.0,1.0,,1.0,,,,803.0,1656.0,1712.0,1936.0,,2937.0,,,
BTCUSD,ca68a1ea-4f30-4d82-9a23-abb7de275e03,2026-08-20 18:51:44.925264,2026-08-20 18:31:44.925264,in_scope,73730.39,1M,75000.0,72319.0,long,0.475,Bullish,Direccional,resolved,validation,1.0,2026-08-20 19:33:00,1M,1.0209,dentro,False,,2,G,True,,1W=0.1 1D=0.1 12H=0.1 4H=0.1 1H=0.2 30M=0.2 15M=0.2,0.7,1.0,1.0,1.0,0.0,0.0,0.0,1.0,,1.0,1.0,1.0,,803.0,1656.0,1712.0,1936.0,,2937.0,4264.0,6920.0,
BTCUSD,ca68a1ea-4f30-4d82-9a23-abb7de275e03,2026-08-20 18:51:44.925264,2026-08-20 18:31:44.925264,in_scope,73730.39,1M,75000.0,72319.0,long,0.475,Bullish,Direccional,resolved,validation,1.0,2026-08-20 19:33:00,1M,1.0209,dentro,False,,2,D-EQ,True,,1W=0.1667 1D=0.1667 12H=0.1667 4H=0.1667 1H=0.1667 30M=0.1667,0.5,1.0,1.0,1.0,0.0,0.0,0.0,1.0,,1.0,1.0,,,803.0,1656.0,1712.0,1936.0,,2937.0,4264.0,,
BTCUSD,ca68a1ea-4f30-4d82-9a23-abb7de275e03,2026-08-20 18:51:44.925264,2026-08-20 18:31:44.925264,in_scope,73730.39,1M,75000.0,72319.0,long,0.475,Bullish,Direccional,resolved,validation,1.0,2026-08-20 19:33:00,1M,1.0209,dentro,False,,2,2A,True,,1D=0.2 2H=0.2 1H=0.2 30M=0.2 5M=0.2,0.8,2.0,1.0,1.0,,0.0,,,1.0,1.0,1.0,,1.0,,1656.0,,,2265.0,2937.0,4264.0,,17552.0
BTCUSD,ca68a1ea-4f30-4d82-9a23-abb7de275e03,2026-08-20 18:51:44.925264,2026-08-20 18:31:44.925264,in_scope,73730.39,1M,75000.0,72319.0,long,0.475,Bullish,Direccional,resolved,validation,1.0,2026-08-20 19:33:00,1M,1.0209,dentro,False,,2,2B,True,,1D=0.1 2H=0.25 1H=0.25 30M=0.2 5M=0.2,0.8999999999999999,2.0,1.0,1.0,,0.0,,,1.0,1.0,1.0,,1.0,,1656.0,,,2265.0,2937.0,4264.0,,17552.0
BTCUSD,ca68a1ea-4f30-4d82-9a23-abb7de275e03,2026-08-20 18:51:44.925264,2026-08-20 18:31:44.925264,in_scope,73730.39,1M,75000.0,72319.0,long,0.475,Bullish,Direccional,resolved,validation,1.0,2026-08-20 19:33:00,1M,1.0209,dentro,False,,2,2C,True,,1D=0.2 2H=0.2 1H=0.2 30M=0.3 5M=0.1,0.7999999999999999,2.0,1.0,1.0,,0.0,,,1.0,1.0,1.0,,1.0,,1656.0,,,2265.0,2937.0,4264.0,,17552.0
BTCUSD,ca68a1ea-4f30-4d82-9a23-abb7de275e03,2026-08-20 18:51:44.925264,2026-08-20 18:31:44.925264,in_scope,73730.39,1M,75000.0,72319.0,long,0.475,Bullish,Direccional,resolved,validation,1.0,2026-08-20 19:33:00,1M,1.0209,dentro,False,,2,2D,True,,1D=0.15 2H=0.3 1H=0.25 30M=0.2 5M=0.1,0.85,2.0,1.0,1.0,,0.0,,,1.0,1.0,1.0,,1.0,,1656.0,,,2265.0,2937.0,4264.0,,17552.0
BTCUSD,ca68a1ea-4f30-4d82-9a23-abb7de275e03,2026-08-20 18:51:44.925264,2026-08-20 18:31:44.925264,in_scope,73730.39,1M,75000.0,72319.0,long,0.475,Bullish,Direccional,resolved,validation,1.0,2026-08-20 19:33:00,1M,1.0209,dentro,False,,2,2E,True,,1D=0.1 2H=0.25 1H=0.3 30M=0.25 5M=0.1,0.9,2.0,1.0,1.0,,0.0,,,1.0,1.0,1.0,,1.0,,1656.0,,,2265.0,2937.0,4264.0,,17552.0
BTCUSD,ca68a1ea-4f30-4d82-9a23-abb7de275e03,2026-08-20 18:51:44.925264,2026-08-20 18:31:44.925264,in_scope,73730.39,1M,75000.0,72319.0,long,0.475,Bullish,Direccional,resolved,validation,1.0,2026-08-20 19:33:00,1M,1.0209,dentro,False,,2,P2-DISC,True,,,2.0,,1.0,1.0,,,,,,,,,,,,,,,,,,
BTCUSD,ca68a1ea-4f30-4d82-9a23-abb7de275e03,2026-08-20 18:51:44.925264,2026-08-20 18:31:44.925264,in_scope,73730.39,1M,75000.0,72319.0,long,0.475,Bullish,Direccional,resolved,validation,1.0,2026-08-20 19:33:00,1M,1.0209,dentro,False,,2,2F,True,,1D=0.05 2H=0.5 1H=0.2 30M=0 5M=0.25,,,1.0,1.0,,0.0,,,1.0,1.0,1.0,,1.0,,,,,,,,,
BTCUSD,ca68a1ea-4f30-4d82-9a23-abb7de275e03,2026-08-20 18:51:44.925264,2026-08-20 18:31:44.925264,in_scope,73730.39,1M,75000.0,72319.0,long,0.475,Bullish,Direccional,resolved,validation,1.0,2026-08-20 19:33:00,1M,1.0209,dentro,False,,2,2F-LOO,True,,1D=0 2H=0.5 1H=0 30M=0.25 5M=0.25,,,1.0,1.0,,0.0,,,1.0,1.0,1.0,,1.0,,,,,,,,,
BTCUSD,5db86157-60d5-4bc4-8851-8e02bd262aa4,2026-08-24 06:38:19.018560,2026-08-24 06:18:19.018560,in_scope,78097.7,1M,81000.0,76304.0,long,0.35,Bullish,Direccional,resolved,validation,1.0,2026-08-24 20:20:00,1M,14.0281,dentro,False,,1,A,True,,1W=0.3 1D=0.25 12H=0.2 4H=0.15 1H=0.1,0.65,1.0,1.0,1.0,1.0,0.0,1.0,1.0,,0.0,,,,804.0,1659.0,1719.0,1957.0,,3021.0,,,
BTCUSD,5db86157-60d5-4bc4-8851-8e02bd262aa4,2026-08-24 06:38:19.018560,2026-08-24 06:18:19.018560,in_scope,78097.7,1M,81000.0,76304.0,long,0.35,Bullish,Direccional,resolved,validation,1.0,2026-08-24 20:20:00,1M,14.0281,dentro,False,,1,B,True,,1W=0.15 1D=0.2 12H=0.3 4H=0.2 1H=0.15,0.2,0.0,0.0,,0.0,0.0,0.0,1.0,,0.0,,,,804.0,1659.0,1719.0,1957.0,,3021.0,,,
BTCUSD,5db86157-60d5-4bc4-8851-8e02bd262aa4,2026-08-24 06:38:19.018560,2026-08-24 06:18:19.018560,in_scope,78097.7,1M,81000.0,76304.0,long,0.35,Bullish,Direccional,resolved,validation,1.0,2026-08-24 20:20:00,1M,14.0281,dentro,False,,1,C,True,,1W=0.15 1D=0.2 12H=0.3 4H=0.2 1H=0.15,0.2,0.0,0.0,,0.0,0.0,0.0,1.0,,0.0,,,,804.0,1659.0,1719.0,1957.0,,3021.0,,,
BTCUSD,5db86157-60d5-4bc4-8851-8e02bd262aa4,2026-08-24 06:38:19.018560,2026-08-24 06:18:19.018560,in_scope,78097.7,1M,81000.0,76304.0,long,0.35,Bullish,Direccional,resolved,validation,1.0,2026-08-24 20:20:00,1M,14.0281,dentro,False,,1,D,True,,1W=0.08 1D=0.12 12H=0.17 4H=0.22 1H=0.26 30M=0.15,0.22,0.0,0.0,,0.0,0.0,0.0,1.0,,0.0,0.0,,,804.0,1659.0,1719.0,1957.0,,3021.0,4430.0,,
BTCUSD,5db86157-60d5-4bc4-8851-8e02bd262aa4,2026-08-24 06:38:19.018560,2026-08-24 06:18:19.018560,in_scope,78097.7,1M,81000.0,76304.0,long,0.35,Bullish,Direccional,resolved,validation,1.0,2026-08-24 20:20:00,1M,14.0281,dentro,False,,1,E,True,,1W=0.07 1D=0.1 12H=0.14 4H=0.19 1H=0.24 30M=0.16 15M=0.1,0.24,0.0,0.0,,0.0,0.0,0.0,1.0,,0.0,0.0,0.5,,804.0,1659.0,1719.0,1957.0,,3021.0,4430.0,7252.0,
BTCUSD,5db86157-60d5-4bc4-8851-8e02bd262aa4,2026-08-24 06:38:19.018560,2026-08-24 06:18:19.018560,in_scope,78097.7,1M,81000.0,76304.0,long,0.35,Bullish,Direccional,resolved,validation,1.0,2026-08-24 20:20:00,1M,14.0281,dentro,False,,1,F,True,,1W=0.09412 1D=0.1412 12H=0.2 4H=0.2588 1H=0.3059,0.25882352941176473,1.0,1.0,1.0,0.0,0.0,0.0,1.0,,0.0,,,,804.0,1659.0,1719.0,1957.0,,3021.0,,,
BTCUSD,5db86157-60d5-4bc4-8851-8e02bd262aa4,2026-08-24 06:38:19.018560,2026-08-24 06:18:19.018560,in_scope,78097.7,1M,81000.0,76304.0,long,0.35,Bullish,Direccional,resolved,validation,1.0,2026-08-24 20:20:00,1M,14.0281,dentro,False,,1,G,True,,1W=0.1 1D=0.1 12H=0.1 4H=0.1 1H=0.2 30M=0.2 15M=0.2,0.2,0.0,0.0,,0.0,0.0,0.0,1.0,,0.0,0.0,0.5,,804.0,1659.0,1719.0,1957.0,,3021.0,4430.0,7252.0,
BTCUSD,5db86157-60d5-4bc4-8851-8e02bd262aa4,2026-08-24 06:38:19.018560,2026-08-24 06:18:19.018560,in_scope,78097.7,1M,81000.0,76304.0,long,0.35,Bullish,Direccional,resolved,validation,1.0,2026-08-24 20:20:00,1M,14.0281,dentro,False,,1,D-EQ,True,,1W=0.1667 1D=0.1667 12H=0.1667 4H=0.1667 1H=0.1667 30M=0.1667,0.16666666666666666,0.0,0.0,,0.0,0.0,0.0,1.0,,0.0,0.0,,,804.0,1659.0,1719.0,1957.0,,3021.0,4430.0,,
BTCUSD,5db86157-60d5-4bc4-8851-8e02bd262aa4,2026-08-24 06:38:19.018560,2026-08-24 06:18:19.018560,in_scope,78097.7,1M,81000.0,76304.0,long,0.35,Bullish,Direccional,resolved,validation,1.0,2026-08-24 20:20:00,1M,14.0281,dentro,False,,1,2A,True,,1D=0.2 2H=0.2 1H=0.2 30M=0.2 5M=0.2,0.30000000000000004,1.0,1.0,1.0,,0.0,,,0.5,0.0,0.0,,1.0,,1659.0,,,2307.0,3021.0,4430.0,,18545.0
BTCUSD,5db86157-60d5-4bc4-8851-8e02bd262aa4,2026-08-24 06:38:19.018560,2026-08-24 06:18:19.018560,in_scope,78097.7,1M,81000.0,76304.0,long,0.35,Bullish,Direccional,resolved,validation,1.0,2026-08-24 20:20:00,1M,14.0281,dentro,False,,1,2B,True,,1D=0.1 2H=0.25 1H=0.25 30M=0.2 5M=0.2,0.325,1.0,1.0,1.0,,0.0,,,0.5,0.0,0.0,,1.0,,1659.0,,,2307.0,3021.0,4430.0,,18545.0
BTCUSD,5db86157-60d5-4bc4-8851-8e02bd262aa4,2026-08-24 06:38:19.018560,2026-08-24 06:18:19.018560,in_scope,78097.7,1M,81000.0,76304.0,long,0.35,Bullish,Direccional,resolved,validation,1.0,2026-08-24 20:20:00,1M,14.0281,dentro,False,,1,2C,True,,1D=0.2 2H=0.2 1H=0.2 30M=0.3 5M=0.1,0.2,0.0,0.0,,,0.0,,,0.5,0.0,0.0,,1.0,,1659.0,,,2307.0,3021.0,4430.0,,18545.0
BTCUSD,5db86157-60d5-4bc4-8851-8e02bd262aa4,2026-08-24 06:38:19.018560,2026-08-24 06:18:19.018560,in_scope,78097.7,1M,81000.0,76304.0,long,0.35,Bullish,Direccional,resolved,validation,1.0,2026-08-24 20:20:00,1M,14.0281,dentro,False,,1,2D,True,,1D=0.15 2H=0.3 1H=0.25 30M=0.2 5M=0.1,0.25,1.0,1.0,1.0,,0.0,,,0.5,0.0,0.0,,1.0,,1659.0,,,2307.0,3021.0,4430.0,,18545.0
BTCUSD,5db86157-60d5-4bc4-8851-8e02bd262aa4,2026-08-24 06:38:19.018560,2026-08-24 06:18:19.018560,in_scope,78097.7,1M,81000.0,76304.0,long,0.35,Bullish,Direccional,resolved,validation,1.0,2026-08-24 20:20:00,1M,14.0281,dentro,False,,1,2E,True,,1D=0.1 2H=0.25 1H=0.3 30M=0.25 5M=0.1,0.225,0.0,0.0,,,0.0,,,0.5,0.0,0.0,,1.0,,1659.0,,,2307.0,3021.0,4430.0,,18545.0
BTCUSD,5db86157-60d5-4bc4-8851-8e02bd262aa4,2026-08-24 06:38:19.018560,2026-08-24 06:18:19.018560,in_scope,78097.7,1M,81000.0,76304.0,long,0.35,Bullish,Direccional,resolved,validation,1.0,2026-08-24 20:20:00,1M,14.0281,dentro,False,,1,P2-DISC,True,,,1.0,,1.0,1.0,,,,,,,,,,,,,,,,,,
BTCUSD,5db86157-60d5-4bc4-8851-8e02bd262aa4,2026-08-24 06:38:19.018560,2026-08-24 06:18:19.018560,in_scope,78097.7,1M,81000.0,76304.0,long,0.35,Bullish,Direccional,resolved,validation,1.0,2026-08-24 20:20:00,1M,14.0281,dentro,False,,1,2F,True,,1D=0.05 2H=0.5 1H=0.2 30M=0 5M=0.25,,,1.0,1.0,,0.0,,,0.5,0.0,0.0,,1.0,,,,,,,,,
BTCUSD,5db86157-60d5-4bc4-8851-8e02bd262aa4,2026-08-24 06:38:19.018560,2026-08-24 06:18:19.018560,in_scope,78097.7,1M,81000.0,76304.0,long,0.35,Bullish,Direccional,resolved,validation,1.0,2026-08-24 20:20:00,1M,14.0281,dentro,False,,1,2F-LOO,True,,1D=0 2H=0.5 1H=0 30M=0.25 5M=0.25,,,1.0,1.0,,0.0,,,0.5,0.0,0.0,,1.0,,,,,,,,,
BTCUSD,c73353ad-e516-42d5-8412-d2a707d4cbe5,2026-08-25 19:12:38.646820,2026-08-25 18:52:38.646820,in_scope,78638.61,1M,82000.0,76232.0,long,0.175,Choppy / Neutral,Choppy,resolved,invalidation,-1.0,2026-09-02 04:51:00,1M,177.9726,fuera,True,3565cf47-84af-4d52-b500-a2a62f17b18b,0,A,True,,1W=0.3 1D=0.25 12H=0.2 4H=0.15 1H=0.1,0.65,1.0,1.0,0.0,1.0,0.0,1.0,1.0,,0.0,,,,804.0,1661.0,1722.0,1966.0,,3057.0,,,
BTCUSD,c73353ad-e516-42d5-8412-d2a707d4cbe5,2026-08-25 19:12:38.646820,2026-08-25 18:52:38.646820,in_scope,78638.61,1M,82000.0,76232.0,long,0.175,Choppy / Neutral,Choppy,resolved,invalidation,-1.0,2026-09-02 04:51:00,1M,177.9726,fuera,True,3565cf47-84af-4d52-b500-a2a62f17b18b,0,B,True,,1W=0.15 1D=0.2 12H=0.3 4H=0.2 1H=0.15,0.2,0.0,0.0,,0.0,0.0,0.0,1.0,,0.0,,,,804.0,1661.0,1722.0,1966.0,,3057.0,,,
BTCUSD,c73353ad-e516-42d5-8412-d2a707d4cbe5,2026-08-25 19:12:38.646820,2026-08-25 18:52:38.646820,in_scope,78638.61,1M,82000.0,76232.0,long,0.175,Choppy / Neutral,Choppy,resolved,invalidation,-1.0,2026-09-02 04:51:00,1M,177.9726,fuera,True,3565cf47-84af-4d52-b500-a2a62f17b18b,0,C,True,,1W=0.15 1D=0.2 12H=0.3 4H=0.2 1H=0.15,0.2,0.0,0.0,,0.0,0.0,0.0,1.0,,0.0,,,,804.0,1661.0,1722.0,1966.0,,3057.0,,,
BTCUSD,c73353ad-e516-42d5-8412-d2a707d4cbe5,2026-08-25 19:12:38.646820,2026-08-25 18:52:38.646820,in_scope,78638.61,1M,82000.0,76232.0,long,0.175,Choppy / Neutral,Choppy,resolved,invalidation,-1.0,2026-09-02 04:51:00,1M,177.9726,fuera,True,3565cf47-84af-4d52-b500-a2a62f17b18b,0,D,True,,1W=0.08 1D=0.12 12H=0.17 4H=0.22 1H=0.26 30M=0.15,0.22,0.0,0.0,,0.0,0.0,0.0,1.0,,0.0,0.0,,,804.0,1661.0,1722.0,1966.0,,3057.0,4503.0,,
BTCUSD,c73353ad-e516-42d5-8412-d2a707d4cbe5,2026-08-25 19:12:38.646820,2026-08-25 18:52:38.646820,in_scope,78638.61,1M,82000.0,76232.0,long,0.175,Choppy / Neutral,Choppy,resolved,invalidation,-1.0,2026-09-02 04:51:00,1M,177.9726,fuera,True,3565cf47-84af-4d52-b500-a2a62f17b18b,0,E,True,,1W=0.07 1D=0.1 12H=0.14 4H=0.19 1H=0.24 30M=0.16 15M=0.1,0.19,0.0,0.0,,0.0,0.0,0.0,1.0,,0.0,0.0,0.0,,804.0,1661.0,1722.0,1966.0,,3057.0,4503.0,7398.0,
BTCUSD,c73353ad-e516-42d5-8412-d2a707d4cbe5,2026-08-25 19:12:38.646820,2026-08-25 18:52:38.646820,in_scope,78638.61,1M,82000.0,76232.0,long,0.175,Choppy / Neutral,Choppy,resolved,invalidation,-1.0,2026-09-02 04:51:00,1M,177.9726,fuera,True,3565cf47-84af-4d52-b500-a2a62f17b18b,0,F,True,,1W=0.09412 1D=0.1412 12H=0.2 4H=0.2588 1H=0.3059,0.25882352941176473,1.0,1.0,0.0,0.0,0.0,0.0,1.0,,0.0,,,,804.0,1661.0,1722.0,1966.0,,3057.0,,,
BTCUSD,c73353ad-e516-42d5-8412-d2a707d4cbe5,2026-08-25 19:12:38.646820,2026-08-25 18:52:38.646820,in_scope,78638.61,1M,82000.0,76232.0,long,0.175,Choppy / Neutral,Choppy,resolved,invalidation,-1.0,2026-09-02 04:51:00,1M,177.9726,fuera,True,3565cf47-84af-4d52-b500-a2a62f17b18b,0,G,True,,1W=0.1 1D=0.1 12H=0.1 4H=0.1 1H=0.2 30M=0.2 15M=0.2,0.1,0.0,0.0,,0.0,0.0,0.0,1.0,,0.0,0.0,0.0,,804.0,1661.0,1722.0,1966.0,,3057.0,4503.0,7398.0,
BTCUSD,c73353ad-e516-42d5-8412-d2a707d4cbe5,2026-08-25 19:12:38.646820,2026-08-25 18:52:38.646820,in_scope,78638.61,1M,82000.0,76232.0,long,0.175,Choppy / Neutral,Choppy,resolved,invalidation,-1.0,2026-09-02 04:51:00,1M,177.9726,fuera,True,3565cf47-84af-4d52-b500-a2a62f17b18b,0,D-EQ,True,,1W=0.1667 1D=0.1667 12H=0.1667 4H=0.1667 1H=0.1667 30M=0.1667,0.16666666666666666,0.0,0.0,,0.0,0.0,0.0,1.0,,0.0,0.0,,,804.0,1661.0,1722.0,1966.0,,3057.0,4503.0,,
BTCUSD,c73353ad-e516-42d5-8412-d2a707d4cbe5,2026-08-25 19:12:38.646820,2026-08-25 18:52:38.646820,in_scope,78638.61,1M,82000.0,76232.0,long,0.175,Choppy / Neutral,Choppy,resolved,invalidation,-1.0,2026-09-02 04:51:00,1M,177.9726,fuera,True,3565cf47-84af-4d52-b500-a2a62f17b18b,0,2A,True,,1D=0.2 2H=0.2 1H=0.2 30M=0.2 5M=0.2,-0.1,0.0,0.0,,,0.0,,,0.0,0.0,0.0,,-0.5,,1661.0,,,2325.0,3057.0,4503.0,,18984.0
BTCUSD,c73353ad-e516-42d5-8412-d2a707d4cbe5,2026-08-25 19:12:38.646820,2026-08-25 18:52:38.646820,in_scope,78638.61,1M,82000.0,76232.0,long,0.175,Choppy / Neutral,Choppy,resolved,invalidation,-1.0,2026-09-02 04:51:00,1M,177.9726,fuera,True,3565cf47-84af-4d52-b500-a2a62f17b18b,0,2B,True,,1D=0.1 2H=0.25 1H=0.25 30M=0.2 5M=0.2,-0.1,0.0,0.0,,,0.0,,,0.0,0.0,0.0,,-0.5,,1661.0,,,2325.0,3057.0,4503.0,,18984.0
BTCUSD,c73353ad-e516-42d5-8412-d2a707d4cbe5,2026-08-25 19:12:38.646820,2026-08-25 18:52:38.646820,in_scope,78638.61,1M,82000.0,76232.0,long,0.175,Choppy / Neutral,Choppy,resolved,invalidation,-1.0,2026-09-02 04:51:00,1M,177.9726,fuera,True,3565cf47-84af-4d52-b500-a2a62f17b18b,0,2C,True,,1D=0.2 2H=0.2 1H=0.2 30M=0.3 5M=0.1,-0.05,0.0,0.0,,,0.0,,,0.0,0.0,0.0,,-0.5,,1661.0,,,2325.0,3057.0,4503.0,,18984.0
BTCUSD,c73353ad-e516-42d5-8412-d2a707d4cbe5,2026-08-25 19:12:38.646820,2026-08-25 18:52:38.646820,in_scope,78638.61,1M,82000.0,76232.0,long,0.175,Choppy / Neutral,Choppy,resolved,invalidation,-1.0,2026-09-02 04:51:00,1M,177.9726,fuera,True,3565cf47-84af-4d52-b500-a2a62f17b18b,0,2D,True,,1D=0.15 2H=0.3 1H=0.25 30M=0.2 5M=0.1,-0.05,0.0,0.0,,,0.0,,,0.0,0.0,0.0,,-0.5,,1661.0,,,2325.0,3057.0,4503.0,,18984.0
BTCUSD,c73353ad-e516-42d5-8412-d2a707d4cbe5,2026-08-25 19:12:38.646820,2026-08-25 18:52:38.646820,in_scope,78638.61,1M,82000.0,76232.0,long,0.175,Choppy / Neutral,Choppy,resolved,invalidation,-1.0,2026-09-02 04:51:00,1M,177.9726,fuera,True,3565cf47-84af-4d52-b500-a2a62f17b18b,0,2E,True,,1D=0.1 2H=0.25 1H=0.3 30M=0.25 5M=0.1,-0.05,0.0,0.0,,,0.0,,,0.0,0.0,0.0,,-0.5,,1661.0,,,2325.0,3057.0,4503.0,,18984.0
BTCUSD,c73353ad-e516-42d5-8412-d2a707d4cbe5,2026-08-25 19:12:38.646820,2026-08-25 18:52:38.646820,in_scope,78638.61,1M,82000.0,76232.0,long,0.175,Choppy / Neutral,Choppy,resolved,invalidation,-1.0,2026-09-02 04:51:00,1M,177.9726,fuera,True,3565cf47-84af-4d52-b500-a2a62f17b18b,0,P2-DISC,True,,,0.0,,0.0,,,,,,,,,,,,,,,,,,,
BTCUSD,c73353ad-e516-42d5-8412-d2a707d4cbe5,2026-08-25 19:12:38.646820,2026-08-25 18:52:38.646820,in_scope,78638.61,1M,82000.0,76232.0,long,0.175,Choppy / Neutral,Choppy,resolved,invalidation,-1.0,2026-09-02 04:51:00,1M,177.9726,fuera,True,3565cf47-84af-4d52-b500-a2a62f17b18b,0,2F,True,,1D=0.05 2H=0.5 1H=0.2 30M=0 5M=0.25,,,0.0,,,0.0,,,0.0,0.0,0.0,,-0.5,,,,,,,,,
BTCUSD,c73353ad-e516-42d5-8412-d2a707d4cbe5,2026-08-25 19:12:38.646820,2026-08-25 18:52:38.646820,in_scope,78638.61,1M,82000.0,76232.0,long,0.175,Choppy / Neutral,Choppy,resolved,invalidation,-1.0,2026-09-02 04:51:00,1M,177.9726,fuera,True,3565cf47-84af-4d52-b500-a2a62f17b18b,0,2F-LOO,True,,1D=0 2H=0.5 1H=0 30M=0.25 5M=0.25,,,0.0,,,0.0,,,0.0,0.0,0.0,,-0.5,,,,,,,,,
BTCUSD,3565cf47-84af-4d52-b500-a2a62f17b18b,2026-08-26 06:18:08.978935,2026-08-26 05:58:08.978935,in_scope,78505.81,1M,76000.0,80215.0,short,-0.35,Bearish,Direccional,resolved,invalidation,1.0,2026-08-27 03:25:00,1M,21.4475,dentro,False,,-1,A,True,,1W=0.3 1D=0.25 12H=0.2 4H=0.15 1H=0.1,0.65,1.0,1.0,1.0,1.0,0.0,1.0,1.0,,0.0,,,,804.0,1661.0,1723.0,1969.0,,3068.0,,,
BTCUSD,3565cf47-84af-4d52-b500-a2a62f17b18b,2026-08-26 06:18:08.978935,2026-08-26 05:58:08.978935,in_scope,78505.81,1M,76000.0,80215.0,short,-0.35,Bearish,Direccional,resolved,invalidation,1.0,2026-08-27 03:25:00,1M,21.4475,dentro,False,,-1,B,True,,1W=0.15 1D=0.2 12H=0.3 4H=0.2 1H=0.15,0.2,0.0,0.0,,0.0,0.0,0.0,1.0,,0.0,,,,804.0,1661.0,1723.0,1969.0,,3068.0,,,
BTCUSD,3565cf47-84af-4d52-b500-a2a62f17b18b,2026-08-26 06:18:08.978935,2026-08-26 05:58:08.978935,in_scope,78505.81,1M,76000.0,80215.0,short,-0.35,Bearish,Direccional,resolved,invalidation,1.0,2026-08-27 03:25:00,1M,21.4475,dentro,False,,-1,C,True,,1W=0.15 1D=0.2 12H=0.3 4H=0.2 1H=0.15,0.2,0.0,0.0,,0.0,0.0,0.0,1.0,,0.0,,,,804.0,1661.0,1723.0,1969.0,,3068.0,,,
BTCUSD,3565cf47-84af-4d52-b500-a2a62f17b18b,2026-08-26 06:18:08.978935,2026-08-26 05:58:08.978935,in_scope,78505.81,1M,76000.0,80215.0,short,-0.35,Bearish,Direccional,resolved,invalidation,1.0,2026-08-27 03:25:00,1M,21.4475,dentro,False,,-1,D,True,,1W=0.08 1D=0.12 12H=0.17 4H=0.22 1H=0.26 30M=0.15,0.22,0.0,0.0,,0.0,0.0,0.0,1.0,,0.0,0.0,,,804.0,1661.0,1723.0,1969.0,,3068.0,4525.0,,
BTCUSD,3565cf47-84af-4d52-b500-a2a62f17b18b,2026-08-26 06:18:08.978935,2026-08-26 05:58:08.978935,in_scope,78505.81,1M,76000.0,80215.0,short,-0.35,Bearish,Direccional,resolved,invalidation,1.0,2026-08-27 03:25:00,1M,21.4475,dentro,False,,-1,E,True,,1W=0.07 1D=0.1 12H=0.14 4H=0.19 1H=0.24 30M=0.16 15M=0.1,0.19,0.0,0.0,,0.0,0.0,0.0,1.0,,0.0,0.0,0.0,,804.0,1661.0,1723.0,1969.0,,3068.0,4525.0,7442.0,
BTCUSD,3565cf47-84af-4d52-b500-a2a62f17b18b,2026-08-26 06:18:08.978935,2026-08-26 05:58:08.978935,in_scope,78505.81,1M,76000.0,80215.0,short,-0.35,Bearish,Direccional,resolved,invalidation,1.0,2026-08-27 03:25:00,1M,21.4475,dentro,False,,-1,F,True,,1W=0.09412 1D=0.1412 12H=0.2 4H=0.2588 1H=0.3059,0.25882352941176473,1.0,1.0,1.0,0.0,0.0,0.0,1.0,,0.0,,,,804.0,1661.0,1723.0,1969.0,,3068.0,,,
BTCUSD,3565cf47-84af-4d52-b500-a2a62f17b18b,2026-08-26 06:18:08.978935,2026-08-26 05:58:08.978935,in_scope,78505.81,1M,76000.0,80215.0,short,-0.35,Bearish,Direccional,resolved,invalidation,1.0,2026-08-27 03:25:00,1M,21.4475,dentro,False,,-1,G,True,,1W=0.1 1D=0.1 12H=0.1 4H=0.1 1H=0.2 30M=0.2 15M=0.2,0.1,0.0,0.0,,0.0,0.0,0.0,1.0,,0.0,0.0,0.0,,804.0,1661.0,1723.0,1969.0,,3068.0,4525.0,7442.0,
BTCUSD,3565cf47-84af-4d52-b500-a2a62f17b18b,2026-08-26 06:18:08.978935,2026-08-26 05:58:08.978935,in_scope,78505.81,1M,76000.0,80215.0,short,-0.35,Bearish,Direccional,resolved,invalidation,1.0,2026-08-27 03:25:00,1M,21.4475,dentro,False,,-1,D-EQ,True,,1W=0.1667 1D=0.1667 12H=0.1667 4H=0.1667 1H=0.1667 30M=0.1667,0.16666666666666666,0.0,0.0,,0.0,0.0,0.0,1.0,,0.0,0.0,,,804.0,1661.0,1723.0,1969.0,,3068.0,4525.0,,
BTCUSD,3565cf47-84af-4d52-b500-a2a62f17b18b,2026-08-26 06:18:08.978935,2026-08-26 05:58:08.978935,in_scope,78505.81,1M,76000.0,80215.0,short,-0.35,Bearish,Direccional,resolved,invalidation,1.0,2026-08-27 03:25:00,1M,21.4475,dentro,False,,-1,2A,True,,1D=0.2 2H=0.2 1H=0.2 30M=0.2 5M=0.2,0.0,0.0,0.0,,,0.0,,,0.0,0.0,0.0,,-0.0,,1661.0,,,2331.0,3068.0,4525.0,,19117.0
BTCUSD,3565cf47-84af-4d52-b500-a2a62f17b18b,2026-08-26 06:18:08.978935,2026-08-26 05:58:08.978935,in_scope,78505.81,1M,76000.0,80215.0,short,-0.35,Bearish,Direccional,resolved,invalidation,1.0,2026-08-27 03:25:00,1M,21.4475,dentro,False,,-1,2B,True,,1D=0.1 2H=0.25 1H=0.25 30M=0.2 5M=0.2,0.0,0.0,0.0,,,0.0,,,0.0,0.0,0.0,,-0.0,,1661.0,,,2331.0,3068.0,4525.0,,19117.0
BTCUSD,3565cf47-84af-4d52-b500-a2a62f17b18b,2026-08-26 06:18:08.978935,2026-08-26 05:58:08.978935,in_scope,78505.81,1M,76000.0,80215.0,short,-0.35,Bearish,Direccional,resolved,invalidation,1.0,2026-08-27 03:25:00,1M,21.4475,dentro,False,,-1,2C,True,,1D=0.2 2H=0.2 1H=0.2 30M=0.3 5M=0.1,0.0,0.0,0.0,,,0.0,,,0.0,0.0,0.0,,-0.0,,1661.0,,,2331.0,3068.0,4525.0,,19117.0
BTCUSD,3565cf47-84af-4d52-b500-a2a62f17b18b,2026-08-26 06:18:08.978935,2026-08-26 05:58:08.978935,in_scope,78505.81,1M,76000.0,80215.0,short,-0.35,Bearish,Direccional,resolved,invalidation,1.0,2026-08-27 03:25:00,1M,21.4475,dentro,False,,-1,2D,True,,1D=0.15 2H=0.3 1H=0.25 30M=0.2 5M=0.1,0.0,0.0,0.0,,,0.0,,,0.0,0.0,0.0,,-0.0,,1661.0,,,2331.0,3068.0,4525.0,,19117.0
BTCUSD,3565cf47-84af-4d52-b500-a2a62f17b18b,2026-08-26 06:18:08.978935,2026-08-26 05:58:08.978935,in_scope,78505.81,1M,76000.0,80215.0,short,-0.35,Bearish,Direccional,resolved,invalidation,1.0,2026-08-27 03:25:00,1M,21.4475,dentro,False,,-1,2E,True,,1D=0.1 2H=0.25 1H=0.3 30M=0.25 5M=0.1,0.0,0.0,0.0,,,0.0,,,0.0,0.0,0.0,,-0.0,,1661.0,,,2331.0,3068.0,4525.0,,19117.0
BTCUSD,3565cf47-84af-4d52-b500-a2a62f17b18b,2026-08-26 06:18:08.978935,2026-08-26 05:58:08.978935,in_scope,78505.81,1M,76000.0,80215.0,short,-0.35,Bearish,Direccional,resolved,invalidation,1.0,2026-08-27 03:25:00,1M,21.4475,dentro,False,,-1,P2-DISC,True,,,-1.0,,-1.0,0.0,,,,,,,,,,,,,,,,,,
BTCUSD,3565cf47-84af-4d52-b500-a2a62f17b18b,2026-08-26 06:18:08.978935,2026-08-26 05:58:08.978935,in_scope,78505.81,1M,76000.0,80215.0,short,-0.35,Bearish,Direccional,resolved,invalidation,1.0,2026-08-27 03:25:00,1M,21.4475,dentro,False,,-1,2F,True,,1D=0.05 2H=0.5 1H=0.2 30M=0 5M=0.25,,,0.0,,,0.0,,,0.0,0.0,0.0,,-0.0,,,,,,,,,
BTCUSD,3565cf47-84af-4d52-b500-a2a62f17b18b,2026-08-26 06:18:08.978935,2026-08-26 05:58:08.978935,in_scope,78505.81,1M,76000.0,80215.0,short,-0.35,Bearish,Direccional,resolved,invalidation,1.0,2026-08-27 03:25:00,1M,21.4475,dentro,False,,-1,2F-LOO,True,,1D=0 2H=0.5 1H=0 30M=0.25 5M=0.25,,,0.0,,,0.0,,,0.0,0.0,0.0,,-0.0,,,,,,,,,
BTCUSD,d62ab4d1-5734-4ccd-963d-0419f2b86e8e,2026-08-27 06:57:51.969359,2026-08-27 06:37:51.969359,in_scope,79253.33,1M,82000.0,76000.0,long,0.3,Bullish,Direccional,resolved,validation,1.0,2026-09-03 15:31:00,1M,176.8856,fuera,True,ad5f44a6-b0e7-4138-8e18-a06c9f5d06e7,-1,A,True,,1W=0.3 1D=0.25 12H=0.2 4H=0.15 1H=0.1,0.7000000000000001,1.0,1.0,1.0,1.0,0.0,1.0,1.0,,0.5,,,,804.0,1662.0,1725.0,1975.0,,3093.0,,,
BTCUSD,d62ab4d1-5734-4ccd-963d-0419f2b86e8e,2026-08-27 06:57:51.969359,2026-08-27 06:37:51.969359,in_scope,79253.33,1M,82000.0,76000.0,long,0.3,Bullish,Direccional,resolved,validation,1.0,2026-09-03 15:31:00,1M,176.8856,fuera,True,ad5f44a6-b0e7-4138-8e18-a06c9f5d06e7,-1,B,True,,1W=0.15 1D=0.2 12H=0.3 4H=0.2 1H=0.15,0.275,1.0,1.0,1.0,0.0,0.0,0.0,1.0,,0.5,,,,804.0,1662.0,1725.0,1975.0,,3093.0,,,
BTCUSD,d62ab4d1-5734-4ccd-963d-0419f2b86e8e,2026-08-27 06:57:51.969359,2026-08-27 06:37:51.969359,in_scope,79253.33,1M,82000.0,76000.0,long,0.3,Bullish,Direccional,resolved,validation,1.0,2026-09-03 15:31:00,1M,176.8856,fuera,True,ad5f44a6-b0e7-4138-8e18-a06c9f5d06e7,-1,C,True,,1W=0.15 1D=0.2 12H=0.3 4H=0.2 1H=0.15,0.275,1.0,1.0,1.0,0.0,0.0,0.0,1.0,,0.5,,,,804.0,1662.0,1725.0,1975.0,,3093.0,,,
BTCUSD,d62ab4d1-5734-4ccd-963d-0419f2b86e8e,2026-08-27 06:57:51.969359,2026-08-27 06:37:51.969359,in_scope,79253.33,1M,82000.0,76000.0,long,0.3,Bullish,Direccional,resolved,validation,1.0,2026-09-03 15:31:00,1M,176.8856,fuera,True,ad5f44a6-b0e7-4138-8e18-a06c9f5d06e7,-1,D,True,,1W=0.08 1D=0.12 12H=0.17 4H=0.22 1H=0.26 30M=0.15,0.5,1.0,1.0,1.0,0.0,0.0,0.0,1.0,,0.5,1.0,,,804.0,1662.0,1725.0,1975.0,,3093.0,4575.0,,
BTCUSD,d62ab4d1-5734-4ccd-963d-0419f2b86e8e,2026-08-27 06:57:51.969359,2026-08-27 06:37:51.969359,in_scope,79253.33,1M,82000.0,76000.0,long,0.3,Bullish,Direccional,resolved,validation,1.0,2026-09-03 15:31:00,1M,176.8856,fuera,True,ad5f44a6-b0e7-4138-8e18-a06c9f5d06e7,-1,E,True,,1W=0.07 1D=0.1 12H=0.14 4H=0.19 1H=0.24 30M=0.16 15M=0.1,0.52,1.0,1.0,1.0,0.0,0.0,0.0,1.0,,0.5,1.0,0.5,,804.0,1662.0,1725.0,1975.0,,3093.0,4575.0,7541.0,
BTCUSD,d62ab4d1-5734-4ccd-963d-0419f2b86e8e,2026-08-27 06:57:51.969359,2026-08-27 06:37:51.969359,in_scope,79253.33,1M,82000.0,76000.0,long,0.3,Bullish,Direccional,resolved,validation,1.0,2026-09-03 15:31:00,1M,176.8856,fuera,True,ad5f44a6-b0e7-4138-8e18-a06c9f5d06e7,-1,F,True,,1W=0.09412 1D=0.1412 12H=0.2 4H=0.2588 1H=0.3059,0.411764705882353,1.0,1.0,1.0,0.0,0.0,0.0,1.0,,0.5,,,,804.0,1662.0,1725.0,1975.0,,3093.0,,,
BTCUSD,d62ab4d1-5734-4ccd-963d-0419f2b86e8e,2026-08-27 06:57:51.969359,2026-08-27 06:37:51.969359,in_scope,79253.33,1M,82000.0,76000.0,long,0.3,Bullish,Direccional,resolved,validation,1.0,2026-09-03 15:31:00,1M,176.8856,fuera,True,ad5f44a6-b0e7-4138-8e18-a06c9f5d06e7,-1,G,True,,1W=0.1 1D=0.1 12H=0.1 4H=0.1 1H=0.2 30M=0.2 15M=0.2,0.5,1.0,1.0,1.0,0.0,0.0,0.0,1.0,,0.5,1.0,0.5,,804.0,1662.0,1725.0,1975.0,,3093.0,4575.0,7541.0,
BTCUSD,d62ab4d1-5734-4ccd-963d-0419f2b86e8e,2026-08-27 06:57:51.969359,2026-08-27 06:37:51.969359,in_scope,79253.33,1M,82000.0,76000.0,long,0.3,Bullish,Direccional,resolved,validation,1.0,2026-09-03 15:31:00,1M,176.8856,fuera,True,ad5f44a6-b0e7-4138-8e18-a06c9f5d06e7,-1,D-EQ,True,,1W=0.1667 1D=0.1667 12H=0.1667 4H=0.1667 1H=0.1667 30M=0.1667,0.41666666666666663,1.0,1.0,1.0,0.0,0.0,0.0,1.0,,0.5,1.0,,,804.0,1662.0,1725.0,1975.0,,3093.0,4575.0,,
BTCUSD,d62ab4d1-5734-4ccd-963d-0419f2b86e8e,2026-08-27 06:57:51.969359,2026-08-27 06:37:51.969359,in_scope,79253.33,1M,82000.0,76000.0,long,0.3,Bullish,Direccional,resolved,validation,1.0,2026-09-03 15:31:00,1M,176.8856,fuera,True,ad5f44a6-b0e7-4138-8e18-a06c9f5d06e7,-1,2A,True,,1D=0.2 2H=0.2 1H=0.2 30M=0.2 5M=0.2,0.30000000000000004,1.0,1.0,1.0,,0.0,,,0.0,0.5,1.0,,0.0,,1662.0,,,2343.0,3093.0,4575.0,,19413.0
BTCUSD,d62ab4d1-5734-4ccd-963d-0419f2b86e8e,2026-08-27 06:57:51.969359,2026-08-27 06:37:51.969359,in_scope,79253.33,1M,82000.0,76000.0,long,0.3,Bullish,Direccional,resolved,validation,1.0,2026-09-03 15:31:00,1M,176.8856,fuera,True,ad5f44a6-b0e7-4138-8e18-a06c9f5d06e7,-1,2B,True,,1D=0.1 2H=0.25 1H=0.25 30M=0.2 5M=0.2,0.325,1.0,1.0,1.0,,0.0,,,0.0,0.5,1.0,,0.0,,1662.0,,,2343.0,3093.0,4575.0,,19413.0
BTCUSD,d62ab4d1-5734-4ccd-963d-0419f2b86e8e,2026-08-27 06:57:51.969359,2026-08-27 06:37:51.969359,in_scope,79253.33,1M,82000.0,76000.0,long,0.3,Bullish,Direccional,resolved,validation,1.0,2026-09-03 15:31:00,1M,176.8856,fuera,True,ad5f44a6-b0e7-4138-8e18-a06c9f5d06e7,-1,2C,True,,1D=0.2 2H=0.2 1H=0.2 30M=0.3 5M=0.1,0.4,1.0,1.0,1.0,,0.0,,,0.0,0.5,1.0,,0.0,,1662.0,,,2343.0,3093.0,4575.0,,19413.0
BTCUSD,d62ab4d1-5734-4ccd-963d-0419f2b86e8e,2026-08-27 06:57:51.969359,2026-08-27 06:37:51.969359,in_scope,79253.33,1M,82000.0,76000.0,long,0.3,Bullish,Direccional,resolved,validation,1.0,2026-09-03 15:31:00,1M,176.8856,fuera,True,ad5f44a6-b0e7-4138-8e18-a06c9f5d06e7,-1,2D,True,,1D=0.15 2H=0.3 1H=0.25 30M=0.2 5M=0.1,0.325,1.0,1.0,1.0,,0.0,,,0.0,0.5,1.0,,0.0,,1662.0,,,2343.0,3093.0,4575.0,,19413.0
BTCUSD,d62ab4d1-5734-4ccd-963d-0419f2b86e8e,2026-08-27 06:57:51.969359,2026-08-27 06:37:51.969359,in_scope,79253.33,1M,82000.0,76000.0,long,0.3,Bullish,Direccional,resolved,validation,1.0,2026-09-03 15:31:00,1M,176.8856,fuera,True,ad5f44a6-b0e7-4138-8e18-a06c9f5d06e7,-1,2E,True,,1D=0.1 2H=0.25 1H=0.3 30M=0.25 5M=0.1,0.4,1.0,1.0,1.0,,0.0,,,0.0,0.5,1.0,,0.0,,1662.0,,,2343.0,3093.0,4575.0,,19413.0
BTCUSD,d62ab4d1-5734-4ccd-963d-0419f2b86e8e,2026-08-27 06:57:51.969359,2026-08-27 06:37:51.969359,in_scope,79253.33,1M,82000.0,76000.0,long,0.3,Bullish,Direccional,resolved,validation,1.0,2026-09-03 15:31:00,1M,176.8856,fuera,True,ad5f44a6-b0e7-4138-8e18-a06c9f5d06e7,-1,P2-DISC,True,,,-1.0,,-1.0,0.0,,,,,,,,,,,,,,,,,,
BTCUSD,d62ab4d1-5734-4ccd-963d-0419f2b86e8e,2026-08-27 06:57:51.969359,2026-08-27 06:37:51.969359,in_scope,79253.33,1M,82000.0,76000.0,long,0.3,Bullish,Direccional,resolved,validation,1.0,2026-09-03 15:31:00,1M,176.8856,fuera,True,ad5f44a6-b0e7-4138-8e18-a06c9f5d06e7,-1,2F,True,,1D=0.05 2H=0.5 1H=0.2 30M=0 5M=0.25,,,0.0,,,0.0,,,0.0,0.5,1.0,,0.0,,,,,,,,,
BTCUSD,d62ab4d1-5734-4ccd-963d-0419f2b86e8e,2026-08-27 06:57:51.969359,2026-08-27 06:37:51.969359,in_scope,79253.33,1M,82000.0,76000.0,long,0.3,Bullish,Direccional,resolved,validation,1.0,2026-09-03 15:31:00,1M,176.8856,fuera,True,ad5f44a6-b0e7-4138-8e18-a06c9f5d06e7,-1,2F-LOO,True,,1D=0.05 2H=0.5 1H=0.2 30M=0 5M=0.25,,,0.0,,,0.0,,,0.0,0.5,1.0,,0.0,,,,,,,,,
BTCUSD,ad5f44a6-b0e7-4138-8e18-a06c9f5d06e7,2026-08-27 18:36:47.542889,2026-08-27 18:16:47.542889,in_scope,80328.43,1M,82000.0,79000.0,long,0.475,Bullish,Direccional,resolved,invalidation,-1.0,2026-08-28 04:09:00,1M,9.8701,dentro,False,,0,A,True,,1W=0.3 1D=0.25 12H=0.2 4H=0.15 1H=0.1,0.75,2.0,1.0,0.0,1.0,0.0,1.0,1.0,,1.0,,,,804.0,1663.0,1726.0,1978.0,,3105.0,,,
BTCUSD,ad5f44a6-b0e7-4138-8e18-a06c9f5d06e7,2026-08-27 18:36:47.542889,2026-08-27 18:16:47.542889,in_scope,80328.43,1M,82000.0,79000.0,long,0.475,Bullish,Direccional,resolved,invalidation,-1.0,2026-08-28 04:09:00,1M,9.8701,dentro,False,,0,B,True,,1W=0.15 1D=0.2 12H=0.3 4H=0.2 1H=0.15,0.65,1.0,1.0,0.0,0.0,0.0,1.0,1.0,,1.0,,,,804.0,1663.0,1726.0,1978.0,,3105.0,,,
BTCUSD,ad5f44a6-b0e7-4138-8e18-a06c9f5d06e7,2026-08-27 18:36:47.542889,2026-08-27 18:16:47.542889,in_scope,80328.43,1M,82000.0,79000.0,long,0.475,Bullish,Direccional,resolved,invalidation,-1.0,2026-08-28 04:09:00,1M,9.8701,dentro,False,,0,C,True,,1W=0.15 1D=0.2 12H=0.3 4H=0.2 1H=0.15,0.65,1.0,1.0,0.0,0.0,0.0,1.0,1.0,,1.0,,,,804.0,1663.0,1726.0,1978.0,,3105.0,,,
BTCUSD,ad5f44a6-b0e7-4138-8e18-a06c9f5d06e7,2026-08-27 18:36:47.542889,2026-08-27 18:16:47.542889,in_scope,80328.43,1M,82000.0,79000.0,long,0.475,Bullish,Direccional,resolved,invalidation,-1.0,2026-08-28 04:09:00,1M,9.8701,dentro,False,,0,D,True,,1W=0.08 1D=0.12 12H=0.17 4H=0.22 1H=0.26 30M=0.15,0.65,1.0,1.0,0.0,0.0,0.0,1.0,1.0,,1.0,0.0,,,804.0,1663.0,1726.0,1978.0,,3105.0,4598.0,,
BTCUSD,ad5f44a6-b0e7-4138-8e18-a06c9f5d06e7,2026-08-27 18:36:47.542889,2026-08-27 18:16:47.542889,in_scope,80328.43,1M,82000.0,79000.0,long,0.475,Bullish,Direccional,resolved,invalidation,-1.0,2026-08-28 04:09:00,1M,9.8701,dentro,False,,0,E,True,,1W=0.07 1D=0.1 12H=0.14 4H=0.19 1H=0.24 30M=0.16 15M=0.1,0.5700000000000001,1.0,1.0,0.0,0.0,0.0,1.0,1.0,,1.0,0.0,0.0,,804.0,1663.0,1726.0,1978.0,,3105.0,4598.0,7588.0,
BTCUSD,ad5f44a6-b0e7-4138-8e18-a06c9f5d06e7,2026-08-27 18:36:47.542889,2026-08-27 18:16:47.542889,in_scope,80328.43,1M,82000.0,79000.0,long,0.475,Bullish,Direccional,resolved,invalidation,-1.0,2026-08-28 04:09:00,1M,9.8701,dentro,False,,0,F,True,,1W=0.09412 1D=0.1412 12H=0.2 4H=0.2588 1H=0.3059,0.7647058823529412,2.0,1.0,0.0,0.0,0.0,1.0,1.0,,1.0,,,,804.0,1663.0,1726.0,1978.0,,3105.0,,,
BTCUSD,ad5f44a6-b0e7-4138-8e18-a06c9f5d06e7,2026-08-27 18:36:47.542889,2026-08-27 18:16:47.542889,in_scope,80328.43,1M,82000.0,79000.0,long,0.475,Bullish,Direccional,resolved,invalidation,-1.0,2026-08-28 04:09:00,1M,9.8701,dentro,False,,0,G,True,,1W=0.1 1D=0.1 12H=0.1 4H=0.1 1H=0.2 30M=0.2 15M=0.2,0.4,1.0,1.0,0.0,0.0,0.0,1.0,1.0,,1.0,0.0,0.0,,804.0,1663.0,1726.0,1978.0,,3105.0,4598.0,7588.0,
BTCUSD,ad5f44a6-b0e7-4138-8e18-a06c9f5d06e7,2026-08-27 18:36:47.542889,2026-08-27 18:16:47.542889,in_scope,80328.43,1M,82000.0,79000.0,long,0.475,Bullish,Direccional,resolved,invalidation,-1.0,2026-08-28 04:09:00,1M,9.8701,dentro,False,,0,D-EQ,True,,1W=0.1667 1D=0.1667 12H=0.1667 4H=0.1667 1H=0.1667 30M=0.1667,0.5,1.0,1.0,0.0,0.0,0.0,1.0,1.0,,1.0,0.0,,,804.0,1663.0,1726.0,1978.0,,3105.0,4598.0,,
BTCUSD,ad5f44a6-b0e7-4138-8e18-a06c9f5d06e7,2026-08-27 18:36:47.542889,2026-08-27 18:16:47.542889,in_scope,80328.43,1M,82000.0,79000.0,long,0.475,Bullish,Direccional,resolved,invalidation,-1.0,2026-08-28 04:09:00,1M,9.8701,dentro,False,,0,2A,True,,1D=0.2 2H=0.2 1H=0.2 30M=0.2 5M=0.2,0.30000000000000004,1.0,1.0,0.0,,0.0,,,0.5,1.0,0.0,,0.0,,1663.0,,,2349.0,3105.0,4598.0,,19553.0
BTCUSD,ad5f44a6-b0e7-4138-8e18-a06c9f5d06e7,2026-08-27 18:36:47.542889,2026-08-27 18:16:47.542889,in_scope,80328.43,1M,82000.0,79000.0,long,0.475,Bullish,Direccional,resolved,invalidation,-1.0,2026-08-28 04:09:00,1M,9.8701,dentro,False,,0,2B,True,,1D=0.1 2H=0.25 1H=0.25 30M=0.2 5M=0.2,0.375,1.0,1.0,0.0,,0.0,,,0.5,1.0,0.0,,0.0,,1663.0,,,2349.0,3105.0,4598.0,,19553.0
BTCUSD,ad5f44a6-b0e7-4138-8e18-a06c9f5d06e7,2026-08-27 18:36:47.542889,2026-08-27 18:16:47.542889,in_scope,80328.43,1M,82000.0,79000.0,long,0.475,Bullish,Direccional,resolved,invalidation,-1.0,2026-08-28 04:09:00,1M,9.8701,dentro,False,,0,2C,True,,1D=0.2 2H=0.2 1H=0.2 30M=0.3 5M=0.1,0.30000000000000004,1.0,1.0,0.0,,0.0,,,0.5,1.0,0.0,,0.0,,1663.0,,,2349.0,3105.0,4598.0,,19553.0
BTCUSD,ad5f44a6-b0e7-4138-8e18-a06c9f5d06e7,2026-08-27 18:36:47.542889,2026-08-27 18:16:47.542889,in_scope,80328.43,1M,82000.0,79000.0,long,0.475,Bullish,Direccional,resolved,invalidation,-1.0,2026-08-28 04:09:00,1M,9.8701,dentro,False,,0,2D,True,,1D=0.15 2H=0.3 1H=0.25 30M=0.2 5M=0.1,0.4,1.0,1.0,0.0,,0.0,,,0.5,1.0,0.0,,0.0,,1663.0,,,2349.0,3105.0,4598.0,,19553.0
BTCUSD,ad5f44a6-b0e7-4138-8e18-a06c9f5d06e7,2026-08-27 18:36:47.542889,2026-08-27 18:16:47.542889,in_scope,80328.43,1M,82000.0,79000.0,long,0.475,Bullish,Direccional,resolved,invalidation,-1.0,2026-08-28 04:09:00,1M,9.8701,dentro,False,,0,2E,True,,1D=0.1 2H=0.25 1H=0.3 30M=0.25 5M=0.1,0.425,1.0,1.0,0.0,,0.0,,,0.5,1.0,0.0,,0.0,,1663.0,,,2349.0,3105.0,4598.0,,19553.0
BTCUSD,ad5f44a6-b0e7-4138-8e18-a06c9f5d06e7,2026-08-27 18:36:47.542889,2026-08-27 18:16:47.542889,in_scope,80328.43,1M,82000.0,79000.0,long,0.475,Bullish,Direccional,resolved,invalidation,-1.0,2026-08-28 04:09:00,1M,9.8701,dentro,False,,0,P2-DISC,True,,,0.0,,0.0,,,,,,,,,,,,,,,,,,,
BTCUSD,ad5f44a6-b0e7-4138-8e18-a06c9f5d06e7,2026-08-27 18:36:47.542889,2026-08-27 18:16:47.542889,in_scope,80328.43,1M,82000.0,79000.0,long,0.475,Bullish,Direccional,resolved,invalidation,-1.0,2026-08-28 04:09:00,1M,9.8701,dentro,False,,0,2F,True,,1D=0.05 2H=0.5 1H=0.2 30M=0 5M=0.25,,,1.0,0.0,,0.0,,,0.5,1.0,0.0,,0.0,,,,,,,,,
BTCUSD,ad5f44a6-b0e7-4138-8e18-a06c9f5d06e7,2026-08-27 18:36:47.542889,2026-08-27 18:16:47.542889,in_scope,80328.43,1M,82000.0,79000.0,long,0.475,Bullish,Direccional,resolved,invalidation,-1.0,2026-08-28 04:09:00,1M,9.8701,dentro,False,,0,2F-LOO,True,,1D=0 2H=0.5 1H=0 30M=0.25 5M=0.25,,,1.0,0.0,,0.0,,,0.5,1.0,0.0,,0.0,,,,,,,,,
BTCUSD,4eb0c637-fb36-4bc9-867a-05e8e8377677,2026-08-30 16:48:38.365280,2026-08-30 16:28:38.365280,in_scope,78317.8,1M,75728.0,80000.0,short,-0.375,Bearish,Direccional,resolved,invalidation,1.0,2026-09-03 08:48:00,1M,88.3227,fuera,True,c77654ac-7368-4586-b5a5-a90b5f2c8810,0,A,True,,1W=0.3 1D=0.25 12H=0.2 4H=0.15 1H=0.1,0.875,2.0,1.0,1.0,1.0,1.0,1.0,0.5,,0.5,,,,805.0,1666.0,1732.0,1996.0,,3175.0,,,
BTCUSD,4eb0c637-fb36-4bc9-867a-05e8e8377677,2026-08-30 16:48:38.365280,2026-08-30 16:28:38.365280,in_scope,78317.8,1M,75728.0,80000.0,short,-0.375,Bearish,Direccional,resolved,invalidation,1.0,2026-09-03 08:48:00,1M,88.3227,fuera,True,c77654ac-7368-4586-b5a5-a90b5f2c8810,0,B,True,,1W=0.15 1D=0.2 12H=0.3 4H=0.2 1H=0.15,0.47500000000000003,1.0,1.0,1.0,0.0,0.0,1.0,0.5,,0.5,,,,805.0,1666.0,1732.0,1996.0,,3175.0,,,
BTCUSD,4eb0c637-fb36-4bc9-867a-05e8e8377677,2026-08-30 16:48:38.365280,2026-08-30 16:28:38.365280,in_scope,78317.8,1M,75728.0,80000.0,short,-0.375,Bearish,Direccional,resolved,invalidation,1.0,2026-09-03 08:48:00,1M,88.3227,fuera,True,c77654ac-7368-4586-b5a5-a90b5f2c8810,0,C,True,,1W=0.15 1D=0.2 12H=0.3 4H=0.2 1H=0.15,0.47500000000000003,1.0,1.0,1.0,0.0,0.0,1.0,0.5,,0.5,,,,805.0,1666.0,1732.0,1996.0,,3175.0,,,
BTCUSD,4eb0c637-fb36-4bc9-867a-05e8e8377677,2026-08-30 16:48:38.365280,2026-08-30 16:28:38.365280,in_scope,78317.8,1M,75728.0,80000.0,short,-0.375,Bearish,Direccional,resolved,invalidation,1.0,2026-09-03 08:48:00,1M,88.3227,fuera,True,c77654ac-7368-4586-b5a5-a90b5f2c8810,0,D,True,,1W=0.08 1D=0.12 12H=0.17 4H=0.22 1H=0.26 30M=0.15,0.41000000000000003,1.0,1.0,1.0,0.0,0.0,1.0,0.5,,0.5,0.0,,,805.0,1666.0,1732.0,1996.0,,3175.0,4737.0,,
BTCUSD,4eb0c637-fb36-4bc9-867a-05e8e8377677,2026-08-30 16:48:38.365280,2026-08-30 16:28:38.365280,in_scope,78317.8,1M,75728.0,80000.0,short,-0.375,Bearish,Direccional,resolved,invalidation,1.0,2026-09-03 08:48:00,1M,88.3227,fuera,True,c77654ac-7368-4586-b5a5-a90b5f2c8810,0,E,True,,1W=0.07 1D=0.1 12H=0.14 4H=0.19 1H=0.24 30M=0.16 15M=0.1,0.355,1.0,1.0,1.0,0.0,0.0,1.0,0.5,,0.5,0.0,0.0,,805.0,1666.0,1732.0,1996.0,,3175.0,4737.0,7865.0,
BTCUSD,4eb0c637-fb36-4bc9-867a-05e8e8377677,2026-08-30 16:48:38.365280,2026-08-30 16:28:38.365280,in_scope,78317.8,1M,75728.0,80000.0,short,-0.375,Bearish,Direccional,resolved,invalidation,1.0,2026-09-03 08:48:00,1M,88.3227,fuera,True,c77654ac-7368-4586-b5a5-a90b5f2c8810,0,F,True,,1W=0.09412 1D=0.1412 12H=0.2 4H=0.2588 1H=0.3059,0.48235294117647065,1.0,1.0,1.0,0.0,0.0,1.0,0.5,,0.5,,,,805.0,1666.0,1732.0,1996.0,,3175.0,,,
BTCUSD,4eb0c637-fb36-4bc9-867a-05e8e8377677,2026-08-30 16:48:38.365280,2026-08-30 16:28:38.365280,in_scope,78317.8,1M,75728.0,80000.0,short,-0.375,Bearish,Direccional,resolved,invalidation,1.0,2026-09-03 08:48:00,1M,88.3227,fuera,True,c77654ac-7368-4586-b5a5-a90b5f2c8810,0,G,True,,1W=0.1 1D=0.1 12H=0.1 4H=0.1 1H=0.2 30M=0.2 15M=0.2,0.25,1.0,1.0,1.0,0.0,0.0,1.0,0.5,,0.5,0.0,0.0,,805.0,1666.0,1732.0,1996.0,,3175.0,4737.0,7865.0,
BTCUSD,4eb0c637-fb36-4bc9-867a-05e8e8377677,2026-08-30 16:48:38.365280,2026-08-30 16:28:38.365280,in_scope,78317.8,1M,75728.0,80000.0,short,-0.375,Bearish,Direccional,resolved,invalidation,1.0,2026-09-03 08:48:00,1M,88.3227,fuera,True,c77654ac-7368-4586-b5a5-a90b5f2c8810,0,D-EQ,True,,1W=0.1667 1D=0.1667 12H=0.1667 4H=0.1667 1H=0.1667 30M=0.1667,0.3333333333333333,1.0,1.0,1.0,0.0,0.0,1.0,0.5,,0.5,0.0,,,805.0,1666.0,1732.0,1996.0,,3175.0,4737.0,,
BTCUSD,4eb0c637-fb36-4bc9-867a-05e8e8377677,2026-08-30 16:48:38.365280,2026-08-30 16:28:38.365280,in_scope,78317.8,1M,75728.0,80000.0,short,-0.375,Bearish,Direccional,resolved,invalidation,1.0,2026-09-03 08:48:00,1M,88.3227,fuera,True,c77654ac-7368-4586-b5a5-a90b5f2c8810,0,2A,True,,1D=0.2 2H=0.2 1H=0.2 30M=0.2 5M=0.2,0.1,0.0,0.0,,,0.0,,,0.0,0.5,0.0,,0.0,,1666.0,,,2384.0,3175.0,4737.0,,20382.0
BTCUSD,4eb0c637-fb36-4bc9-867a-05e8e8377677,2026-08-30 16:48:38.365280,2026-08-30 16:28:38.365280,in_scope,78317.8,1M,75728.0,80000.0,short,-0.375,Bearish,Direccional,resolved,invalidation,1.0,2026-09-03 08:48:00,1M,88.3227,fuera,True,c77654ac-7368-4586-b5a5-a90b5f2c8810,0,2B,True,,1D=0.1 2H=0.25 1H=0.25 30M=0.2 5M=0.2,0.125,0.0,0.0,,,0.0,,,0.0,0.5,0.0,,0.0,,1666.0,,,2384.0,3175.0,4737.0,,20382.0
BTCUSD,4eb0c637-fb36-4bc9-867a-05e8e8377677,2026-08-30 16:48:38.365280,2026-08-30 16:28:38.365280,in_scope,78317.8,1M,75728.0,80000.0,short,-0.375,Bearish,Direccional,resolved,invalidation,1.0,2026-09-03 08:48:00,1M,88.3227,fuera,True,c77654ac-7368-4586-b5a5-a90b5f2c8810,0,2C,True,,1D=0.2 2H=0.2 1H=0.2 30M=0.3 5M=0.1,0.1,0.0,0.0,,,0.0,,,0.0,0.5,0.0,,0.0,,1666.0,,,2384.0,3175.0,4737.0,,20382.0
BTCUSD,4eb0c637-fb36-4bc9-867a-05e8e8377677,2026-08-30 16:48:38.365280,2026-08-30 16:28:38.365280,in_scope,78317.8,1M,75728.0,80000.0,short,-0.375,Bearish,Direccional,resolved,invalidation,1.0,2026-09-03 08:48:00,1M,88.3227,fuera,True,c77654ac-7368-4586-b5a5-a90b5f2c8810,0,2D,True,,1D=0.15 2H=0.3 1H=0.25 30M=0.2 5M=0.1,0.125,0.0,0.0,,,0.0,,,0.0,0.5,0.0,,0.0,,1666.0,,,2384.0,3175.0,4737.0,,20382.0
BTCUSD,4eb0c637-fb36-4bc9-867a-05e8e8377677,2026-08-30 16:48:38.365280,2026-08-30 16:28:38.365280,in_scope,78317.8,1M,75728.0,80000.0,short,-0.375,Bearish,Direccional,resolved,invalidation,1.0,2026-09-03 08:48:00,1M,88.3227,fuera,True,c77654ac-7368-4586-b5a5-a90b5f2c8810,0,2E,True,,1D=0.1 2H=0.25 1H=0.3 30M=0.25 5M=0.1,0.15,0.0,0.0,,,0.0,,,0.0,0.5,0.0,,0.0,,1666.0,,,2384.0,3175.0,4737.0,,20382.0
BTCUSD,4eb0c637-fb36-4bc9-867a-05e8e8377677,2026-08-30 16:48:38.365280,2026-08-30 16:28:38.365280,in_scope,78317.8,1M,75728.0,80000.0,short,-0.375,Bearish,Direccional,resolved,invalidation,1.0,2026-09-03 08:48:00,1M,88.3227,fuera,True,c77654ac-7368-4586-b5a5-a90b5f2c8810,0,P2-DISC,True,,,0.0,,0.0,,,,,,,,,,,,,,,,,,,
BTCUSD,4eb0c637-fb36-4bc9-867a-05e8e8377677,2026-08-30 16:48:38.365280,2026-08-30 16:28:38.365280,in_scope,78317.8,1M,75728.0,80000.0,short,-0.375,Bearish,Direccional,resolved,invalidation,1.0,2026-09-03 08:48:00,1M,88.3227,fuera,True,c77654ac-7368-4586-b5a5-a90b5f2c8810,0,2F,True,,1D=0.05 2H=0.5 1H=0.2 30M=0 5M=0.25,,,0.0,,,0.0,,,0.0,0.5,0.0,,0.0,,,,,,,,,
BTCUSD,4eb0c637-fb36-4bc9-867a-05e8e8377677,2026-08-30 16:48:38.365280,2026-08-30 16:28:38.365280,in_scope,78317.8,1M,75728.0,80000.0,short,-0.375,Bearish,Direccional,resolved,invalidation,1.0,2026-09-03 08:48:00,1M,88.3227,fuera,True,c77654ac-7368-4586-b5a5-a90b5f2c8810,0,2F-LOO,True,,1D=0 2H=0.5 1H=0 30M=0.25 5M=0.25,,,0.0,,,0.0,,,0.0,0.5,0.0,,0.0,,,,,,,,,
BTCUSD,c77654ac-7368-4586-b5a5-a90b5f2c8810,2026-09-01 18:39:40.138958,2026-09-01 18:19:40.138958,in_scope,77428.37,1M,75000.0,79000.0,short,-0.25,Choppy / Neutral,Choppy,resolved,invalidation,1.0,2026-09-03 08:12:00,1M,37.8722,dentro,False,,0,A,True,,1W=0.3 1D=0.25 12H=0.2 4H=0.15 1H=0.1,0.75,2.0,1.0,1.0,1.0,1.0,1.0,0.0,,0.0,,,,805.0,1668.0,1736.0,2008.0,,3225.0,,,
BTCUSD,c77654ac-7368-4586-b5a5-a90b5f2c8810,2026-09-01 18:39:40.138958,2026-09-01 18:19:40.138958,in_scope,77428.37,1M,75000.0,79000.0,short,-0.25,Choppy / Neutral,Choppy,resolved,invalidation,1.0,2026-09-03 08:12:00,1M,37.8722,dentro,False,,0,B,True,,1W=0.15 1D=0.2 12H=0.3 4H=0.2 1H=0.15,0.3,1.0,1.0,1.0,0.0,0.0,1.0,0.0,,0.0,,,,805.0,1668.0,1736.0,2008.0,,3225.0,,,
BTCUSD,c77654ac-7368-4586-b5a5-a90b5f2c8810,2026-09-01 18:39:40.138958,2026-09-01 18:19:40.138958,in_scope,77428.37,1M,75000.0,79000.0,short,-0.25,Choppy / Neutral,Choppy,resolved,invalidation,1.0,2026-09-03 08:12:00,1M,37.8722,dentro,False,,0,C,True,,1W=0.15 1D=0.2 12H=0.3 4H=0.2 1H=0.15,0.3,1.0,1.0,1.0,0.0,0.0,1.0,0.0,,0.0,,,,805.0,1668.0,1736.0,2008.0,,3225.0,,,
BTCUSD,c77654ac-7368-4586-b5a5-a90b5f2c8810,2026-09-01 18:39:40.138958,2026-09-01 18:19:40.138958,in_scope,77428.37,1M,75000.0,79000.0,short,-0.25,Choppy / Neutral,Choppy,resolved,invalidation,1.0,2026-09-03 08:12:00,1M,37.8722,dentro,False,,0,D,True,,1W=0.08 1D=0.12 12H=0.17 4H=0.22 1H=0.26 30M=0.15,0.020000000000000018,0.0,0.0,,0.0,0.0,1.0,0.0,,0.0,-1.0,,,805.0,1668.0,1736.0,2008.0,,3225.0,4837.0,,
BTCUSD,c77654ac-7368-4586-b5a5-a90b5f2c8810,2026-09-01 18:39:40.138958,2026-09-01 18:19:40.138958,in_scope,77428.37,1M,75000.0,79000.0,short,-0.25,Choppy / Neutral,Choppy,resolved,invalidation,1.0,2026-09-03 08:12:00,1M,37.8722,dentro,False,,0,E,True,,1W=0.07 1D=0.1 12H=0.14 4H=0.19 1H=0.24 30M=0.16 15M=0.1,-0.01999999999999999,0.0,0.0,,0.0,0.0,1.0,0.0,,0.0,-1.0,0.0,,805.0,1668.0,1736.0,2008.0,,3225.0,4837.0,8065.0,
BTCUSD,c77654ac-7368-4586-b5a5-a90b5f2c8810,2026-09-01 18:39:40.138958,2026-09-01 18:19:40.138958,in_scope,77428.37,1M,75000.0,79000.0,short,-0.25,Choppy / Neutral,Choppy,resolved,invalidation,1.0,2026-09-03 08:12:00,1M,37.8722,dentro,False,,0,F,True,,1W=0.09412 1D=0.1412 12H=0.2 4H=0.2588 1H=0.3059,0.2,0.0,0.0,,0.0,0.0,1.0,0.0,,0.0,,,,805.0,1668.0,1736.0,2008.0,,3225.0,,,
BTCUSD,c77654ac-7368-4586-b5a5-a90b5f2c8810,2026-09-01 18:39:40.138958,2026-09-01 18:19:40.138958,in_scope,77428.37,1M,75000.0,79000.0,short,-0.25,Choppy / Neutral,Choppy,resolved,invalidation,1.0,2026-09-03 08:12:00,1M,37.8722,dentro,False,,0,G,True,,1W=0.1 1D=0.1 12H=0.1 4H=0.1 1H=0.2 30M=0.2 15M=0.2,-0.1,0.0,0.0,,0.0,0.0,1.0,0.0,,0.0,-1.0,0.0,,805.0,1668.0,1736.0,2008.0,,3225.0,4837.0,8065.0,
BTCUSD,c77654ac-7368-4586-b5a5-a90b5f2c8810,2026-09-01 18:39:40.138958,2026-09-01 18:19:40.138958,in_scope,77428.37,1M,75000.0,79000.0,short,-0.25,Choppy / Neutral,Choppy,resolved,invalidation,1.0,2026-09-03 08:12:00,1M,37.8722,dentro,False,,0,D-EQ,True,,1W=0.1667 1D=0.1667 12H=0.1667 4H=0.1667 1H=0.1667 30M=0.1667,0.0,0.0,0.0,,0.0,0.0,1.0,0.0,,0.0,-1.0,,,805.0,1668.0,1736.0,2008.0,,3225.0,4837.0,,
BTCUSD,c77654ac-7368-4586-b5a5-a90b5f2c8810,2026-09-01 18:39:40.138958,2026-09-01 18:19:40.138958,in_scope,77428.37,1M,75000.0,79000.0,short,-0.25,Choppy / Neutral,Choppy,resolved,invalidation,1.0,2026-09-03 08:12:00,1M,37.8722,dentro,False,,0,2A,True,,1D=0.2 2H=0.2 1H=0.2 30M=0.2 5M=0.2,-0.2,0.0,0.0,,,0.0,,,0.0,0.0,-1.0,,0.0,,1668.0,,,2409.0,3225.0,4837.0,,20980.0
BTCUSD,c77654ac-7368-4586-b5a5-a90b5f2c8810,2026-09-01 18:39:40.138958,2026-09-01 18:19:40.138958,in_scope,77428.37,1M,75000.0,79000.0,short,-0.25,Choppy / Neutral,Choppy,resolved,invalidation,1.0,2026-09-03 08:12:00,1M,37.8722,dentro,False,,0,2B,True,,1D=0.1 2H=0.25 1H=0.25 30M=0.2 5M=0.2,-0.2,0.0,0.0,,,0.0,,,0.0,0.0,-1.0,,0.0,,1668.0,,,2409.0,3225.0,4837.0,,20980.0
BTCUSD,c77654ac-7368-4586-b5a5-a90b5f2c8810,2026-09-01 18:39:40.138958,2026-09-01 18:19:40.138958,in_scope,77428.37,1M,75000.0,79000.0,short,-0.25,Choppy / Neutral,Choppy,resolved,invalidation,1.0,2026-09-03 08:12:00,1M,37.8722,dentro,False,,0,2C,True,,1D=0.2 2H=0.2 1H=0.2 30M=0.3 5M=0.1,-0.3,-1.0,-1.0,0.0,,0.0,,,0.0,0.0,-1.0,,0.0,,1668.0,,,2409.0,3225.0,4837.0,,20980.0
BTCUSD,c77654ac-7368-4586-b5a5-a90b5f2c8810,2026-09-01 18:39:40.138958,2026-09-01 18:19:40.138958,in_scope,77428.37,1M,75000.0,79000.0,short,-0.25,Choppy / Neutral,Choppy,resolved,invalidation,1.0,2026-09-03 08:12:00,1M,37.8722,dentro,False,,0,2D,True,,1D=0.15 2H=0.3 1H=0.25 30M=0.2 5M=0.1,-0.2,0.0,0.0,,,0.0,,,0.0,0.0,-1.0,,0.0,,1668.0,,,2409.0,3225.0,4837.0,,20980.0
BTCUSD,c77654ac-7368-4586-b5a5-a90b5f2c8810,2026-09-01 18:39:40.138958,2026-09-01 18:19:40.138958,in_scope,77428.37,1M,75000.0,79000.0,short,-0.25,Choppy / Neutral,Choppy,resolved,invalidation,1.0,2026-09-03 08:12:00,1M,37.8722,dentro,False,,0,2E,True,,1D=0.1 2H=0.25 1H=0.3 30M=0.25 5M=0.1,-0.25,-1.0,-1.0,0.0,,0.0,,,0.0,0.0,-1.0,,0.0,,1668.0,,,2409.0,3225.0,4837.0,,20980.0
BTCUSD,c77654ac-7368-4586-b5a5-a90b5f2c8810,2026-09-01 18:39:40.138958,2026-09-01 18:19:40.138958,in_scope,77428.37,1M,75000.0,79000.0,short,-0.25,Choppy / Neutral,Choppy,resolved,invalidation,1.0,2026-09-03 08:12:00,1M,37.8722,dentro,False,,0,P2-DISC,True,,,0.0,,0.0,,,,,,,,,,,,,,,,,,,
BTCUSD,c77654ac-7368-4586-b5a5-a90b5f2c8810,2026-09-01 18:39:40.138958,2026-09-01 18:19:40.138958,in_scope,77428.37,1M,75000.0,79000.0,short,-0.25,Choppy / Neutral,Choppy,resolved,invalidation,1.0,2026-09-03 08:12:00,1M,37.8722,dentro,False,,0,2F,True,,1D=0 2H=0.5 1H=0 30M=0.25 5M=0.25,,,-1.0,0.0,,0.0,,,0.0,0.0,-1.0,,0.0,,,,,,,,,
BTCUSD,c77654ac-7368-4586-b5a5-a90b5f2c8810,2026-09-01 18:39:40.138958,2026-09-01 18:19:40.138958,in_scope,77428.37,1M,75000.0,79000.0,short,-0.25,Choppy / Neutral,Choppy,resolved,invalidation,1.0,2026-09-03 08:12:00,1M,37.8722,dentro,False,,0,2F-LOO,True,,1D=0 2H=0.5 1H=0 30M=0.25 5M=0.25,,,-1.0,0.0,,0.0,,,0.0,0.0,-1.0,,0.0,,,,,,,,,
